gp_code,gp_name,block_name,block_lgd,lgd_block_name,attribute_agrees,block_overlap_frac,assignment_method,area_km2,latitude,longitude,modelled
189004,ACHALI,JAWALI,4559,JAWALI,True,1.0,largest_overlap,0.5717,17.88605,73.68437,True
189005,AGALAVEWADI,JAWALI,4559,JAWALI,True,1.0,largest_overlap,1.3106,17.78725,73.83786,True
189006,AHIRE,JAWALI,4559,JAWALI,True,1.0,largest_overlap,6.3637,17.75071,73.72465,True
189007,AKALPE,JAWALI,4559,JAWALI,True,1.0,largest_overlap,12.0471,17.7314,73.68985,True
189008,AKHADE,JAWALI,4559,JAWALI,True,1.0,largest_overlap,3.6461,17.85523,73.86443,True
189009,AKHEGANI,JAWALI,4559,JAWALI,True,1.0,largest_overlap,2.8737,17.87339,73.80186,True
189010,ALEWADI,JAWALI,4559,JAWALI,True,1.0,largest_overlap,5.128,17.80523,73.85108,True
189011,AMASHI,JAWALI,4559,JAWALI,True,1.0,largest_overlap,3.536,17.81021,73.69466,True
189013,AMBEGHAR T. MEDHA,JAWALI,4559,JAWALI,True,1.0,largest_overlap,5.0781,17.85094,73.78581,True
189012,AMBEGHAR T.KUDAL,JAWALI,4559,JAWALI,True,1.0,largest_overlap,1.2949,17.86011,73.83955,True
189014,ANDHARI KAS,JAWALI,4559,JAWALI,True,1.0,largest_overlap,10.9251,17.72568,73.79372,True
189015,ANEWADI,JAWALI,4559,JAWALI,True,1.0,largest_overlap,2.1631,17.80591,73.97072,True
189016,APATI,JAWALI,4559,JAWALI,True,1.0,largest_overlap,7.7216,17.77921,73.77146,True
189017,ARAW,JAWALI,4559,JAWALI,True,1.0,largest_overlap,6.4947,17.7239,73.62709,True
189018,ARDE,JAWALI,4559,JAWALI,True,1.0,largest_overlap,3.1919,17.8113,73.90995,True
189019,ASANI,JAWALI,4559,JAWALI,True,1.0,largest_overlap,1.7519,17.84236,73.77231,True
189024,BAHULE,JAWALI,4559,JAWALI,True,1.0,largest_overlap,1.1909,17.89543,73.74194,True
189021,BAMANOLI T. KUDAL,JAWALI,4559,JAWALI,True,1.0,largest_overlap,4.2143,17.84211,73.87668,True
189022,BELAVADE,JAWALI,4559,JAWALI,True,1.0,largest_overlap,3.6171,17.79894,73.90566,True
189023,BELOSHI,JAWALI,4559,JAWALI,True,1.0,largest_overlap,1.6458,17.90596,73.80818,True
189025,BHALEGHAR,JAWALI,4559,JAWALI,True,1.0,largest_overlap,1.8233,17.84864,73.84044,True
189026,BHAMGHAR,JAWALI,4559,JAWALI,True,1.0,largest_overlap,1.9761,17.82565,73.78075,True
189027,BHANANG,JAWALI,4559,JAWALI,True,1.0,largest_overlap,4.2487,17.77529,73.87395,True
189029,BHIVADI,JAWALI,4559,JAWALI,True,1.0,largest_overlap,2.9475,17.82858,73.87858,True
189031,BHOGAVALI T. MEDHA,JAWALI,4559,JAWALI,True,1.0,largest_overlap,3.4844,17.82965,73.76424,True
189030,BHOGAVALI T.KUDAL,JAWALI,4559,JAWALI,True,1.0,largest_overlap,1.8869,17.85468,73.83266,True
189032,BHUTEGHAR,JAWALI,4559,JAWALI,True,1.0,largest_overlap,3.5402,17.90752,73.73428,True
189033,BIBHAVI,JAWALI,4559,JAWALI,True,1.0,largest_overlap,3.2552,17.78363,73.84402,True
189034,BONDARWADI,JAWALI,4559,JAWALI,True,1.0,largest_overlap,0.8932,17.90619,73.72026,True
189035,CHORAMBE,JAWALI,4559,JAWALI,True,1.0,largest_overlap,0.8225,17.8165,73.81721,True
189036,DABHE DABHEKAR,JAWALI,4559,JAWALI,True,1.0,largest_overlap,11.2847,17.82474,73.62528,True
189037,DABHE MOHAN,JAWALI,4559,JAWALI,True,1.0,largest_overlap,8.2559,17.83596,73.61097,True
189038,DANGAREGHAR,JAWALI,4559,JAWALI,True,1.0,largest_overlap,2.073,17.86218,73.77336,True
189039,DAPAVADI,JAWALI,4559,JAWALI,True,1.0,largest_overlap,1.3264,17.89743,73.80868,True
189040,DARE - BK.,JAWALI,4559,JAWALI,True,1.0,largest_overlap,4.3649,17.80537,73.86611,True
189041,DARE - KD.,JAWALI,4559,JAWALI,True,1.0,largest_overlap,3.7965,17.78013,73.93218,True
189042,DEVASARE,JAWALI,4559,JAWALI,True,1.0,largest_overlap,4.5697,17.85939,73.71003,True
189043,DHANAKAVADI,JAWALI,4559,JAWALI,True,1.0,largest_overlap,3.4515,17.75146,73.8753,True
189044,DHONDEWADI,JAWALI,4559,JAWALI,True,1.0,largest_overlap,1.1228,17.79587,73.86827,True
189045,DIVDEO,JAWALI,4559,JAWALI,True,1.0,largest_overlap,2.2484,17.83396,73.81806,True
189046,DUDUSKARWADI,JAWALI,4559,JAWALI,True,1.0,largest_overlap,0.3186,17.79058,73.9319,True
189047,DUND,JAWALI,4559,JAWALI,True,1.0,largest_overlap,3.3738,17.74583,73.83261,True
189048,GALDEV,JAWALI,4559,JAWALI,True,1.0,largest_overlap,2.519,17.81511,73.76181,True
189049,GANJE,JAWALI,4559,JAWALI,True,1.0,largest_overlap,8.6394,17.78173,73.79916,True
189050,GAVADHOSHI,JAWALI,4559,JAWALI,True,1.0,largest_overlap,6.8704,17.77366,73.68411,True
189051,GAVADI,JAWALI,4559,JAWALI,True,1.0,largest_overlap,4.0738,17.83532,73.79498,True
189053,GHOTEGHAR,JAWALI,4559,JAWALI,True,1.0,largest_overlap,3.0828,17.88485,73.7784,True
189054,GOGAVE,JAWALI,4559,JAWALI,True,1.0,largest_overlap,3.7551,17.80893,73.73606,True
189055,GONDEMAL,JAWALI,4559,JAWALI,True,1.0,largest_overlap,2.3415,17.8019,73.77404,True
189056,HARCHANDI,JAWALI,4559,JAWALI,True,1.0,largest_overlap,3.6687,17.79853,73.69708,True
189057,HATAGEGHAR,JAWALI,4559,JAWALI,True,1.0,largest_overlap,3.6762,17.85359,73.82277,True
189058,HUMGAON,JAWALI,4559,JAWALI,True,1.0,largest_overlap,3.8939,17.869,73.86516,True
189059,INDAVALI T.KUDAL,JAWALI,4559,JAWALI,True,1.0,largest_overlap,2.9988,17.84295,73.85294,True
189060,JAREWADI,JAWALI,4559,JAWALI,True,1.0,largest_overlap,3.6771,17.88074,73.86092,True
190239,JAVALWADI,JAWALI,4559,JAWALI,True,1.0,largest_overlap,1.6984,17.79553,73.83978,True
189062,KALOSHI,JAWALI,4559,JAWALI,True,1.0,largest_overlap,2.4877,17.76403,73.84032,True
189063,KARAHAR,JAWALI,4559,JAWALI,True,1.0,largest_overlap,0.7765,17.87152,73.83134,True
189064,KARANDI T.KUDAL,JAWALI,4559,JAWALI,True,1.0,largest_overlap,4.7967,17.82562,73.85797,True
189065,KARANDI T.MEDHA,JAWALI,4559,JAWALI,True,1.0,largest_overlap,1.8603,17.75307,73.84251,True
189066,KARANDOSHI,JAWALI,4559,JAWALI,True,1.0,largest_overlap,3.8284,17.81227,73.87863,True
189067,KARANJE,JAWALI,4559,JAWALI,True,1.0,largest_overlap,3.6968,17.81045,73.82489,True
189068,KARGAON,JAWALI,4559,JAWALI,True,1.0,largest_overlap,78.1276,17.64994,73.75716,True
189020,KASBE BAMANOLI,JAWALI,4559,JAWALI,True,1.0,largest_overlap,10.5326,17.73576,73.76458,True
189069,KATAVALI,JAWALI,4559,JAWALI,True,1.0,largest_overlap,2.6684,17.90702,73.79411,True
189070,KAVADI,JAWALI,4559,JAWALI,True,1.0,largest_overlap,1.9474,17.85941,73.80988,True
189071,KEDAMBE,JAWALI,4559,JAWALI,True,1.0,largest_overlap,3.0115,17.88307,73.75785,True
189072,KELGHAR T. MEDHA,JAWALI,4559,JAWALI,True,1.0,largest_overlap,3.2375,17.85072,73.76378,True
189073,KELGHAR T.SOLSHI,JAWALI,4559,JAWALI,True,1.0,largest_overlap,2.1209,17.75958,73.75512,True
189074,KENJAL,JAWALI,4559,JAWALI,True,1.0,largest_overlap,2.0067,17.76486,73.88994,True
189075,KESAKARWADI,JAWALI,4559,JAWALI,True,1.0,largest_overlap,3.3195,17.77172,73.88401,True
189076,KHAMBIL CHORGE,JAWALI,4559,JAWALI,True,1.0,largest_overlap,2.7613,17.81351,73.71709,True
189077,KHAROSHI,JAWALI,4559,JAWALI,True,1.0,largest_overlap,9.5311,17.80322,73.64085,True
189078,KHARSHI BARAMURE,JAWALI,4559,JAWALI,True,1.0,largest_overlap,2.9281,17.88639,73.83381,True
189079,KHARSHI T.KUDAL,JAWALI,4559,JAWALI,True,1.0,largest_overlap,3.5607,17.80435,73.94863,True
189080,KOLEWADI,JAWALI,4559,JAWALI,True,1.0,largest_overlap,2.0369,17.86698,73.88051,True
189081,KOLGHAR,JAWALI,4559,JAWALI,True,1.0,largest_overlap,1.814,17.75014,73.78634,True
189082,KOTROSHI,JAWALI,4559,JAWALI,True,1.0,largest_overlap,9.2366,17.81969,73.67325,True
189083,KUDAL,JAWALI,4559,JAWALI,True,1.0,largest_overlap,13.4004,17.83144,73.91528,True
189084,KUMBHARGANI,JAWALI,4559,JAWALI,True,1.0,largest_overlap,0.8115,17.78481,73.89109,True
189085,KURALOSHI,JAWALI,4559,JAWALI,True,1.0,largest_overlap,4.8702,17.85034,73.74541,True
189086,KUROSHI,JAWALI,4559,JAWALI,True,1.0,largest_overlap,5.0843,17.83511,73.7348,True
189087,KUSUMBI,JAWALI,4559,JAWALI,True,1.0,largest_overlap,10.5142,17.76005,73.80965,True
189088,LAKHWAD,JAWALI,4559,JAWALI,True,1.0,largest_overlap,3.5788,17.82416,73.74191,True
189089,LAMAJ,JAWALI,4559,JAWALI,True,1.0,largest_overlap,9.3859,17.75728,73.65766,True
189090,MAHAMULKARWADI,JAWALI,4559,JAWALI,True,1.0,largest_overlap,3.1948,17.78208,73.9587,True
189091,MAHIGAON,JAWALI,4559,JAWALI,True,1.0,largest_overlap,4.1343,17.7987,73.9265,True
189092,MAHU,JAWALI,4559,JAWALI,True,1.0,largest_overlap,2.0324,17.88535,73.81675,True
189093,MALCHOUNDI,JAWALI,4559,JAWALI,True,1.0,largest_overlap,0.6573,17.75811,73.83199,True
189094,MAMURDI,JAWALI,4559,JAWALI,True,1.0,largest_overlap,2.6272,17.82144,73.81524,True
189095,MARADMURE,JAWALI,4559,JAWALI,True,1.0,largest_overlap,2.1349,17.7936,73.88717,True
189102,MARLI,JAWALI,4559,JAWALI,True,1.0,largest_overlap,2.7613,17.83074,73.82482,True
189103,MHASVE,JAWALI,4559,JAWALI,True,1.0,largest_overlap,6.1506,17.86441,73.90961,True
189097,MHATE - BK.,JAWALI,4559,JAWALI,True,1.0,largest_overlap,1.9745,17.81793,73.78715,True
189098,MHATE - KD.,JAWALI,4559,JAWALI,True,1.0,largest_overlap,3.8237,17.80299,73.79103,True
189099,MOHAT,JAWALI,4559,JAWALI,True,1.0,largest_overlap,4.2953,17.80056,73.80765,True
189152,MORANI,JAWALI,4559,JAWALI,True,1.0,largest_overlap,11.2757,17.72018,73.65154,True
189100,MORAVALE,JAWALI,4559,JAWALI,True,1.0,largest_overlap,2.2049,17.76865,73.90167,True
189101,MORGHAR,JAWALI,4559,JAWALI,True,1.0,largest_overlap,3.7869,17.78451,73.91426,True
189139,MOUJE SHEMBADI,JAWALI,4559,JAWALI,True,1.0,largest_overlap,8.3402,17.70959,73.76338,True
189104,MUKAVALI,JAWALI,4559,JAWALI,True,1.0,largest_overlap,3.699,17.88753,73.73695,True
189105,MUNAVALE,JAWALI,4559,JAWALI,True,1.0,largest_overlap,10.6607,17.69522,73.77352,True
189106,NANDGANE,JAWALI,4559,JAWALI,True,1.0,largest_overlap,1.2676,17.86228,73.75752,True
189107,NARAFDEO,JAWALI,4559,JAWALI,True,1.0,largest_overlap,2.3816,17.76745,73.91971,True
189108,NIPANI,JAWALI,4559,JAWALI,True,1.0,largest_overlap,3.6167,17.78778,73.76534,True
189109,NIVALI,JAWALI,4559,JAWALI,True,1.0,largest_overlap,7.2687,17.74742,73.67198,True
189110,NIZARE,JAWALI,4559,JAWALI,True,1.0,largest_overlap,3.9328,17.75589,73.85596,True
189111,OKHAVADI,JAWALI,4559,JAWALI,True,1.0,largest_overlap,1.792,17.83635,73.76143,True
189112,OZARE,JAWALI,4559,JAWALI,True,1.0,largest_overlap,3.5118,17.77726,73.8619,True
189113,PALI T.ATEGAON,JAWALI,4559,JAWALI,True,1.0,largest_overlap,3.1765,17.77806,73.72122,True
189114,PANAS,JAWALI,4559,JAWALI,True,1.0,largest_overlap,1.7255,17.87166,73.82098,True
189117,PAWARWADI,JAWALI,4559,JAWALI,True,1.0,largest_overlap,2.4587,17.7812,73.94443,True
189118,PIMPALI,JAWALI,4559,JAWALI,True,1.0,largest_overlap,1.7145,17.88729,73.82565,True
189119,PIMPARI T.MEDHA,JAWALI,4559,JAWALI,True,1.0,largest_overlap,11.5113,17.71044,73.72333,True
189120,PIMPRI T. TAMB,JAWALI,4559,JAWALI,True,1.0,largest_overlap,9.4547,17.73196,73.73647,True
237416,PUNAWADI,JAWALI,4559,JAWALI,True,1.0,largest_overlap,1.6021,17.86996,73.76667,True
189122,RAIGAON,JAWALI,4559,JAWALI,True,1.0,largest_overlap,3.4626,17.79277,73.97089,True
189123,RAMEGHAR,JAWALI,4559,JAWALI,True,1.0,largest_overlap,2.2645,17.79308,73.74034,True
189124,RAMWADI,JAWALI,4559,JAWALI,True,1.0,largest_overlap,1.1049,17.88313,73.84122,True
189125,RANAGEGHAR,JAWALI,4559,JAWALI,True,1.0,largest_overlap,3.398,17.82771,73.83901,True
189126,RANJANI,JAWALI,4559,JAWALI,True,1.0,largest_overlap,2.2809,17.88775,73.79643,True
189127,RENGADI,JAWALI,4559,JAWALI,True,1.0,largest_overlap,1.8217,17.87186,73.73539,True
189128,RENOSHI,JAWALI,4559,JAWALI,True,1.0,largest_overlap,6.2162,17.79482,73.66315,True
189129,RITKAWALI,JAWALI,4559,JAWALI,True,1.0,largest_overlap,2.0717,17.78057,73.8533,True
189130,RUIGHAR,JAWALI,4559,JAWALI,True,1.0,largest_overlap,2.7084,17.91636,73.77626,True
189131,RULE,JAWALI,4559,JAWALI,True,1.0,largest_overlap,4.9727,17.78317,73.67206,True
189132,SAIGAON,JAWALI,4559,JAWALI,True,1.0,largest_overlap,1.3327,17.79244,73.9414,True
189133,SALOSHI,JAWALI,4559,JAWALI,True,1.0,largest_overlap,21.4583,17.79008,73.61423,True
189134,SANAPANE,JAWALI,4559,JAWALI,True,1.0,largest_overlap,2.113,17.86192,73.85001,True
189135,SANGVI T. MEDHA,JAWALI,4559,JAWALI,True,1.0,largest_overlap,2.7304,17.76673,73.79219,True
189137,SARATALE,JAWALI,4559,JAWALI,True,1.0,largest_overlap,5.8021,17.85872,73.93045,True
189136,SARJAPUR,JAWALI,4559,JAWALI,True,1.0,largest_overlap,2.113,17.83421,73.93571,True
189138,SAVALI,JAWALI,4559,JAWALI,True,1.0,largest_overlap,2.2923,17.82731,73.80501,True
189140,SHETE,JAWALI,4559,JAWALI,True,1.0,largest_overlap,1.4938,17.84757,73.89409,True
189141,SHINDEWADI,JAWALI,4559,JAWALI,True,1.0,largest_overlap,0.7784,17.91384,73.79096,True
189142,SHINDI,JAWALI,4559,JAWALI,True,1.0,largest_overlap,21.5884,17.70008,73.67694,True
189143,SOMARDI,JAWALI,4559,JAWALI,True,1.0,largest_overlap,3.9184,17.85799,73.88843,True
189144,SONAT,JAWALI,4559,JAWALI,True,1.0,largest_overlap,5.7943,17.83004,73.70838,True
189145,SONGAON,JAWALI,4559,JAWALI,True,1.0,largest_overlap,4.9619,17.81376,73.89303,True
189146,SOUNDARI,JAWALI,4559,JAWALI,True,1.0,largest_overlap,4.6617,17.84756,73.72117,True
189147,TALOSHI,JAWALI,4559,JAWALI,True,1.0,largest_overlap,0.971,17.89019,73.75708,True
189148,TETLI,JAWALI,4559,JAWALI,True,1.0,largest_overlap,5.2753,17.75574,73.77062,True
189149,UCHAT,JAWALI,4559,JAWALI,True,1.0,largest_overlap,11.3313,17.76131,73.62232,True
189150,UMBARI,JAWALI,4559,JAWALI,True,1.0,largest_overlap,3.3354,17.88225,73.77122,True
189151,UMBARIWADI,JAWALI,4559,JAWALI,True,1.0,largest_overlap,6.0608,17.69183,73.79483,True
189163,VAGDARE,JAWALI,4559,JAWALI,True,1.0,largest_overlap,1.9592,17.81099,73.77434,True
245005,VAHAGAON,JAWALI,4559,JAWALI,True,1.0,largest_overlap,3.246,17.8828,73.80078,True
189154,VALANJWADI,JAWALI,4559,JAWALI,True,1.0,largest_overlap,0.7476,17.88942,73.74886,True
189155,VALAWAN,JAWALI,4559,JAWALI,True,1.0,largest_overlap,24.3884,17.73846,73.59166,True
189165,VALUTH,JAWALI,4559,JAWALI,True,1.0,largest_overlap,3.8017,17.88112,73.84877,True
189156,VANAVALI T.SOLASHI,JAWALI,4559,JAWALI,True,1.0,largest_overlap,1.3928,17.76512,73.74048,True
189157,VAROSHI,JAWALI,4559,JAWALI,True,1.0,largest_overlap,2.1518,17.87033,73.75074,True
189159,VELAPUR,JAWALI,4559,JAWALI,True,1.0,largest_overlap,2.9964,17.78774,73.70829,True
189160,VELE,JAWALI,4559,JAWALI,True,1.0,largest_overlap,77.4967,17.57987,73.77012,True
189161,VENGALE,JAWALI,4559,JAWALI,True,1.0,largest_overlap,4.5841,17.79453,73.72262,True
189162,VIVAR T KUDAL,JAWALI,4559,JAWALI,True,1.0,largest_overlap,3.8365,17.85681,73.79923,True
189164,WAKI,JAWALI,4559,JAWALI,True,1.0,largest_overlap,2.9629,17.79127,73.75154,True
189153,WALANE,JAWALI,4559,JAWALI,True,1.0,largest_overlap,11.3769,17.76207,73.7035,True
189166,YEKIV,JAWALI,4559,JAWALI,True,1.0,largest_overlap,6.2193,17.74012,73.81705,True
189167,YERNE BK,JAWALI,4559,JAWALI,True,1.0,largest_overlap,3.3631,17.87193,73.69068,True
189168,AANE,KARAD,4560,KARAD,True,1.0,largest_overlap,4.4093,17.27052,74.07313,True
189170,ABAICHIWADI,KARAD,4560,KARAD,True,1.0,largest_overlap,4.5511,17.31224,74.12256,True
189172,AKAICHIWADI,KARAD,4560,KARAD,True,1.0,largest_overlap,6.8941,17.11245,74.06554,True
189173,AMBAVADE,KARAD,4560,KARAD,True,1.0,largest_overlap,3.9239,17.26583,74.05203,True
189174,ANDHARWADI,KARAD,4560,KARAD,True,1.0,largest_overlap,2.8694,17.40333,74.06879,True
189175,ANTVADI,KARAD,4560,KARAD,True,1.0,largest_overlap,9.5495,17.38554,74.23066,True
189169,AREWADI,KARAD,4560,KARAD,True,1.0,largest_overlap,0.6767,17.29274,74.06906,True
189176,ATAKE,KARAD,4560,KARAD,True,1.0,largest_overlap,10.7066,17.19622,74.20943,True
189177,BABARMACHI S GAD,KARAD,4560,KARAD,True,1.0,largest_overlap,3.844,17.30116,74.24566,True
189178,BAMANWADI,KARAD,4560,KARAD,True,1.0,largest_overlap,2.2158,17.21619,74.03147,True
189179,BANUGADEWADI,KARAD,4560,KARAD,True,1.0,largest_overlap,1.5843,17.47422,74.16985,True
189180,BANVADI,KARAD,4560,KARAD,True,1.0,largest_overlap,1.195,17.32199,74.22949,True
189182,BELAWADE BK,KARAD,4560,KARAD,True,1.0,largest_overlap,4.7125,17.15174,74.16651,True
189181,BELDARE,KARAD,4560,KARAD,True,1.0,largest_overlap,4.4109,17.34539,74.081,True
189183,BELVADE-HAVELI,KARAD,4560,KARAD,True,1.0,largest_overlap,3.8432,17.34989,74.13663,True
189287,BELWADI,KARAD,4560,KARAD,True,1.0,largest_overlap,2.3499,17.45732,74.13929,True
189184,BHAREWADI,KARAD,4560,KARAD,True,1.0,largest_overlap,1.4636,17.12104,73.99117,True
189185,BHAVANWADI,KARAD,4560,KARAD,True,1.0,largest_overlap,3.6821,17.37354,74.09275,True
189186,BHOLEWADI,KARAD,4560,KARAD,True,1.0,largest_overlap,2.803,17.34832,74.06556,True
189187,BHOSALEWADI,KARAD,4560,KARAD,True,1.0,largest_overlap,1.0222,17.41702,74.09437,True
189188,BHURBHUSHI,KARAD,4560,KARAD,True,1.0,largest_overlap,3.4854,17.13588,73.98704,True
189189,BHUYACHIWADI,KARAD,4560,KARAD,True,1.0,largest_overlap,2.4981,17.43383,74.10524,True
189190,CHACHEGAON,KARAD,4560,KARAD,True,1.0,largest_overlap,6.4712,17.25389,74.14501,True
189191,CHAREGAON,KARAD,4560,KARAD,True,1.0,largest_overlap,8.7074,17.37187,74.07086,True
189192,CHIKHALI,KARAD,4560,KARAD,True,1.0,largest_overlap,8.2997,17.4166,74.19049,True
189193,CHINCHANI,KARAD,4560,KARAD,True,1.0,largest_overlap,0.0473,17.45593,74.14552,True
189194,CHORAJWADI,KARAD,4560,KARAD,True,1.0,largest_overlap,4.2034,17.45296,73.99482,True
189195,CHORE,KARAD,4560,KARAD,True,1.0,largest_overlap,7.9907,17.44723,74.03693,True
189196,CHOUGULEMALA,KARAD,4560,KARAD,True,1.0,largest_overlap,2.7377,17.20028,74.13284,True
189197,DELEWADI,KARAD,4560,KARAD,True,1.0,largest_overlap,2.0577,17.28084,74.06511,True
189198,DHANAKWADI,KARAD,4560,KARAD,True,1.0,largest_overlap,1.0021,17.40407,74.11276,True
189199,DHAVARWADI,KARAD,4560,KARAD,True,1.0,largest_overlap,1.7595,17.45657,74.02977,True
189200,DHONDEWADI,KARAD,4560,KARAD,True,1.0,largest_overlap,6.2304,17.21769,74.14195,True
189201,DUSHERE,KARAD,4560,KARAD,True,1.0,largest_overlap,3.4154,17.21659,74.21088,True
189204,GAIKWADWADI,KARAD,4560,KARAD,True,1.0,largest_overlap,5.8538,17.4762,74.21535,True
189202,GAMEWADI,KARAD,4560,KARAD,True,1.0,largest_overlap,6.3329,17.29006,74.05172,True
189203,GANESHWADI,KARAD,4560,KARAD,True,1.0,largest_overlap,2.2015,17.11704,74.01311,True
189205,GHARALWADI,KARAD,4560,KARAD,True,1.0,largest_overlap,2.2024,17.15579,73.98909,True
189206,GHAREWADI,KARAD,4560,KARAD,True,1.0,largest_overlap,5.4537,17.24077,74.0941,True
189207,GHOGAON,KARAD,4560,KARAD,True,1.0,largest_overlap,9.7589,17.14148,74.0494,True
189209,GHONASHI,KARAD,4560,KARAD,True,1.0,largest_overlap,1.55,17.33062,74.16762,True
189210,GODWADI UMBRAJ,KARAD,4560,KARAD,True,1.0,largest_overlap,1.7079,17.41174,74.08079,True
189211,GOLESHWAR,KARAD,4560,KARAD,True,1.0,largest_overlap,6.2525,17.25835,74.2022,True
189212,GONDI,KARAD,4560,KARAD,True,1.0,largest_overlap,3.1953,17.18266,74.23754,True
189214,GOSAVEWADI,KARAD,4560,KARAD,True,1.0,largest_overlap,3.1963,17.46094,74.18573,True
189215,GOTE,KARAD,4560,KARAD,True,1.0,largest_overlap,2.6004,17.29274,74.17008,True
189216,GOTEWADI,KARAD,4560,KARAD,True,1.0,largest_overlap,4.9494,17.12773,74.0016,True
189213,GOWARE,KARAD,4560,KARAD,True,1.0,largest_overlap,5.4415,17.29431,74.2095,True
189217,HAJARMACHI (SADASHIVGAD),KARAD,4560,KARAD,True,1.0,largest_overlap,3.8569,17.31183,74.21399,True
189219,HANAMANTWADI,KARAD,4560,KARAD,True,1.0,largest_overlap,2.3124,17.16265,73.99652,True
189218,HANBARWADI,KARAD,4560,KARAD,True,1.0,largest_overlap,6.3715,17.43121,74.16159,True
189220,HANUMANWADI,KARAD,4560,KARAD,True,1.0,largest_overlap,1.5325,17.38883,74.11783,True
189221,HARPHALWADI,KARAD,4560,KARAD,True,1.0,largest_overlap,8.6884,17.51959,74.03028,True
189222,HAVELWADI,KARAD,4560,KARAD,True,1.0,largest_overlap,1.1256,17.1819,74.0655,True
189223,HELGAON,KARAD,4560,KARAD,True,1.0,largest_overlap,8.7861,17.45494,74.16024,True
189224,HINGNOLE,KARAD,4560,KARAD,True,1.0,largest_overlap,2.431,17.42131,74.07811,True
189225,INDOLI,KARAD,4560,KARAD,True,1.0,largest_overlap,10.5994,17.43988,74.07403,True
189226,JAKHINWADI,KARAD,4560,KARAD,True,1.0,largest_overlap,7.9549,17.23938,74.16075,True
189227,JINTI,KARAD,4560,KARAD,True,1.0,largest_overlap,7.1266,17.11686,74.08875,True
189228,JUJARWADI,KARAD,4560,KARAD,True,1.0,largest_overlap,0.4353,17.1893,74.16909,True
189229,JULEWADI,KARAD,4560,KARAD,True,1.0,largest_overlap,1.2373,17.17274,74.24507,True
189230,KACHAREWADI,KARAD,4560,KARAD,True,1.0,largest_overlap,1.6273,17.44139,74.14955,True
189231,KALANTREWADI,KARAD,4560,KARAD,True,1.0,largest_overlap,1.0668,17.38846,74.0782,True
189235,KALAVADE,KARAD,4560,KARAD,True,1.0,largest_overlap,6.6944,17.16301,74.14786,True
189233,KALETAKE,KARAD,4560,KARAD,True,1.0,largest_overlap,0.9985,17.21573,74.17403,True
189234,KALGAON,KARAD,4560,KARAD,True,1.0,largest_overlap,10.2827,17.46245,74.12937,True
189237,KAMATHI,KARAD,4560,KARAD,True,1.0,largest_overlap,6.3631,17.34862,74.26932,True
189236,KAMBIRWADI,KARAD,4560,KARAD,True,1.0,largest_overlap,1.622,17.40078,74.14644,True
189238,KAPIL,KARAD,4560,KARAD,True,1.0,largest_overlap,4.2597,17.23634,74.1883,True
189240,KARAWADI,KARAD,4560,KARAD,True,1.0,largest_overlap,7.0533,17.33968,74.21851,True
189239,KARVE,KARAD,4560,KARAD,True,1.0,largest_overlap,17.3824,17.25117,74.24145,True
189232,KASABE KALE,KARAD,4560,KARAD,True,1.0,largest_overlap,19.0665,17.19692,74.15631,True
189241,KASARSHIRAMBE,KARAD,4560,KARAD,True,1.0,largest_overlap,8.5248,17.13384,74.12786,True
189280,KAVATHE NAVIN,KARAD,4560,KARAD,True,1.0,largest_overlap,3.2711,17.41668,74.12732,True
189243,KESE,KARAD,4560,KARAD,True,1.0,largest_overlap,3.8891,17.2782,74.13906,True
189244,KHALKARWADI,KARAD,4560,KARAD,True,1.0,largest_overlap,3.4951,17.38144,74.05717,True
189245,KHARADE,KARAD,4560,KARAD,True,1.0,largest_overlap,5.2212,17.43952,74.13134,True
189246,KHODASHI,KARAD,4560,KARAD,True,1.0,largest_overlap,5.3263,17.31661,74.16739,True
189247,KHODJAIWADI,KARAD,4560,KARAD,True,1.0,largest_overlap,3.5174,17.44214,74.2374,True
189248,KHUBI,KARAD,4560,KARAD,True,1.0,largest_overlap,2.3623,17.14773,74.2394,True
189249,KIRAPE,KARAD,4560,KARAD,True,1.0,largest_overlap,2.5009,17.28055,74.10625,True
189250,KIVAL,KARAD,4560,KARAD,True,1.0,largest_overlap,16.5448,17.42942,74.21675,True
189251,KODOLI,KARAD,4560,KARAD,True,1.0,largest_overlap,5.6797,17.22443,74.19771,True
189252,KOLE,KARAD,4560,KARAD,True,1.0,largest_overlap,6.1344,17.24354,74.07018,True
189253,KOLEWADI,KARAD,4560,KARAD,True,1.0,largest_overlap,6.3546,17.23655,74.06392,True
189254,KONEGAON,KARAD,4560,KARAD,True,1.0,largest_overlap,5.3851,17.3852,74.13582,True
244157,KOPARDE-HAVELI,KARAD,4560,KARAD,True,1.0,largest_overlap,5.4743,17.33773,74.18532,True
189256,KOREGAON,KARAD,4560,KARAD,True,1.0,largest_overlap,5.0536,17.26992,74.24014,True
189257,KORIWALE,KARAD,4560,KARAD,True,1.0,largest_overlap,7.0089,17.42732,74.04297,True
189258,KORTI,KARAD,4560,KARAD,True,1.0,largest_overlap,4.886,17.4179,74.10644,True
189259,KOYANA VASAHAT,KARAD,4560,KARAD,True,1.0,largest_overlap,0.3854,17.25608,74.17191,True
189260,KUSUR,KARAD,4560,KARAD,True,1.0,largest_overlap,5.3594,17.23374,74.05216,True
189261,LATAKEWADI,KARAD,4560,KARAD,True,1.0,largest_overlap,3.1837,17.18509,74.05272,True
189263,MAHARUGADEWADI,KARAD,4560,KARAD,True,1.0,largest_overlap,2.6062,17.13562,74.08275,True
189264,MALKHED,KARAD,4560,KARAD,True,1.0,largest_overlap,3.7233,17.16015,74.18324,True
189265,MALWADI,KARAD,4560,KARAD,True,1.0,largest_overlap,1.6632,17.3966,74.18529,True
189266,MANGWADI,KARAD,4560,KARAD,True,1.0,largest_overlap,3.1228,17.39726,74.07678,True
189267,MANU,KARAD,4560,KARAD,True,1.0,largest_overlap,7.0527,17.15277,74.11659,True
189268,MARALI,KARAD,4560,KARAD,True,1.0,largest_overlap,7.6562,17.45747,74.01483,True
189269,MASKARWADI,KARAD,4560,KARAD,True,1.0,largest_overlap,3.1884,17.45361,73.98105,True
189270,MASUR,KARAD,4560,KARAD,True,1.0,largest_overlap,7.3593,17.41123,74.14806,True
189271,MERVEWADI,KARAD,4560,KARAD,True,1.0,largest_overlap,3.2871,17.3646,74.23978,True
189272,MHASOLI,KARAD,4560,KARAD,True,1.0,largest_overlap,6.7203,17.17005,74.04283,True
189273,MHOPRE,KARAD,4560,KARAD,True,1.0,largest_overlap,3.413,17.32769,74.0746,True
189274,MUNAWALE,KARAD,4560,KARAD,True,1.0,largest_overlap,0.603,17.22873,74.16618,True
189275,MUNDHE,KARAD,4560,KARAD,True,1.0,largest_overlap,5.0169,17.29718,74.15404,True
189276,NADASHI,KARAD,4560,KARAD,True,1.0,largest_overlap,3.2033,17.34954,74.15256,True
189278,NANDALAPUR,KARAD,4560,KARAD,True,1.0,largest_overlap,1.9895,17.22997,74.17853,True
189277,NANDGAON,KARAD,4560,KARAD,True,1.0,largest_overlap,9.1425,17.1674,74.12385,True
189279,NARAYANWADI,KARAD,4560,KARAD,True,1.0,largest_overlap,1.2883,17.22745,74.154,True
189281,NIGADI,KARAD,4560,KARAD,True,1.0,largest_overlap,8.4269,17.44678,74.20164,True
189282,OND,KARAD,4560,KARAD,True,1.0,largest_overlap,11.6971,17.19058,74.10288,True
189283,ONDOSHI,KARAD,4560,KARAD,True,1.0,largest_overlap,4.5513,17.20722,74.09209,True
189286,PACHPUTEWADI,KARAD,4560,KARAD,True,1.0,largest_overlap,1.5868,17.20377,74.06067,True
189285,PACHUND,KARAD,4560,KARAD,True,1.0,largest_overlap,3.751,17.37663,74.25078,True
189288,PADALI KESE,KARAD,4560,KARAD,True,1.0,largest_overlap,2.7456,17.29018,74.12953,True
244158,PADLI-HELGAON,KARAD,4560,KARAD,True,1.0,largest_overlap,10.2068,17.48053,74.18561,True
189289,PAL,KARAD,4560,KARAD,True,1.0,largest_overlap,19.0014,17.48619,74.02556,True
189290,PARLE,KARAD,4560,KARAD,True,1.0,largest_overlap,3.9842,17.33126,74.19938,True
189284,PASHCHIMSUPANE,KARAD,4560,KARAD,True,1.0,largest_overlap,2.705,17.2991,74.09962,True
189291,PAWARWADI,KARAD,4560,KARAD,True,1.0,largest_overlap,1.1404,17.19766,74.12446,True
189294,PERLE,KARAD,4560,KARAD,True,1.0,largest_overlap,9.5253,17.45314,74.10328,True
189292,PIMPARI,KARAD,4560,KARAD,True,1.0,largest_overlap,0.4306,17.37257,74.16066,True
189293,POTALE,KARAD,4560,KARAD,True,1.0,largest_overlap,0.9835,17.22245,74.0867,True
189295,RAJMACHI,KARAD,4560,KARAD,True,1.0,largest_overlap,7.3445,17.31339,74.24554,True
189296,RETHARE BK.,KARAD,4560,KARAD,True,1.0,largest_overlap,8.3827,17.15925,74.22801,True
189297,RETHARE KH.,KARAD,4560,KARAD,True,1.0,largest_overlap,5.9846,17.18206,74.20335,True
189298,RISWAD,KARAD,4560,KARAD,True,1.0,largest_overlap,8.7808,17.38565,74.20175,True
189299,SABALEWADI,KARAD,4560,KARAD,True,1.0,largest_overlap,2.984,17.41346,74.05633,True
189300,SAIDAPUR,KARAD,4560,KARAD,True,1.0,largest_overlap,5.8369,17.30662,74.18395,True
189301,SAJUR,KARAD,4560,KARAD,True,1.0,largest_overlap,4.1155,17.30985,74.04999,True
189343,SAKURDI,KARAD,4560,KARAD,True,1.0,largest_overlap,1.6474,17.31008,74.09447,True
189303,SALSHIRAMBE,KARAD,4560,KARAD,True,1.0,largest_overlap,4.3129,17.13074,74.10344,True
293918,SANJAYNAGAR,KARAD,4560,KARAD,True,1.0,largest_overlap,2.7448,17.21238,74.25918,True
189304,SANJAYNAGAR KALE,KARAD,4560,KARAD,True,1.0,largest_overlap,0.4517,17.20332,74.1752,True
189305,SAVADE,KARAD,4560,KARAD,True,1.0,largest_overlap,3.1847,17.17533,74.06631,True
189306,SAYAPUR,KARAD,4560,KARAD,True,1.0,largest_overlap,1.3864,17.29401,74.22712,True
189307,SHAHAPUR,KARAD,4560,KARAD,True,1.0,largest_overlap,8.434,17.36737,74.17909,True
189308,SHAMGAON,KARAD,4560,KARAD,True,1.0,largest_overlap,10.3839,17.41378,74.26315,True
189309,SHELAKEWADI (MHASOLI.),KARAD,4560,KARAD,True,1.0,largest_overlap,1.7484,17.17243,74.02734,True
189310,SHELAKEWADI (YEVATI),KARAD,4560,KARAD,True,1.0,largest_overlap,3.7512,17.15505,74.03022,True
189311,SHENOLI,KARAD,4560,KARAD,True,1.0,largest_overlap,9.9718,17.19632,74.26818,True
189312,SHERE,KARAD,4560,KARAD,True,1.0,largest_overlap,11.2141,17.20567,74.23671,True
189315,SHEVALWADI (MHASOLI),KARAD,4560,KARAD,True,1.0,largest_overlap,2.0929,17.1443,73.99811,True
189314,SHEVALWADI -UNDALE,KARAD,4560,KARAD,True,1.0,largest_overlap,0.833,17.12076,74.03941,True
189313,SHINDEWADI (WING),KARAD,4560,KARAD,True,1.0,largest_overlap,4.1244,17.40057,74.12895,True
189316,SHINGANWADI,KARAD,4560,KARAD,True,1.0,largest_overlap,1.5756,17.24172,74.08044,True
189317,SHIRGAON,KARAD,4560,KARAD,True,1.0,largest_overlap,9.2086,17.47297,74.0665,True
189318,SHIRVADE,KARAD,4560,KARAD,True,1.0,largest_overlap,5.4206,17.37034,74.14856,True
189319,SHITALWADI,KARAD,4560,KARAD,True,1.0,largest_overlap,1.4539,17.36252,74.05128,True
189320,SHIVADE,KARAD,4560,KARAD,True,1.0,largest_overlap,2.8857,17.38983,74.10515,True
189321,SUPANE,KARAD,4560,KARAD,True,1.0,largest_overlap,2.3385,17.29031,74.10398,True
189322,SURLI,KARAD,4560,KARAD,True,1.0,largest_overlap,6.3927,17.32461,74.2626,True
189323,TALBID,KARAD,4560,KARAD,True,1.0,largest_overlap,15.4331,17.34608,74.10836,True
189324,TALGAON,KARAD,4560,KARAD,True,1.0,largest_overlap,6.1321,17.15143,74.07109,True
189325,TAMBAVE,KARAD,4560,KARAD,True,1.0,largest_overlap,4.8517,17.28955,74.07464,True
189326,TARUKH,KARAD,4560,KARAD,True,1.0,largest_overlap,6.3741,17.23669,74.03866,True
189327,TASAVADE,KARAD,4560,KARAD,True,1.0,largest_overlap,2.8322,17.36904,74.13127,True
189328,TEMBHU,KARAD,4560,KARAD,True,1.0,largest_overlap,6.2876,17.28912,74.24483,True
189329,TULSAN,KARAD,4560,KARAD,True,1.0,largest_overlap,8.5847,17.20191,74.07672,True
189331,UMBRAJ,KARAD,4560,KARAD,True,1.0,largest_overlap,5.8085,17.40136,74.09337,True
189332,UNDALE,KARAD,4560,KARAD,True,1.0,largest_overlap,5.2425,17.16411,74.08946,True
189255,UTTAR KOPARDE,KARAD,4560,KARAD,True,1.0,largest_overlap,1.6691,17.34748,74.16288,True
189330,UTTAR TAMBAVE,KARAD,4560,KARAD,True,1.0,largest_overlap,2.14,17.3081,74.06964,True
189335,VADOLI NILESHWAR,KARAD,4560,KARAD,True,1.0,largest_overlap,9.1093,17.3554,74.20397,True
189337,VANARWADI,KARAD,4560,KARAD,True,1.0,largest_overlap,5.1102,17.19662,74.03755,True
189338,VANAVASMACHI (S.GAD),KARAD,4560,KARAD,True,1.0,largest_overlap,5.1642,17.31689,74.14149,True
189340,VARADE,KARAD,4560,KARAD,True,1.0,largest_overlap,4.2985,17.37303,74.11101,True
189342,VASANTGAD,KARAD,4560,KARAD,True,1.0,largest_overlap,3.1074,17.31989,74.11067,True
189302,VASTI SAKURDI,KARAD,4560,KARAD,True,1.0,largest_overlap,4.2105,17.32203,74.09438,True
189344,VIJAYNAGAR,KARAD,4560,KARAD,True,1.0,largest_overlap,1.4627,17.30277,74.13719,True
189345,VIRVADE,KARAD,4560,KARAD,True,1.0,largest_overlap,2.5361,17.32132,74.21361,True
189333,WADGAON HAVELI,KARAD,4560,KARAD,True,1.0,largest_overlap,14.258,17.23605,74.25064,True
189347,WADGAON-UMBRAJ,KARAD,4560,KARAD,True,1.0,largest_overlap,6.6729,17.46149,74.05597,True
189336,WAGHERI,KARAD,4560,KARAD,True,1.0,largest_overlap,6.7837,17.34614,74.24028,True
189348,WAGHESHWAR,KARAD,4560,KARAD,True,1.0,largest_overlap,0.1527,17.4092,74.14679,True
189349,WAHAGAON,KARAD,4560,KARAD,True,1.0,largest_overlap,6.0359,17.33252,74.14312,True
189350,WANYACHIWADI,KARAD,4560,KARAD,True,1.0,largest_overlap,2.6328,17.41877,74.15297,True
189341,WARUNJI,KARAD,4560,KARAD,True,1.0,largest_overlap,5.4462,17.27656,74.16026,True
189351,WATHAR,KARAD,4560,KARAD,True,1.0,largest_overlap,6.1562,17.18239,74.18261,True
189352,WING,KARAD,4560,KARAD,True,1.0,largest_overlap,10.3882,17.23664,74.12724,True
189353,YADAVWADI,KARAD,4560,KARAD,True,1.0,largest_overlap,5.4793,17.38909,74.16093,True
189355,YELGAON,KARAD,4560,KARAD,True,1.0,largest_overlap,3.9469,17.13607,74.02258,True
189357,YENAKE,KARAD,4560,KARAD,True,1.0,largest_overlap,3.5555,17.27392,74.09292,True
189356,YENAPE,KARAD,4560,KARAD,True,1.0,largest_overlap,12.7503,17.11704,74.02771,True
189358,YERAVALE,KARAD,4560,KARAD,True,1.0,largest_overlap,5.5185,17.26585,74.11819,True
189359,YEVATI,KARAD,4560,KARAD,True,1.0,largest_overlap,6.8885,17.1595,74.01314,True
189360,AHIRE,KHANDALA,4561,KHANDALA,True,1.0,largest_overlap,11.3685,18.05477,74.08138,True
189361,AJNUJ,KHANDALA,4561,KHANDALA,True,1.0,largest_overlap,7.8078,18.05424,73.9918,True
189362,AMBARWADI,KHANDALA,4561,KHANDALA,True,1.0,largest_overlap,6.4399,18.03752,73.98645,True
189363,ANDORI,KHANDALA,4561,KHANDALA,True,1.0,largest_overlap,12.1043,18.09621,74.14607,True
189364,ASAWALI,KHANDALA,4561,KHANDALA,True,1.0,largest_overlap,18.1024,18.04825,73.95217,True
189365,ATIT,KHANDALA,4561,KHANDALA,True,1.0,largest_overlap,12.0461,18.10641,73.90347,True
189366,BALU PATALACHIWADI,KHANDALA,4561,KHANDALA,True,1.0,largest_overlap,2.4107,18.07237,74.20028,True
189367,BAVADA,KHANDALA,4561,KHANDALA,True,1.0,largest_overlap,9.5563,18.07817,74.02326,True
189368,BAVAKALWADI,KHANDALA,4561,KHANDALA,True,1.0,largest_overlap,4.7932,18.09133,74.16939,True
189370,BHADAVADE,KHANDALA,4561,KHANDALA,True,1.0,largest_overlap,3.745,18.09692,74.04244,True
189369,BHADE,KHANDALA,4561,KHANDALA,True,1.0,largest_overlap,16.1588,18.09584,74.08905,True
189371,BHATGHAR,KHANDALA,4561,KHANDALA,True,1.0,largest_overlap,2.2823,18.17027,73.85617,True
189372,BHOLI,KHANDALA,4561,KHANDALA,True,1.0,largest_overlap,14.5036,18.11873,74.02126,True
189373,BORI,KHANDALA,4561,KHANDALA,True,1.0,largest_overlap,13.3182,18.00485,74.09673,True
189374,DHANAGARWADI,KHANDALA,4561,KHANDALA,True,1.0,largest_overlap,6.0232,18.11791,73.99447,True
189375,DHAVADWADI,KHANDALA,4561,KHANDALA,True,1.0,largest_overlap,1.9839,18.03299,74.06243,True
189376,GHADAGEWADI,KHANDALA,4561,KHANDALA,True,1.0,largest_overlap,2.9766,18.06241,73.8826,True
189377,GHATDARE,KHANDALA,4561,KHANDALA,True,1.0,largest_overlap,6.8109,18.02261,74.07555,True
189378,GUTHALWADI,KHANDALA,4561,KHANDALA,True,1.0,largest_overlap,6.8692,18.14154,73.91996,True
189379,HARALI,KHANDALA,4561,KHANDALA,True,1.0,largest_overlap,6.2452,18.02026,74.04401,True
189380,JAVALE,KHANDALA,4561,KHANDALA,True,1.0,largest_overlap,7.4208,18.08263,73.92034,True
189381,KANHAVADI,KHANDALA,4561,KHANDALA,True,1.0,largest_overlap,4.1443,18.10747,73.87626,True
189382,KANHERI,KHANDALA,4561,KHANDALA,True,1.0,largest_overlap,12.6715,18.04994,73.92069,True
189383,KARADWADI,KHANDALA,4561,KHANDALA,True,1.0,largest_overlap,5.0354,18.08177,74.13308,True
189384,KARNVADI,KHANDALA,4561,KHANDALA,True,1.0,largest_overlap,8.1116,18.07573,73.89314,True
189385,KAVATHE,KHANDALA,4561,KHANDALA,True,1.0,largest_overlap,7.887,18.08256,73.94924,True
189386,KESURDI,KHANDALA,4561,KHANDALA,True,1.0,largest_overlap,12.3,18.08512,73.98385,True
189388,KHED - BK.,KHANDALA,4561,KHANDALA,True,1.0,largest_overlap,23.7235,18.03454,74.1383,True
189389,KOPARDE,KHANDALA,4561,KHANDALA,True,1.0,largest_overlap,16.5889,17.9723,74.15009,True
189390,LIMBACHIWADI,KHANDALA,4561,KHANDALA,True,1.0,largest_overlap,2.7299,18.04479,73.89616,True
189391,LOHOM,KHANDALA,4561,KHANDALA,True,1.0,largest_overlap,3.9094,18.06398,73.90747,True
189393,LONI,KHANDALA,4561,KHANDALA,True,1.0,largest_overlap,3.1453,18.12014,74.04749,True
189394,MARIAICHIWADI,KHANDALA,4561,KHANDALA,True,1.0,largest_overlap,5.6904,18.07494,74.17497,True
189395,MHAVASHI,KHANDALA,4561,KHANDALA,True,1.0,largest_overlap,6.1918,18.0535,74.04837,True
189396,MIRAJE,KHANDALA,4561,KHANDALA,True,1.0,largest_overlap,9.7843,18.12109,73.9181,True
189397,MORVE,KHANDALA,4561,KHANDALA,True,1.0,largest_overlap,10.954,18.07401,74.08472,True
189398,NAIGAON,KHANDALA,4561,KHANDALA,True,1.0,largest_overlap,7.1309,18.10006,73.96825,True
189399,NIMBODI,KHANDALA,4561,KHANDALA,True,1.0,largest_overlap,10.2391,18.00557,74.14561,True
189400,PADALI,KHANDALA,4561,KHANDALA,True,1.0,largest_overlap,19.0821,17.98363,74.11213,True
189401,PADEGAON,KHANDALA,4561,KHANDALA,True,1.0,largest_overlap,3.3504,18.08203,74.20519,True
189402,PALASHI,KHANDALA,4561,KHANDALA,True,1.0,largest_overlap,9.2328,18.12313,73.95178,True
189403,PARGAON,KHANDALA,4561,KHANDALA,True,1.0,largest_overlap,7.9531,18.05849,74.00961,True
189404,PIMPARE - BK.,KHANDALA,4561,KHANDALA,True,1.0,largest_overlap,7.912,18.09605,74.19409,True
189405,PISALWADI,KHANDALA,4561,KHANDALA,True,1.0,largest_overlap,4.8956,18.14369,74.00399,True
189406,RAJEWADI,KHANDALA,4561,KHANDALA,True,1.0,largest_overlap,8.7054,18.15938,73.8923,True
189407,SANGAVI,KHANDALA,4561,KHANDALA,True,1.0,largest_overlap,3.7054,18.12123,73.97367,True
189409,SHEDAGEWADI,KHANDALA,4561,KHANDALA,True,1.0,largest_overlap,5.4369,18.10007,74.12049,True
189408,SHEKHMIRWADI,KHANDALA,4561,KHANDALA,True,1.0,largest_overlap,3.1446,18.10327,74.03019,True
189410,SHINDEWADI,KHANDALA,4561,KHANDALA,True,1.0,largest_overlap,4.7539,18.16489,73.95187,True
189411,SHIRWAL,KHANDALA,4561,KHANDALA,True,1.0,largest_overlap,15.5339,18.13977,73.96837,True
189412,SHIVAJINAGAR,KHANDALA,4561,KHANDALA,True,1.0,largest_overlap,10.6378,18.09438,74.05822,True
189413,SUKHED,KHANDALA,4561,KHANDALA,True,1.0,largest_overlap,9.3128,18.03453,74.10228,True
189414,TONDAL,KHANDALA,4561,KHANDALA,True,1.0,largest_overlap,7.682,18.12375,74.06362,True
189415,WADGAON,KHANDALA,4561,KHANDALA,True,1.0,largest_overlap,3.4404,18.10067,73.94018,True
189416,WAGHOSHI,KHANDALA,4561,KHANDALA,True,1.0,largest_overlap,7.9423,18.07078,74.12455,True
189417,WANECHIWADI,KHANDALA,4561,KHANDALA,True,1.0,largest_overlap,3.3436,18.02776,74.00033,True
189418,WATHAR - BK.,KHANDALA,4561,KHANDALA,True,1.0,largest_overlap,6.9263,18.12066,74.11693,True
189419,WING,KHANDALA,4561,KHANDALA,True,1.0,largest_overlap,7.4239,18.15942,73.92329,True
189420,ZAGALWADI,KHANDALA,4561,KHANDALA,True,1.0,largest_overlap,2.0,18.05334,73.89338,True
189421,AMBAVADE,KHATAV,4562,KHATAV,True,1.0,largest_overlap,14.8145,17.51021,74.47855,True
189422,AMBHERI,KHATAV,4562,KHATAV,True,1.0,largest_overlap,11.8767,17.60036,74.29143,True
189423,ANPATWADI,KHATAV,4562,KHATAV,True,1.0,largest_overlap,1.3056,17.80421,74.27157,True
189424,ANPHALE,KHATAV,4562,KHATAV,True,1.0,largest_overlap,8.7135,17.47916,74.57118,True
189425,AUNDH,KHATAV,4562,KHATAV,True,1.0,largest_overlap,25.8207,17.53737,74.33825,True
189426,BANPURI,KHATAV,4562,KHATAV,True,1.0,largest_overlap,6.902,17.52749,74.50939,True
189427,BHANDEWADI,KHATAV,4562,KHATAV,True,1.0,largest_overlap,8.9915,17.65902,74.33725,True
189428,BHOSARE,KHATAV,4562,KHATAV,True,1.0,largest_overlap,11.5647,17.60609,74.33477,True
189429,BHURAKAVADI,KHATAV,4562,KHATAV,True,1.0,largest_overlap,5.3818,17.62351,74.41127,True
189430,BHUSHANGAD,KHATAV,4562,KHATAV,True,1.0,largest_overlap,17.8405,17.4725,74.40549,True
189431,BOMBALE,KHATAV,4562,KHATAV,True,1.0,largest_overlap,13.2188,17.60638,74.52999,True
189432,BUDH,KHATAV,4562,KHATAV,True,1.0,largest_overlap,15.7415,17.76658,74.33609,True
189433,CHINCHANI,KHATAV,4562,KHATAV,True,1.0,largest_overlap,8.8662,17.82031,74.24997,True
189434,CHITALI,KHATAV,4562,KHATAV,True,1.0,largest_overlap,31.3325,17.41174,74.49297,True
189435,CHORADE,KHATAV,4562,KHATAV,True,1.0,largest_overlap,15.2015,17.42681,74.38301,True
189436,DALMODI,KHATAV,4562,KHATAV,True,1.0,largest_overlap,6.5781,17.59368,74.50152,True
189437,DAMBHEWADI,KHATAV,4562,KHATAV,True,1.0,largest_overlap,10.0415,17.60091,74.55783,True
189438,DARAJAI,KHATAV,4562,KHATAV,True,1.0,largest_overlap,4.8162,17.67695,74.41059,True
189439,DARUJ,KHATAV,4562,KHATAV,True,1.0,largest_overlap,13.6538,17.65336,74.41371,True
189440,DATEWADI,KHATAV,4562,KHATAV,True,1.0,largest_overlap,8.5259,17.51296,74.55687,True
189441,DHAKATWADI,KHATAV,4562,KHATAV,True,1.0,largest_overlap,3.9231,17.61377,74.37333,True
189442,DHARPUDI,KHATAV,4562,KHATAV,True,1.0,largest_overlap,5.8857,17.6846,74.38657,True
189443,DHOKALWADI,KHATAV,4562,KHATAV,True,1.0,largest_overlap,7.5161,17.4808,74.60554,True
189444,DHONDEWADI,KHATAV,4562,KHATAV,True,1.0,largest_overlap,14.6391,17.48563,74.5373,True
189445,DISKAL,KHATAV,4562,KHATAV,True,1.0,largest_overlap,25.9072,17.82361,74.30968,True
189446,ENKUL,KHATAV,4562,KHATAV,True,1.0,largest_overlap,17.8302,17.56354,74.59107,True
189447,GADEWADI,KHATAV,4562,KHATAV,True,1.0,largest_overlap,1.1519,17.6309,74.32366,True
189448,GANESHWADI,KHATAV,4562,KHATAV,True,1.0,largest_overlap,10.9822,17.57124,74.47529,True
189449,GARALEWADI,KHATAV,4562,KHATAV,True,1.0,largest_overlap,6.4676,17.40542,74.67725,True
189451,GARUDI,KHATAV,4562,KHATAV,True,1.0,largest_overlap,6.6042,17.4774,74.68416,True
189452,GIRIJASHANKARWADI,KHATAV,4562,KHATAV,True,1.0,largest_overlap,9.6012,17.44802,74.22433,True
189453,GOPUJ,KHATAV,4562,KHATAV,True,1.0,largest_overlap,10.5327,17.53388,74.3904,True
189454,GOREGAON (NIM),KHATAV,4562,KHATAV,True,1.0,largest_overlap,8.1841,17.4375,74.32597,True
237415,GOREGAON-WANGI,KHATAV,4562,KHATAV,True,1.0,largest_overlap,5.246,17.4885,74.49648,True
189455,GOSAVYACHIWADI,KHATAV,4562,KHATAV,True,1.0,largest_overlap,4.146,17.54967,74.37171,True
189456,GUNDEWADI,KHATAV,4562,KHATAV,True,1.0,largest_overlap,4.3455,17.43899,74.50229,True
189457,GURSALE,KHATAV,4562,KHATAV,True,1.0,largest_overlap,27.1641,17.52083,74.43905,True
189458,HINGANE,KHATAV,4562,KHATAV,True,1.0,largest_overlap,8.8232,17.61231,74.49868,True
189459,HIWARWADI,KHATAV,4562,KHATAV,True,1.0,largest_overlap,5.3414,17.50335,74.61703,True
189460,HOLICHAGAON,KHATAV,4562,KHATAV,True,1.0,largest_overlap,4.3027,17.47109,74.43395,True
189463,JAIGAON,KHATAV,4562,KHATAV,True,1.0,largest_overlap,12.0192,17.57237,74.3175,True
189461,JAKHANGAON,KHATAV,4562,KHATAV,True,1.0,largest_overlap,12.2217,17.63976,74.31371,True
189462,JAMB,KHATAV,4562,KHATAV,True,1.0,largest_overlap,13.4798,17.63851,74.2801,True
189464,KALAMBI,KHATAV,4562,KHATAV,True,1.0,largest_overlap,12.1286,17.49355,74.31249,True
189465,KALEDHON,KHATAV,4562,KHATAV,True,1.0,largest_overlap,40.2448,17.42914,74.65366,True
189466,KALEWADI,KHATAV,4562,KHATAV,True,1.0,largest_overlap,2.7362,17.80712,74.25778,True
189468,KANHARWADI,KHATAV,4562,KHATAV,True,1.0,largest_overlap,8.0376,17.52659,74.60846,True
189469,KANKATRE,KHATAV,4562,KHATAV,True,1.0,largest_overlap,6.8698,17.46637,74.58803,True
189471,KATALAGEWADI,KHATAV,4562,KHATAV,True,1.0,largest_overlap,6.9285,17.73253,74.39172,True
189474,KATGUN,KHATAV,4562,KHATAV,True,1.0,largest_overlap,20.6579,17.69206,74.35078,True
189475,KHABALWADI,KHATAV,4562,KHATAV,True,1.0,largest_overlap,6.5048,17.53436,74.30011,True
189476,KHARSHINGE,KHATAV,4562,KHATAV,True,1.0,largest_overlap,7.8331,17.51974,74.36221,True
189477,KHATAV,KHATAV,4562,KHATAV,True,1.0,largest_overlap,20.5542,17.64711,74.38036,True
189478,KHATGUN,KHATAV,4562,KHATAV,True,1.0,largest_overlap,11.8158,17.67586,74.32564,True
189479,KHATVAL,KHATAV,4562,KHATAV,True,1.0,largest_overlap,11.2755,17.5338,74.57914,True
189480,KOKARALE,KHATAV,4562,KHATAV,True,1.0,largest_overlap,6.7515,17.60846,74.31659,True
189481,KUMATHE,KHATAV,4562,KHATAV,True,1.0,largest_overlap,14.073,17.56495,74.38553,True
189484,LADEGAON,KHATAV,4562,KHATAV,True,1.0,largest_overlap,5.8089,17.47629,74.35605,True
189485,LALGUN,KHATAV,4562,KHATAV,True,1.0,largest_overlap,10.4307,17.78326,74.29493,True
189486,LANDEWADI,KHATAV,4562,KHATAV,True,1.0,largest_overlap,3.2585,17.51923,74.26797,True
189487,LONI,KHATAV,4562,KHATAV,True,1.0,largest_overlap,6.8534,17.60694,74.35542,True
189488,MANDAVE,KHATAV,4562,KHATAV,True,1.0,largest_overlap,12.2525,17.6439,74.48621,True
245193,MANEWADI TUPEWADI,KHATAV,4562,KHATAV,True,1.0,largest_overlap,27.4368,17.5675,74.51949,True
189489,MANJARWADI,KHATAV,4562,KHATAV,True,1.0,largest_overlap,8.2008,17.87335,74.27318,True
189490,MARADWAK,KHATAV,4562,KHATAV,True,1.0,largest_overlap,3.6617,17.47279,74.50164,True
189491,MAYANI,KHATAV,4562,KHATAV,True,1.0,largest_overlap,37.4417,17.44747,74.54833,True
189492,MHASURNE,KHATAV,4562,KHATAV,True,1.0,largest_overlap,28.5465,17.41827,74.43212,True
189493,MOL,KHATAV,4562,KHATAV,True,1.0,largest_overlap,18.2896,17.84578,74.29265,True
189494,MORALE,KHATAV,4562,KHATAV,True,1.0,largest_overlap,4.9649,17.45668,74.5044,True
189495,MULIKWADI,KHATAV,4562,KHATAV,True,1.0,largest_overlap,5.628,17.46244,74.65618,True
189497,NADHAVAL,KHATAV,4562,KHATAV,True,1.0,largest_overlap,7.1331,17.54093,74.46697,True
189498,NAGNATHAWADI,KHATAV,4562,KHATAV,True,1.0,largest_overlap,7.4574,17.75728,74.28653,True
189499,NAIKACHIWADI,KHATAV,4562,KHATAV,True,1.0,largest_overlap,5.2591,17.57974,74.4213,True
189500,NANDOSHI,KHATAV,4562,KHATAV,True,1.0,largest_overlap,6.1585,17.55943,74.29808,True
189501,NAVALEWADI,KHATAV,4562,KHATAV,True,1.0,largest_overlap,7.2066,17.77441,74.26711,True
189502,NER,KHATAV,4562,KHATAV,True,1.0,largest_overlap,12.6786,17.73138,74.31972,True
189503,NIDHAL,KHATAV,4562,KHATAV,True,1.0,largest_overlap,20.3457,17.71476,74.40076,True
189504,NIMSOD,KHATAV,4562,KHATAV,True,1.0,largest_overlap,34.1142,17.46253,74.46806,True
189505,PACHWAD,KHATAV,4562,KHATAV,True,1.0,largest_overlap,15.2392,17.48897,74.65238,True
189506,PADAL,KHATAV,4562,KHATAV,True,1.0,largest_overlap,11.2059,17.50595,74.5853,True
189508,PALASGAON,KHATAV,4562,KHATAV,True,1.0,largest_overlap,6.4879,17.53466,74.54726,True
189509,PALASHI,KHATAV,4562,KHATAV,True,1.0,largest_overlap,8.8841,17.50545,74.3733,True
189510,PANDHARWADI,KHATAV,4562,KHATAV,True,1.0,largest_overlap,3.1643,17.81981,74.26945,True
189511,PANGARKHEL,KHATAV,4562,KHATAV,True,1.0,largest_overlap,5.7984,17.79245,74.32104,True
189512,PARGAON,KHATAV,4562,KHATAV,True,1.0,largest_overlap,5.9398,17.43649,74.30554,True
189513,PAWARWADI,KHATAV,4562,KHATAV,True,1.0,largest_overlap,7.3186,17.7375,74.28387,True
189507,PEDGAON,KHATAV,4562,KHATAV,True,1.0,largest_overlap,16.2727,17.65182,74.45257,True
189515,PHADTARWADI (BUDH),KHATAV,4562,KHATAV,True,1.0,largest_overlap,2.0106,17.7541,74.31082,True
189516,PIMPARI,KHATAV,4562,KHATAV,True,1.0,largest_overlap,14.3798,17.51273,74.51851,True
189517,PUSEGAON,KHATAV,4562,KHATAV,True,1.0,largest_overlap,13.9004,17.71229,74.32084,True
189518,PUSESAVALI,KHATAV,4562,KHATAV,True,1.0,largest_overlap,15.2523,17.46752,74.30251,True
189519,RAHATANI,KHATAV,4562,KHATAV,True,1.0,largest_overlap,7.6784,17.4482,74.37954,True
189482,RAJACHE KURLE,KHATAV,4562,KHATAV,True,1.0,largest_overlap,18.8097,17.44407,74.27591,True
189520,RAJAPUR,KHATAV,4562,KHATAV,True,1.0,largest_overlap,17.7798,17.80099,74.35054,True
189521,RANSINGWADI,KHATAV,4562,KHATAV,True,1.0,largest_overlap,10.2361,17.7493,74.37396,True
189522,REVALKARWADI,KHATAV,4562,KHATAV,True,1.0,largest_overlap,6.2944,17.6674,74.2751,True
189523,SATEWADI,KHATAV,4562,KHATAV,True,1.0,largest_overlap,7.7081,17.6218,74.45273,True
189524,SHENAVADI,KHATAV,4562,KHATAV,True,1.0,largest_overlap,7.8436,17.44028,74.41357,True
189525,SHINDEWADI,KHATAV,4562,KHATAV,True,1.0,largest_overlap,5.1838,17.7913,74.26382,True
189526,SHIRSWADI,KHATAV,4562,KHATAV,True,1.0,largest_overlap,11.4397,17.50053,74.42226,True
189483,SIDHESHWAR KUROLI,KHATAV,4562,KHATAV,True,1.0,largest_overlap,23.6144,17.60458,74.39898,True
189528,TADAVALE,KHATAV,4562,KHATAV,True,1.0,largest_overlap,10.6671,17.63935,74.51789,True
189529,TARASWADI,KHATAV,4562,KHATAV,True,1.0,largest_overlap,5.0273,17.4503,74.68436,True
189530,TRIMALI,KHATAV,4562,KHATAV,True,1.0,largest_overlap,6.5394,17.52132,74.292,True
189531,UMBARDE,KHATAV,4562,KHATAV,True,1.0,largest_overlap,7.7812,17.55937,74.42388,True
189532,UMBARMALE,KHATAV,4562,KHATAV,True,1.0,largest_overlap,4.5514,17.72013,74.36721,True
189533,UNCHITHANE,KHATAV,4562,KHATAV,True,1.0,largest_overlap,3.8448,17.47097,74.33545,True
189534,VADGAON ( J.S.),KHATAV,4562,KHATAV,True,1.0,largest_overlap,13.5675,17.44032,74.34928,True
189535,VADI,KHATAV,4562,KHATAV,True,1.0,largest_overlap,6.3701,17.50227,74.29068,True
189537,VARDHANGAD,KHATAV,4562,KHATAV,True,1.0,largest_overlap,9.255,17.72007,74.2831,True
189538,VARUD,KHATAV,4562,KHATAV,True,1.0,largest_overlap,11.6828,17.57448,74.35556,True
189539,VETANE,KHATAV,4562,KHATAV,True,1.0,largest_overlap,9.2929,17.74241,74.34183,True
189540,VIKHALE,KHATAV,4562,KHATAV,True,1.0,largest_overlap,15.5956,17.47529,74.6277,True
189541,VISAPUR,KHATAV,4562,KHATAV,True,1.0,largest_overlap,16.6492,17.68294,74.28826,True
189542,WAKALWADI,KHATAV,4562,KHATAV,True,1.0,largest_overlap,5.4483,17.50592,74.39404,True
189543,WAKESHWAR,KHATAV,4562,KHATAV,True,1.0,largest_overlap,7.7275,17.61663,74.42582,True
189544,WANZOLI,KHATAV,4562,KHATAV,True,1.0,largest_overlap,7.5648,17.47407,74.37602,True
189546,YELIV,KHATAV,4562,KHATAV,True,1.0,largest_overlap,8.9223,17.49669,74.33944,True
189547,YELMARWADI,KHATAV,4562,KHATAV,True,1.0,largest_overlap,5.5849,17.57527,74.55894,True
189545,YERALWADI,KHATAV,4562,KHATAV,True,1.0,largest_overlap,8.9288,17.54628,74.49299,True
189548,AMBAVADE-S-WAGHOLI,KOREGAON,4563,KOREGAON,True,1.0,largest_overlap,7.1233,17.81694,74.08663,True
189550,AMBAWADE S. KOREGAON,KOREGAON,4563,KOREGAON,True,1.0,largest_overlap,7.5211,17.79312,74.15067,True
189549,AMBHERI,KOREGAON,4563,KOREGAON,True,1.0,largest_overlap,9.8494,17.60805,74.2582,True
189552,ANBHULEWADI,KOREGAON,4563,KOREGAON,True,1.0,largest_overlap,5.9015,17.79292,74.23137,True
189551,ANPATWADI,KOREGAON,4563,KOREGAON,True,1.0,largest_overlap,5.2417,17.88158,74.08715,True
189553,APSHINGE,KOREGAON,4563,KOREGAON,True,1.0,largest_overlap,14.0546,17.61845,74.23192,True
189554,ARABWADI,KOREGAON,4563,KOREGAON,True,1.0,largest_overlap,2.8992,17.83347,74.07451,True
189555,ARVI,KOREGAON,4563,KOREGAON,True,1.0,largest_overlap,17.4925,17.50786,74.23305,True
189556,ASANGAON,KOREGAON,4563,KOREGAON,True,1.0,largest_overlap,7.6957,17.86511,74.08336,True
189558,BANAWADI,KOREGAON,4563,KOREGAON,True,1.0,largest_overlap,7.6791,17.84768,74.06399,True
189559,BARGEWADI,KOREGAON,4563,KOREGAON,True,1.0,largest_overlap,3.4056,17.75978,74.13801,True
189561,BHADALE,KOREGAON,4563,KOREGAON,True,1.0,largest_overlap,19.6092,17.85601,74.2294,True
189562,BHAKARWADI,KOREGAON,4563,KOREGAON,True,1.0,largest_overlap,3.1876,17.72164,74.1384,True
189563,BHAKTVADI,KOREGAON,4563,KOREGAON,True,1.0,largest_overlap,4.8816,17.78308,74.10122,True
189564,BHANDARMACHI,KOREGAON,4563,KOREGAON,True,1.0,largest_overlap,2.8283,17.73345,74.25142,True
189565,BHATAMWADI,KOREGAON,4563,KOREGAON,True,1.0,largest_overlap,8.7754,17.70956,74.23983,True
189566,BHAVENAGAR,KOREGAON,4563,KOREGAON,True,1.0,largest_overlap,5.4435,17.9491,74.10503,True
189567,BHIMNAGAR,KOREGAON,4563,KOREGAON,True,1.0,largest_overlap,0.8092,17.77447,74.08147,True
189569,BHOSE,KOREGAON,4563,KOREGAON,True,1.0,largest_overlap,7.5718,17.74585,74.2026,True
189570,BICHUKALE,KOREGAON,4563,KOREGAON,True,1.0,largest_overlap,10.4123,17.84071,74.15238,True
189571,BOBADEWADI (N.V.),KOREGAON,4563,KOREGAON,True,1.0,largest_overlap,1.1089,17.72409,74.15177,True
189573,BODHEWADI (BHADALE),KOREGAON,4563,KOREGAON,True,1.0,largest_overlap,1.6682,17.8365,74.23936,True
189574,BORGAON,KOREGAON,4563,KOREGAON,True,1.0,largest_overlap,6.4746,17.5549,74.17205,True
189575,BORJAIWADI,KOREGAON,4563,KOREGAON,True,1.0,largest_overlap,7.5463,17.7562,74.24614,True
189576,CHANCHALI,KOREGAON,4563,KOREGAON,True,1.0,largest_overlap,9.6587,17.76662,74.18363,True
189577,CHANDVADI,KOREGAON,4563,KOREGAON,True,1.0,largest_overlap,0.1397,17.72917,74.1569,True
189578,CHAWANESHWAR,KOREGAON,4563,KOREGAON,True,1.0,largest_overlap,2.4986,17.9321,74.01597,True
189579,CHILEWADI,KOREGAON,4563,KOREGAON,True,1.0,largest_overlap,8.3801,17.87323,74.24153,True
189580,CHIMANGAON,KOREGAON,4563,KOREGAON,True,1.0,largest_overlap,9.9185,17.73404,74.22228,True
189581,CHOUDHARWADI,KOREGAON,4563,KOREGAON,True,1.0,largest_overlap,1.543,17.91738,74.06465,True
189582,DAHIGAON,KOREGAON,4563,KOREGAON,True,1.0,largest_overlap,3.5939,17.87833,74.11258,True
189583,DARE,KOREGAON,4563,KOREGAON,True,1.0,largest_overlap,18.8368,17.75519,74.1087,True
189584,DEUR,KOREGAON,4563,KOREGAON,True,1.0,largest_overlap,12.2252,17.85585,74.11602,True
189585,DHAMNER,KOREGAON,4563,KOREGAON,True,1.0,largest_overlap,7.1548,17.61544,74.16692,True
189586,DHUMALWADI,KOREGAON,4563,KOREGAON,True,1.0,largest_overlap,5.3907,17.77653,74.13229,True
189587,DUDHANWADI,KOREGAON,4563,KOREGAON,True,1.0,largest_overlap,4.1428,17.85895,74.05686,True
189588,DUDHI,KOREGAON,4563,KOREGAON,True,1.0,largest_overlap,5.3234,17.64098,74.1792,True
189589,DURGALWADI,KOREGAON,4563,KOREGAON,True,1.0,largest_overlap,2.0523,17.49185,74.12871,True
189591,EKSAL,KOREGAON,4563,KOREGAON,True,1.0,largest_overlap,6.7336,17.66161,74.17598,True
189593,GHIGEWADI,KOREGAON,4563,KOREGAON,True,1.0,largest_overlap,1.0585,17.89355,74.10092,True
189594,GODASEWADI,KOREGAON,4563,KOREGAON,True,1.0,largest_overlap,2.8016,17.65493,74.16323,True
189596,GOLEWADI,KOREGAON,4563,KOREGAON,True,1.0,largest_overlap,6.5753,17.69592,74.19765,True
189597,GUJARWADI PALASHI,KOREGAON,4563,KOREGAON,True,1.0,largest_overlap,3.6118,17.82404,74.13554,True
189599,HASEWADI,KOREGAON,4563,KOREGAON,True,1.0,largest_overlap,3.199,17.868,74.2253,True
189600,HIVARE,KOREGAON,4563,KOREGAON,True,1.0,largest_overlap,8.5431,17.83599,74.18304,True
189601,HOLEWADI,KOREGAON,4563,KOREGAON,True,1.0,largest_overlap,1.8546,17.81245,74.22245,True
189602,JADHAVWADI,KOREGAON,4563,KOREGAON,True,1.0,largest_overlap,5.0336,17.88537,74.18162,True
189603,JAGTAPWASTI,KOREGAON,4563,KOREGAON,True,1.0,largest_overlap,0.9567,17.94092,74.07362,True
189608,JAIGAON,KOREGAON,4563,KOREGAON,True,1.0,largest_overlap,9.3896,17.64693,74.2554,True
189636,JAIPUR,KOREGAON,4563,KOREGAON,True,1.0,largest_overlap,15.1749,17.54419,74.24888,True
189604,JALGAON,KOREGAON,4563,KOREGAON,True,1.0,largest_overlap,8.4172,17.73384,74.13143,True
189605,JAMB BK.,KOREGAON,4563,KOREGAON,True,1.0,largest_overlap,8.4584,17.71841,74.10863,True
189606,JAMBH KH,KOREGAON,4563,KOREGAON,True,1.0,largest_overlap,8.0408,17.81234,74.20409,True
189607,JAREWADI,KOREGAON,4563,KOREGAON,True,1.0,largest_overlap,2.3607,17.68186,74.12601,True
189609,KALOSHI,KOREGAON,4563,KOREGAON,True,1.0,largest_overlap,0.0421,17.49676,74.13643,True
189610,KANHERKHED,KOREGAON,4563,KOREGAON,True,0.855,largest_overlap,9.0847,17.64349,74.22656,True
189611,KARANJKHOP,KOREGAON,4563,KOREGAON,True,1.0,largest_overlap,13.2684,17.94135,74.03914,True
189612,KATHAPUR,KOREGAON,4563,KOREGAON,True,1.0,largest_overlap,7.0653,17.64428,74.14525,True
189613,KAWADEWADI,KOREGAON,4563,KOREGAON,True,1.0,largest_overlap,3.157,17.83499,74.20205,True
189614,KHADKHADWADI,KOREGAON,4563,KOREGAON,True,1.0,largest_overlap,2.2917,17.78962,74.13869,True
189615,KHAMAKARWADI,KOREGAON,4563,KOREGAON,True,1.0,largest_overlap,1.2978,17.82745,74.09308,True
189616,KHED,KOREGAON,4563,KOREGAON,True,1.0,largest_overlap,7.6328,17.76694,74.16277,True
189618,KINHAI,KOREGAON,4563,KOREGAON,True,1.0,largest_overlap,15.5189,17.809,74.1554,True
189619,KIROLI,KOREGAON,4563,KOREGAON,True,1.0,largest_overlap,6.5066,17.53012,74.16334,True
189620,KOLAVADI,KOREGAON,4563,KOREGAON,True,1.0,largest_overlap,3.8451,17.79659,74.11618,True
189621,KOMBADWADI,KOREGAON,4563,KOREGAON,True,1.0,largest_overlap,4.3856,17.51186,74.25325,True
189623,KUMATHE,KOREGAON,4563,KOREGAON,True,1.0,largest_overlap,14.0339,17.72027,74.1763,True
189624,LHASURNE,KOREGAON,4563,KOREGAON,True,1.0,largest_overlap,9.0921,17.70216,74.13267,True
189625,MADHWAPURWADI,KOREGAON,4563,KOREGAON,True,1.0,largest_overlap,3.7369,17.8133,74.1795,True
189626,MANGALAPUR,KOREGAON,4563,KOREGAON,True,1.0,largest_overlap,2.6898,17.66068,74.12684,True
189627,MOHITEWADI,KOREGAON,4563,KOREGAON,True,1.0,largest_overlap,4.3333,17.50832,74.17431,True
189628,MORBEND,KOREGAON,4563,KOREGAON,True,1.0,largest_overlap,3.1028,17.96481,74.04985,True
189630,NAGEWADI,KOREGAON,4563,KOREGAON,True,1.0,largest_overlap,2.76,17.8472,74.23684,True
189631,NAGZARI,KOREGAON,4563,KOREGAON,True,1.0,largest_overlap,19.7661,17.48044,74.24974,True
189632,NAIGAON,KOREGAON,4563,KOREGAON,True,1.0,largest_overlap,10.7223,17.99033,74.06384,True
189633,NALAVADEWADI- T,KOREGAON,4563,KOREGAON,True,1.0,largest_overlap,4.8784,17.49168,74.15485,True
189634,NALWADEWADI-B,KOREGAON,4563,KOREGAON,True,1.0,largest_overlap,6.0884,17.85229,74.18033,True
189635,NANDVAL,KOREGAON,4563,KOREGAON,True,1.0,largest_overlap,10.2837,17.96338,74.07437,True
189638,NIGADI,KOREGAON,4563,KOREGAON,True,1.0,largest_overlap,5.137,17.64303,74.20338,True
189639,PALASHI,KOREGAON,4563,KOREGAON,True,1.0,largest_overlap,8.7287,17.81778,74.11909,True
189640,PARATWADI,KOREGAON,4563,KOREGAON,True,1.0,largest_overlap,2.3717,17.7971,74.10047,True
189641,PAWARWADI,KOREGAON,4563,KOREGAON,True,1.0,largest_overlap,4.0792,17.53929,74.27413,True
189592,PHADATARWADI,KOREGAON,4563,KOREGAON,True,1.0,largest_overlap,0.6368,17.87171,74.18723,True
189642,PIMPODE BK.,KOREGAON,4563,KOREGAON,True,1.0,largest_overlap,31.392,17.92732,74.10541,True
189643,PIMPODE KH.,KOREGAON,4563,KOREGAON,True,1.0,largest_overlap,6.6406,17.83247,74.10269,True
189644,PIMPRI,KOREGAON,4563,KOREGAON,True,1.0,largest_overlap,14.369,17.54972,74.22419,True
189645,RAMOSHIWADI,KOREGAON,4563,KOREGAON,True,1.0,largest_overlap,2.0774,17.71795,74.2564,True
189646,RANDULLABAD,KOREGAON,4563,KOREGAON,True,1.0,largest_overlap,8.3756,17.96273,74.02722,True
189650,RAUTWADI,KOREGAON,4563,KOREGAON,True,1.0,largest_overlap,9.2178,17.88475,74.05667,True
189647,REVADI,KOREGAON,4563,KOREGAON,True,1.0,largest_overlap,6.9367,17.79809,74.08822,True
189648,RIKIBDARWADI,KOREGAON,4563,KOREGAON,True,1.0,largest_overlap,2.0509,17.49188,74.13766,True
189649,RUI,KOREGAON,4563,KOREGAON,True,1.0,largest_overlap,6.3944,17.77991,74.21972,True
189653,SANGAVI,KOREGAON,4563,KOREGAON,True,1.0,largest_overlap,2.4942,17.72696,74.20221,True
189654,SAP,KOREGAON,4563,KOREGAON,True,1.0,largest_overlap,11.8773,17.58783,74.23661,True
189655,SARKALWADI,KOREGAON,4563,KOREGAON,True,1.0,largest_overlap,8.4276,17.91399,74.04038,True
189656,SASURVE,KOREGAON,4563,KOREGAON,True,1.0,largest_overlap,8.2679,17.62049,74.18776,True
189658,SATHEWADI,KOREGAON,4563,KOREGAON,True,1.0,largest_overlap,3.5944,17.50095,74.19679,True
189659,SHELTI,KOREGAON,4563,KOREGAON,True,1.0,largest_overlap,28.4743,17.67852,74.2322,True
189660,SHENDURJANE,KOREGAON,4563,KOREGAON,True,1.0,largest_overlap,6.3123,17.78548,74.19925,True
189661,SHIRAMBE,KOREGAON,4563,KOREGAON,True,1.0,largest_overlap,4.5607,17.66342,74.19418,True
189663,SIDDHARTHNAGAR,KOREGAON,4563,KOREGAON,True,1.0,largest_overlap,10.0029,17.77733,74.24078,True
189664,SOLASHI,KOREGAON,4563,KOREGAON,True,1.0,largest_overlap,9.7863,17.99441,74.03662,True
189665,SONAKE,KOREGAON,4563,KOREGAON,True,1.0,largest_overlap,6.4676,17.93542,74.07736,True
189666,SULTANWADI,KOREGAON,4563,KOREGAON,True,1.0,largest_overlap,2.8751,17.68157,74.19097,True
189667,SURLI,KOREGAON,4563,KOREGAON,True,1.0,largest_overlap,5.8927,17.55269,74.19876,True
189668,TADAVALE-S-WAGHOLI,KOREGAON,4563,KOREGAON,True,1.0,largest_overlap,19.1313,17.92472,74.13993,True
189669,TADAWALE S.KOREGAON,KOREGAON,4563,KOREGAON,True,1.0,largest_overlap,7.1336,17.74334,74.16556,True
189670,TAKALE,KOREGAON,4563,KOREGAON,True,1.0,largest_overlap,3.3188,17.54444,74.17284,True
189671,TALIYE,KOREGAON,4563,KOREGAON,True,1.0,largest_overlap,7.4448,17.86619,74.14893,True
189672,TAMBI,KOREGAON,4563,KOREGAON,True,1.0,largest_overlap,0.0865,17.80053,74.08206,True
189673,TANDULWADI,KOREGAON,4563,KOREGAON,True,1.0,largest_overlap,5.5731,17.66801,74.10875,True
189674,TARGAON,KOREGAON,4563,KOREGAON,True,1.0,largest_overlap,9.851,17.50183,74.16024,True
189675,TRIPUTI,KOREGAON,4563,KOREGAON,True,1.0,largest_overlap,5.9165,17.69179,74.10732,True
189676,VADACHIWADI,KOREGAON,4563,KOREGAON,True,1.0,largest_overlap,3.1285,17.70789,74.21264,True
189677,VELANG SHI.,KOREGAON,4563,KOREGAON,True,1.0,largest_overlap,0.0477,17.65293,74.19581,True
189679,VELU,KOREGAON,4563,KOREGAON,True,1.0,largest_overlap,14.9662,17.57751,74.27257,True
189680,VIKHALE,KOREGAON,4563,KOREGAON,True,1.0,largest_overlap,4.609,17.86768,74.17519,True
189682,WAGHOLI,KOREGAON,4563,KOREGAON,True,1.0,largest_overlap,9.1389,17.90273,74.07445,True
189683,WATHAR STN.,KOREGAON,4563,KOREGAON,True,1.0,largest_overlap,13.6692,17.88249,74.14125,True
189684,WATHAR- [KIROLI],KOREGAON,4563,KOREGAON,True,1.0,largest_overlap,12.4388,17.52117,74.19519,True
189685,AMBRAL,MAHABALESHWAR,4564,MAHABALESHWAR,True,1.0,largest_overlap,2.2798,17.9089,73.83517,True
189686,AVAKALI,MAHABALESHWAR,4564,MAHABALESHWAR,True,1.0,largest_overlap,3.7452,17.94589,73.6828,True
189687,BHEKAVALI,MAHABALESHWAR,4564,MAHABALESHWAR,True,1.0,largest_overlap,8.4713,17.90841,73.69103,True
189688,BHILAR,MAHABALESHWAR,4564,MAHABALESHWAR,True,1.0,largest_overlap,4.0947,17.9129,73.75667,True
189689,BHOSE,MAHABALESHWAR,4564,MAHABALESHWAR,True,1.0,largest_overlap,3.4533,17.92683,73.75533,True
189690,BIRMANI,MAHABALESHWAR,4564,MAHABALESHWAR,True,1.0,largest_overlap,11.1495,17.88757,73.58524,True
189691,BIRVADI,MAHABALESHWAR,4564,MAHABALESHWAR,True,1.0,largest_overlap,11.7233,17.89731,73.64308,True
189692,CHATURBET,MAHABALESHWAR,4564,MAHABALESHWAR,True,1.0,largest_overlap,10.4566,17.85566,73.62151,True
189693,CHIKHALI,MAHABALESHWAR,4564,MAHABALESHWAR,True,1.0,largest_overlap,3.8943,17.88416,73.67111,True
189694,DANAVALI,MAHABALESHWAR,4564,MAHABALESHWAR,True,1.0,largest_overlap,1.969,17.90061,73.74936,True
189696,DEVALI,MAHABALESHWAR,4564,MAHABALESHWAR,True,1.0,largest_overlap,6.2166,17.84487,73.65568,True
189697,DUDHGAON,MAHABALESHWAR,4564,MAHABALESHWAR,True,1.0,largest_overlap,4.3835,17.87175,73.65127,True
189699,GODAVALI,MAHABALESHWAR,4564,MAHABALESHWAR,True,1.0,largest_overlap,2.9557,17.92434,73.81422,True
189700,GOROSHI,MAHABALESHWAR,4564,MAHABALESHWAR,True,1.0,largest_overlap,2.22,17.87572,73.63295,True
189701,GUREGHAR,MAHABALESHWAR,4564,MAHABALESHWAR,True,1.0,largest_overlap,1.9906,17.92358,73.73823,True
189702,HATLOT,MAHABALESHWAR,4564,MAHABALESHWAR,True,1.0,largest_overlap,10.6794,17.86694,73.59583,True
189703,JAWALI,MAHABALESHWAR,4564,MAHABALESHWAR,True,1.0,largest_overlap,14.7082,17.94201,73.64255,True
189704,KALAMGAON,MAHABALESHWAR,4564,MAHABALESHWAR,True,1.0,largest_overlap,4.1619,17.83431,73.66436,True
189705,KASAVAND,MAHABALESHWAR,4564,MAHABALESHWAR,True,1.0,largest_overlap,3.2078,17.9038,73.77625,True
189707,KHINGAR,MAHABALESHWAR,4564,MAHABALESHWAR,True,1.0,largest_overlap,4.159,17.90718,73.82108,True
189709,KUMATHE,MAHABALESHWAR,4564,MAHABALESHWAR,True,1.0,largest_overlap,8.4821,17.90488,73.5598,True
189708,KUMBHROSHI,MAHABALESHWAR,4564,MAHABALESHWAR,True,1.0,largest_overlap,6.8186,17.93407,73.59275,True
189710,MACHUTAR,MAHABALESHWAR,4564,MAHABALESHWAR,True,1.0,largest_overlap,2.8857,17.89458,73.71673,True
189711,MANGHAR,MAHABALESHWAR,4564,MAHABALESHWAR,True,1.0,largest_overlap,1.9958,17.88887,73.6545,True
189713,METATALE,MAHABALESHWAR,4564,MAHABALESHWAR,True,1.0,largest_overlap,4.184,17.91738,73.61374,True
189712,METGUTAD,MAHABALESHWAR,4564,MAHABALESHWAR,True,1.0,largest_overlap,1.7207,17.92771,73.69844,True
189714,MOLESHWAR,MAHABALESHWAR,4564,MAHABALESHWAR,True,1.0,largest_overlap,5.6396,17.86017,73.68166,True
189716,PANGARI,MAHABALESHWAR,4564,MAHABALESHWAR,True,1.0,largest_overlap,1.4233,17.93135,73.77054,True
189717,PARPAR,MAHABALESHWAR,4564,MAHABALESHWAR,True,1.0,largest_overlap,8.2201,17.91474,73.56888,True
189718,PARUT,MAHABALESHWAR,4564,MAHABALESHWAR,True,1.0,largest_overlap,3.3366,17.87232,73.66734,True
189720,SHIRVALI,MAHABALESHWAR,4564,MAHABALESHWAR,True,1.0,largest_overlap,6.535,17.89288,73.61305,True
189722,TALADEO,MAHABALESHWAR,4564,MAHABALESHWAR,True,1.0,largest_overlap,6.6475,17.83826,73.68691,True
189723,YERANDAL,MAHABALESHWAR,4564,MAHABALESHWAR,True,1.0,largest_overlap,5.4174,17.88398,73.71345,True
189724,ZANZVAD,MAHABALESHWAR,4564,MAHABALESHWAR,True,1.0,largest_overlap,3.7361,17.85666,73.64512,True
189725,ANDHALI,MAN,4565,MAN,True,1.0,largest_overlap,17.5283,17.76026,74.48019,True
189726,ANUBHULEWADI (N.V.),MAN,4565,MAN,True,1.0,largest_overlap,5.6347,17.8454,74.58782,True
189727,BANGARWADI,MAN,4565,MAN,True,1.0,largest_overlap,13.9893,17.53241,74.78688,True
189728,BHALVADI,MAN,4565,MAN,True,1.0,largest_overlap,19.8591,17.74313,74.73355,True
189729,BHANDAVALI,MAN,4565,MAN,True,1.0,largest_overlap,8.8185,17.78436,74.439,True
189730,BHATAKI,MAN,4565,MAN,True,1.0,largest_overlap,13.6773,17.68038,74.79301,True
189731,BIDAL,MAN,4565,MAN,True,1.0,largest_overlap,24.3511,17.75248,74.52481,True
189732,BIJAVADI,MAN,4565,MAN,True,1.0,largest_overlap,9.3283,17.81533,74.54588,True
189733,BODAKE,MAN,4565,MAN,True,1.0,largest_overlap,5.9812,17.75768,74.50062,True
189734,BOTHE,MAN,4565,MAN,True,1.0,largest_overlap,13.5647,17.77517,74.38674,True
189736,DANAVALEWADI,MAN,4565,MAN,True,1.0,largest_overlap,5.6063,17.80225,74.59112,True
189737,DANGIREWADI,MAN,4565,MAN,True,1.0,largest_overlap,6.2029,17.79515,74.63395,True
245182,DEWAPUR,MAN,4565,MAN,True,1.0,largest_overlap,12.16,17.5956,74.83831,True
189738,DHAKANI,MAN,4565,MAN,True,1.0,largest_overlap,12.4602,17.59635,74.70095,True
189739,DHAMANI,MAN,4565,MAN,True,1.0,largest_overlap,12.9636,17.61853,74.67471,True
189740,DHULDEV,MAN,4565,MAN,True,1.0,largest_overlap,19.888,17.66489,74.86514,True
189741,DIDWAGHWADI (DIVAD),MAN,4565,MAN,True,1.0,largest_overlap,4.7932,17.61215,74.71626,True
189742,DIVAD,MAN,4565,MAN,True,1.0,largest_overlap,10.3168,17.63456,74.72461,True
189743,DIVADI,MAN,4565,MAN,True,1.0,largest_overlap,8.8518,17.6746,74.43921,True
189744,DORGEWADI (NARAVANE),MAN,4565,MAN,True,1.0,largest_overlap,7.8444,17.59156,74.58696,True
189745,GANGOTI,MAN,4565,MAN,True,1.0,largest_overlap,10.4756,17.58481,74.75403,True
189746,GATEWADI,MAN,4565,MAN,True,1.0,largest_overlap,6.9465,17.59634,74.6686,True
189748,GONDAVALE-KD.,MAN,4565,MAN,True,1.0,largest_overlap,23.241,17.66992,74.62037,True
189747,GONDVALE- BK.,MAN,4565,MAN,True,1.0,largest_overlap,25.3112,17.66829,74.57738,True
189749,HASTANPUR(GHEREWADI),MAN,4565,MAN,True,1.0,largest_overlap,7.8377,17.83094,74.59946,True
189750,HAWALDARWADI,MAN,4565,MAN,True,1.0,largest_overlap,9.0038,17.72219,74.82776,True
189751,HINGANI,MAN,4565,MAN,True,1.0,largest_overlap,30.3901,17.62354,74.86963,True
189752,INJABAV,MAN,4565,MAN,True,1.0,largest_overlap,13.0147,17.74694,74.76492,True
189753,JADHAVWADI,MAN,4565,MAN,True,1.0,largest_overlap,12.5309,17.81526,74.5162,True
189754,JAMBHULNI,MAN,4565,MAN,True,1.0,largest_overlap,26.8138,17.5414,74.753,True
189755,JASHI,MAN,4565,MAN,True,1.0,largest_overlap,6.6229,17.70897,74.67034,True
189756,KALCHAUNDI,MAN,4565,MAN,True,1.0,largest_overlap,15.0227,17.49069,74.75649,True
189757,KALEWADI (NARAVANE),MAN,4565,MAN,True,1.0,largest_overlap,6.7193,17.61904,74.5912,True
189758,KARKHEL,MAN,4565,MAN,True,1.0,largest_overlap,15.5808,17.70358,74.84876,True
189759,KASARWADI (AANDHALI),MAN,4565,MAN,True,1.0,largest_overlap,8.1425,17.73913,74.45537,True
189760,KHADAKI,MAN,4565,MAN,True,1.0,largest_overlap,13.7894,17.69183,74.77169,True
189761,KHUTBAV,MAN,4565,MAN,True,1.0,largest_overlap,15.0604,17.77795,74.72342,True
189762,KIRAKSAL,MAN,4565,MAN,True,1.0,largest_overlap,18.0247,17.63001,74.56481,True
189763,KOLEWADI,MAN,4565,MAN,True,1.0,largest_overlap,4.5499,17.71836,74.4341,True
189764,KUKUDWAD,MAN,4565,MAN,True,1.0,largest_overlap,30.2929,17.53857,74.63184,True
189765,KULAKJAI,MAN,4565,MAN,True,1.0,largest_overlap,20.107,17.8117,74.39206,True
189766,KURNEWADI,MAN,4565,MAN,True,1.0,largest_overlap,10.032,17.51694,74.84616,True
189767,LODHAVADE,MAN,4565,MAN,True,1.0,largest_overlap,12.1084,17.63751,74.62864,True
189768,MAHABALESHWAR WADI,MAN,4565,MAN,True,1.0,largest_overlap,8.8915,17.50103,74.78317,True
189769,MAHIMANGAD,MAN,4565,MAN,True,1.0,largest_overlap,8.0211,17.705,74.45676,True
189770,MALAVADI,MAN,4565,MAN,True,1.0,largest_overlap,13.9354,17.76609,74.44518,True
189771,MANKARNAWADI,MAN,4565,MAN,True,1.0,largest_overlap,3.037,17.67033,74.64801,True
189772,MARDI,MAN,4565,MAN,True,1.0,largest_overlap,33.5966,17.74429,74.68858,True
189773,MOGARALE,MAN,4565,MAN,True,1.0,largest_overlap,17.5661,17.87728,74.51855,True
189774,MOHI,MAN,4565,MAN,True,1.0,largest_overlap,25.141,17.7943,74.67446,True
189775,NARAVANE,MAN,4565,MAN,True,1.0,largest_overlap,31.4312,17.59956,74.62714,True
189776,PACHVAD,MAN,4565,MAN,True,1.0,largest_overlap,15.144,17.84913,74.547,True
189777,PALASAVADE,MAN,4565,MAN,True,1.0,largest_overlap,16.649,17.57754,74.86082,True
189778,PALASHI,MAN,4565,MAN,True,1.0,largest_overlap,49.0104,17.67784,74.68244,True
189781,PANAVAN,MAN,4565,MAN,True,1.0,largest_overlap,16.3678,17.56807,74.72525,True
189779,PANDHARWADI (MAHIMANGAD),MAN,4565,MAN,True,1.0,largest_overlap,7.1309,17.69995,74.42764,True
189780,PANGARI,MAN,4565,MAN,True,1.0,largest_overlap,11.8177,17.77993,74.54748,True
189782,PARKANDI,MAN,4565,MAN,True,1.0,largest_overlap,9.342,17.80325,74.46067,True
189783,PARYANTI,MAN,4565,MAN,True,1.0,largest_overlap,15.1134,17.72777,74.80072,True
189784,PIMPARI,MAN,4565,MAN,True,1.0,largest_overlap,11.0088,17.63463,74.65859,True
189785,PINGALI- BK.,MAN,4565,MAN,True,1.0,largest_overlap,21.0179,17.6765,74.51596,True
189786,PINGALI- KD.,MAN,4565,MAN,True,1.0,largest_overlap,6.7955,17.66396,74.54248,True
189787,PUKALEWADI,MAN,4565,MAN,True,1.0,largest_overlap,7.4486,17.52771,74.66476,True
189788,PULKOTI,MAN,4565,MAN,True,1.0,largest_overlap,9.0649,17.57035,74.77984,True
189789,RAJVADI,MAN,4565,MAN,True,1.0,largest_overlap,13.6288,17.81422,74.58121,True
189790,RANAND,MAN,4565,MAN,True,1.0,largest_overlap,20.1351,17.71858,74.64134,True
189791,RANJANI,MAN,4565,MAN,True,1.0,largest_overlap,9.8193,17.70745,74.72455,True
189792,SAMBHUKHED,MAN,4565,MAN,True,1.0,largest_overlap,10.5504,17.73889,74.78476,True
189793,SATREWADI (MALAVADI),MAN,4565,MAN,True,1.0,largest_overlap,5.6662,17.74276,74.42976,True
189794,SHENAVADI,MAN,4565,MAN,True,1.0,largest_overlap,16.0185,17.47065,74.79732,True
189795,SHEVARI,MAN,4565,MAN,True,1.0,largest_overlap,20.2025,17.72671,74.60416,True
189796,SHINDI BK.,MAN,4565,MAN,True,1.0,largest_overlap,17.7137,17.71735,74.4866,True
189797,SHINDI KD.,MAN,4565,MAN,True,1.0,largest_overlap,13.9503,17.79759,74.42758,True
189801,SHINGANAPUR,MAN,4565,MAN,True,1.0,largest_overlap,15.1804,17.83952,74.66406,True
189800,SHIRAVALI,MAN,4565,MAN,True,1.0,largest_overlap,6.6725,17.75592,74.40906,True
189799,SHIRTAV,MAN,4565,MAN,True,1.0,largest_overlap,17.1753,17.57636,74.80778,True
189802,SOKASAN,MAN,4565,MAN,True,1.0,largest_overlap,14.9028,17.75645,74.63993,True
189798,SRI PALVAN,MAN,4565,MAN,True,1.0,largest_overlap,6.3801,17.83955,74.41854,True
189803,SWARUPKHANWADI,MAN,4565,MAN,True,1.0,largest_overlap,6.878,17.67595,74.49065,True
189804,TAKEWADI,MAN,4565,MAN,True,1.0,largest_overlap,15.4045,17.79929,74.48932,True
189805,THADALE,MAN,4565,MAN,True,1.0,largest_overlap,13.0696,17.81976,74.63491,True
189806,TONDALE,MAN,4565,MAN,True,1.0,largest_overlap,16.0484,17.84234,74.5056,True
189807,UKIRDE,MAN,4565,MAN,True,1.0,largest_overlap,7.2828,17.6875,74.47198,True
189810,VARKUTE MALAVADI,MAN,4565,MAN,True,1.0,largest_overlap,34.212,17.52177,74.82235,True
189812,VIRALI,MAN,4565,MAN,True,1.0,largest_overlap,22.9606,17.49919,74.70407,True
189808,WADGAON,MAN,4565,MAN,True,1.0,largest_overlap,17.5378,17.75311,74.57644,True
189813,WADJAL,MAN,4565,MAN,True,1.0,largest_overlap,12.8248,17.57468,74.66237,True
189815,WAKI,MAN,4565,MAN,True,1.0,largest_overlap,9.4626,17.65585,74.73647,True
189809,WALAI,MAN,4565,MAN,True,1.0,largest_overlap,28.6497,17.53938,74.70391,True
237423,WAR-MHASWAD,MAN,4565,MAN,True,1.0,largest_overlap,20.632,17.68941,74.73798,True
189811,WARUGAD,MAN,4565,MAN,True,1.0,largest_overlap,19.3157,17.84201,74.45981,True
189816,WAWARHIRE,MAN,4565,MAN,True,1.0,largest_overlap,23.4224,17.77668,74.60081,True
189821,ABDARWADI,PATAN,4566,PATAN,True,1.0,largest_overlap,0.6992,17.35291,74.02101,True
189818,ADDEV,PATAN,4566,PATAN,True,1.0,largest_overlap,3.2763,17.33366,73.89394,True
189822,ADUL GAON,PATAN,4566,PATAN,True,1.0,largest_overlap,1.2004,17.35205,73.94367,True
189823,ADUL PETH,PATAN,4566,PATAN,True,1.0,largest_overlap,4.147,17.3503,73.95648,True
189824,AMBALE,PATAN,4566,PATAN,True,1.0,largest_overlap,2.2118,17.50145,73.94423,True
189825,AMBAVADE KH.,PATAN,4566,PATAN,True,1.0,largest_overlap,5.1881,17.24421,73.92227,True
189826,AMBAVANE,PATAN,4566,PATAN,True,1.0,largest_overlap,2.7261,17.42559,73.86925,True
189827,AMBEGHAR T MARALI,PATAN,4566,PATAN,True,1.0,largest_overlap,4.3526,17.28095,73.83089,True
189828,AMBRAG,PATAN,4566,PATAN,True,1.0,largest_overlap,4.4956,17.3015,73.85794,True
189829,AMBRULE,PATAN,4566,PATAN,True,1.0,largest_overlap,4.2346,17.33403,73.91137,True
189830,ASAVALEWADI,PATAN,4566,PATAN,True,1.0,largest_overlap,2.9485,17.27896,73.95731,True
189819,ATOLI,PATAN,4566,PATAN,True,1.0,largest_overlap,17.2244,17.27909,73.76486,True
189820,AWARDE,PATAN,4566,PATAN,True,1.0,largest_overlap,5.2579,17.51875,73.93949,True
189831,BACHOLI,PATAN,4566,PATAN,True,1.0,largest_overlap,3.3802,17.27859,73.91449,True
189832,BAHULE,PATAN,4566,PATAN,True,1.0,largest_overlap,4.6243,17.29499,74.02447,True
189833,BAMBVADE,PATAN,4566,PATAN,True,1.0,largest_overlap,4.7315,17.51362,73.91573,True
189834,BANDHVAT,PATAN,4566,PATAN,True,1.0,largest_overlap,2.0785,17.46391,73.95584,True
189835,BANPETHWADI,PATAN,4566,PATAN,True,1.0,largest_overlap,2.438,17.35461,73.8554,True
189836,BANPURI,PATAN,4566,PATAN,True,1.0,largest_overlap,8.8794,17.26725,73.93436,True
189837,BELAVADE KH.,PATAN,4566,PATAN,True,1.0,largest_overlap,4.4695,17.33521,73.93494,True
189838,BHAMBE,PATAN,4566,PATAN,True,1.0,largest_overlap,6.7832,17.55381,73.86393,True
189839,BHARSAKHALE,PATAN,4566,PATAN,True,1.0,largest_overlap,11.3537,17.49676,73.85131,True
189841,BHOSGAON,PATAN,4566,PATAN,True,1.0,largest_overlap,5.9082,17.22324,73.93362,True
189842,BHUDAKEWADI,PATAN,4566,PATAN,True,1.0,largest_overlap,1.2177,17.52362,73.95774,True
189843,BIBI,PATAN,4566,PATAN,True,1.0,largest_overlap,8.9762,17.40926,73.91175,True
189844,BODAKEWADI,PATAN,4566,PATAN,True,1.0,largest_overlap,1.3038,17.37051,74.01833,True
189845,BONDRI,PATAN,4566,PATAN,True,1.0,largest_overlap,6.5346,17.41163,73.85943,True
189847,CHAFAL,PATAN,4566,PATAN,True,1.0,largest_overlap,6.0122,17.39983,74.02485,True
189846,CHALKEWADI,PATAN,4566,PATAN,True,1.0,largest_overlap,4.8631,17.19652,74.01815,True
189848,CHAPHOLI,PATAN,4566,PATAN,True,1.0,largest_overlap,1.9679,17.46667,73.85658,True
189851,CHAVANWADI,PATAN,4566,PATAN,True,1.0,largest_overlap,3.7244,17.19145,73.97555,True
189850,CHAVANWADI ( NANEGAON ),PATAN,4566,PATAN,True,1.0,largest_overlap,3.3479,17.4419,73.97916,True
189852,CHIKHALEWADI,PATAN,4566,PATAN,True,1.0,largest_overlap,1.2813,17.2095,73.98835,True
189853,CHITEGHAR,PATAN,4566,PATAN,True,1.0,largest_overlap,4.3289,17.41641,73.87772,True
189854,CHOPADARWADI,PATAN,4566,PATAN,True,1.0,largest_overlap,1.5264,17.32799,73.95693,True
189855,CHOPADI,PATAN,4566,PATAN,True,1.0,largest_overlap,3.8246,17.34472,73.93439,True
189856,CHOUGULEWADI ( S),PATAN,4566,PATAN,True,1.0,largest_overlap,1.0689,17.15407,73.97834,True
189849,CHOUGULEWADI (K),PATAN,4566,PATAN,True,1.0,largest_overlap,7.2887,17.14604,73.97344,True
189857,DADHOLI,PATAN,4566,PATAN,True,1.0,largest_overlap,5.6752,17.39327,73.96218,True
189858,DAKEWADI,PATAN,4566,PATAN,True,1.0,largest_overlap,3.1246,17.18011,73.93625,True
189859,DANGISHTEWADI,PATAN,4566,PATAN,True,1.0,largest_overlap,1.8805,17.54085,73.89668,True
189860,DAVARI,PATAN,4566,PATAN,True,1.0,largest_overlap,3.7325,17.2901,73.94725,True
189861,DERVAN,PATAN,4566,PATAN,True,1.0,largest_overlap,6.3262,17.38997,73.99265,True
189862,DHADAMWADI,PATAN,4566,PATAN,True,1.0,largest_overlap,1.3796,17.45096,73.89234,True
189863,DHAJGAON,PATAN,4566,PATAN,True,1.0,largest_overlap,1.7275,17.29387,73.90632,True
189864,DHAMANI,PATAN,4566,PATAN,True,1.0,largest_overlap,6.5353,17.18469,73.96181,True
189865,DHANKAL,PATAN,4566,PATAN,True,1.0,largest_overlap,12.8787,17.39303,73.67739,True
189866,DHAVADE,PATAN,4566,PATAN,True,1.0,largest_overlap,9.3447,17.30396,73.82705,True
189867,DHAYATI,PATAN,4566,PATAN,True,1.0,largest_overlap,3.5291,17.41988,73.96088,True
189868,DHEBEWADI,PATAN,4566,PATAN,True,1.0,largest_overlap,5.513,17.24355,73.94717,True
189869,DHOROSHI,PATAN,4566,PATAN,True,1.0,largest_overlap,5.1644,17.49087,73.92176,True
189871,DIGEWADI,PATAN,4566,PATAN,True,1.0,largest_overlap,2.6408,17.36841,73.95938,True
189872,DIVASHI - BK.,PATAN,4566,PATAN,True,1.0,largest_overlap,8.9383,17.29183,73.97879,True
189873,DIVASHI KD.,PATAN,4566,PATAN,True,1.0,largest_overlap,11.3452,17.46516,73.84157,True
189874,DONGALEWADI,PATAN,4566,PATAN,True,1.0,largest_overlap,1.6642,17.33278,73.8757,True
189875,DUSALE,PATAN,4566,PATAN,True,1.0,largest_overlap,2.5474,17.45979,73.9645,True
189876,GADKHOP,PATAN,4566,PATAN,True,1.0,largest_overlap,3.5686,17.39754,73.76702,True
189878,GAMEWADI,PATAN,4566,PATAN,True,1.0,largest_overlap,1.0463,17.40016,74.01029,True
189879,GARAWADE,PATAN,4566,PATAN,True,1.0,largest_overlap,4.1135,17.30903,74.02839,True
189880,GAVDEWADI,PATAN,4566,PATAN,True,1.0,largest_overlap,20.8011,17.46754,73.8142,True
189881,GHANABI,PATAN,4566,PATAN,True,1.0,largest_overlap,10.0018,17.43095,73.83442,True
189882,GHANAV,PATAN,4566,PATAN,True,1.0,largest_overlap,2.8853,17.4404,73.87838,True
189884,GHOT,PATAN,4566,PATAN,True,1.0,largest_overlap,15.4753,17.47546,73.92087,True
189885,GHOTIL,PATAN,4566,PATAN,True,1.0,largest_overlap,9.1907,17.19478,73.8939,True
189886,GIREWADI,PATAN,4566,PATAN,True,1.0,largest_overlap,1.4509,17.35172,74.01683,True
189888,GOKUL T.PATAN,PATAN,4566,PATAN,True,1.0,largest_overlap,15.722,17.2629,73.78481,True
189887,GOKUL TARF HELWAK,PATAN,4566,PATAN,True,1.0,largest_overlap,10.2609,17.41197,73.69651,True
189889,GOSHATWADI,PATAN,4566,PATAN,True,1.0,largest_overlap,5.6388,17.36215,73.75673,True
189890,GOTHANE,PATAN,4566,PATAN,True,1.0,largest_overlap,19.0696,17.29951,73.73924,True
189891,GOVARE,PATAN,4566,PATAN,True,1.0,largest_overlap,10.8293,17.34118,73.71794,True
189892,GUDHE,PATAN,4566,PATAN,True,1.0,largest_overlap,5.1012,17.23062,73.98073,True
189893,GUNJALI,PATAN,4566,PATAN,True,1.0,largest_overlap,1.1785,17.34482,73.85353,True
189895,HELWAK,PATAN,4566,PATAN,True,1.0,largest_overlap,0.6394,17.3785,73.72942,True
189896,HUMBARLI,PATAN,4566,PATAN,True,1.0,largest_overlap,12.6836,17.40321,73.71948,True
189897,HUMBARWADI,PATAN,4566,PATAN,True,1.0,largest_overlap,1.4296,17.29978,73.92178,True
189898,JADHAVWADI,PATAN,4566,PATAN,True,1.0,largest_overlap,2.1727,17.41039,74.03582,True
189900,JALAGEWADI,PATAN,4566,PATAN,True,1.0,largest_overlap,4.0032,17.42311,74.01123,True
189899,JALAV,PATAN,4566,PATAN,True,1.0,largest_overlap,3.3637,17.50276,73.89753,True
189902,JANUGADEWADI,PATAN,4566,PATAN,True,1.0,largest_overlap,1.157,17.25355,73.94781,True
189903,JAREWADI,PATAN,4566,PATAN,True,1.0,largest_overlap,2.3308,17.28195,74.02946,True
189904,JINTI,PATAN,4566,PATAN,True,1.0,largest_overlap,12.5794,17.21636,73.8747,True
189905,KADAVE BK.,PATAN,4566,PATAN,True,1.0,largest_overlap,6.8001,17.53603,73.94738,True
189906,KADAVE KH,PATAN,4566,PATAN,True,1.0,largest_overlap,6.3689,17.55209,73.934,True
189907,KADHANE,PATAN,4566,PATAN,True,1.0,largest_overlap,6.6815,17.25959,74.02301,True
189908,KADOLI,PATAN,4566,PATAN,True,1.0,largest_overlap,21.2916,17.28622,73.70779,True
189909,KAHIR,PATAN,4566,PATAN,True,1.0,largest_overlap,6.3237,17.27371,73.81204,True
189911,KALAMBE,PATAN,4566,PATAN,True,1.0,largest_overlap,3.304,17.51214,73.89558,True
189912,KALGAON,PATAN,4566,PATAN,True,1.0,largest_overlap,11.3144,17.15951,73.95616,True
189910,KALKEWADI,PATAN,4566,PATAN,True,1.0,largest_overlap,1.2183,17.30124,73.89739,True
189913,KALOLI,PATAN,4566,PATAN,True,1.0,largest_overlap,1.6742,17.36057,73.88226,True
189914,KAMARGAON,PATAN,4566,PATAN,True,1.0,largest_overlap,29.4945,17.43725,73.73352,True
189915,KARALE,PATAN,4566,PATAN,True,1.0,largest_overlap,6.6717,17.23804,73.86556,True
189917,KARAPEWADI,PATAN,4566,PATAN,True,1.0,largest_overlap,4.5807,17.23422,74.0062,True
189916,KARATE,PATAN,4566,PATAN,True,1.0,largest_overlap,5.6657,17.36163,73.79636,True
189918,KARVAT,PATAN,4566,PATAN,True,1.0,largest_overlap,8.3349,17.40083,73.8364,True
189919,KASANI,PATAN,4566,PATAN,True,1.0,largest_overlap,9.4894,17.1703,73.89574,True
189921,KATHI,PATAN,4566,PATAN,True,1.0,largest_overlap,15.1067,17.49697,73.81319,True
189920,KATWADI,PATAN,4566,PATAN,True,1.0,largest_overlap,0.8464,17.387,73.88477,True
189922,KAVADEWADI,PATAN,4566,PATAN,True,1.0,largest_overlap,1.3063,17.38368,73.87713,True
189924,KELOLI,PATAN,4566,PATAN,True,1.0,largest_overlap,3.2137,17.43969,73.96458,True
189925,KER,PATAN,4566,PATAN,True,1.0,largest_overlap,2.626,17.40272,73.88071,True
189926,KERAL,PATAN,4566,PATAN,True,1.0,largest_overlap,6.4576,17.45573,73.88018,True
189927,KHALE,PATAN,4566,PATAN,True,1.0,largest_overlap,2.5098,17.25408,73.98883,True
189928,KHARADWADI,PATAN,4566,PATAN,True,1.0,largest_overlap,1.6123,17.41811,73.97828,True
189929,KHIVASHI,PATAN,4566,PATAN,True,1.0,largest_overlap,3.8757,17.43957,73.86151,True
189930,KHONOLI,PATAN,4566,PATAN,True,1.0,largest_overlap,1.7881,17.40102,73.97455,True
189931,KILLEMORGIRI,PATAN,4566,PATAN,True,1.0,largest_overlap,4.8759,17.33832,73.86527,True
189932,KOCHAREWADI,PATAN,4566,PATAN,True,1.0,largest_overlap,2.3215,17.40488,73.9583,True
237424,KODAL REH,PATAN,4566,PATAN,True,1.0,largest_overlap,1.6417,17.28773,73.81192,True
189933,KOKISARE,PATAN,4566,PATAN,True,1.0,largest_overlap,2.483,17.32285,73.84329,True
189934,KOLEKARWADI,PATAN,4566,PATAN,True,1.0,largest_overlap,4.1212,17.22843,73.91248,True
189935,KONJAVADE,PATAN,4566,PATAN,True,1.0,largest_overlap,4.7351,17.527,73.9743,True
189936,KORIVALE,PATAN,4566,PATAN,True,1.0,largest_overlap,3.7573,17.27806,74.00316,True
189937,KUMBHARGAON,PATAN,4566,PATAN,True,1.0,largest_overlap,9.8776,17.21053,74.00222,True
189938,KUSAVADE,PATAN,4566,PATAN,True,1.0,largest_overlap,31.0923,17.5394,73.81952,True
189939,KUSHI,PATAN,4566,PATAN,True,1.0,largest_overlap,7.233,17.54162,73.85769,True
189940,KUSRUND,PATAN,4566,PATAN,True,1.0,largest_overlap,4.5335,17.31473,73.89814,True
189941,KUTHARE,PATAN,4566,PATAN,True,1.0,largest_overlap,3.8448,17.20843,73.95827,True
189942,LENDHORI,PATAN,4566,PATAN,True,1.0,largest_overlap,3.9078,17.33798,73.81498,True
189943,LUGADEWADI,PATAN,4566,PATAN,True,1.0,largest_overlap,1.4116,17.36709,73.94457,True
189944,MAHIND,PATAN,4566,PATAN,True,1.0,largest_overlap,5.8445,17.28006,73.89818,True
189945,MAJGAON,PATAN,4566,PATAN,True,1.0,largest_overlap,8.1177,17.39106,74.04194,True
189946,MALDAN,PATAN,4566,PATAN,True,1.0,largest_overlap,4.0148,17.25194,73.96828,True
189947,MALHARPETH,PATAN,4566,PATAN,True,1.0,largest_overlap,4.0789,17.34568,74.00601,True
189948,MALOSHI,PATAN,4566,PATAN,True,1.0,largest_overlap,7.8453,17.55957,73.90834,True
189952,MANADURE,PATAN,4566,PATAN,True,1.0,largest_overlap,7.2129,17.47444,73.88396,True
189949,MANDRUL HAVELI,PATAN,4566,PATAN,True,1.0,largest_overlap,1.51,17.32936,74.00623,True
189950,MANDRULKOLE,PATAN,4566,PATAN,True,1.0,largest_overlap,2.5435,17.25905,73.95499,True
189951,MANDRULKOLE KH.,PATAN,4566,PATAN,True,1.0,largest_overlap,0.096,17.2769,73.95173,True
189953,MANERI,PATAN,4566,PATAN,True,1.0,largest_overlap,16.5121,17.33065,73.78687,True
189954,MANEWADI,PATAN,4566,PATAN,True,1.0,largest_overlap,3.9195,17.23809,74.01985,True
189955,MANYACHIWADI,PATAN,4566,PATAN,True,1.0,largest_overlap,1.0445,17.26023,73.98222,True
189956,MARALI,PATAN,4566,PATAN,True,1.0,largest_overlap,8.8273,17.3062,73.95341,True
189958,MARATHWADI,PATAN,4566,PATAN,True,1.0,largest_overlap,1.3357,17.2192,73.93917,True
189957,MARLOSHI,PATAN,4566,PATAN,True,1.0,largest_overlap,5.5717,17.49357,73.90323,True
189960,MARUL HAVELI,PATAN,4566,PATAN,True,1.0,largest_overlap,4.5945,17.30436,74.00623,True
189959,MARUL TARF PATAN,PATAN,4566,PATAN,True,1.0,largest_overlap,22.5656,17.40619,73.79645,True
189961,MASKARWADI,PATAN,4566,PATAN,True,1.0,largest_overlap,2.1813,17.15879,73.94328,True
189962,MATHANEWADI,PATAN,4566,PATAN,True,1.0,largest_overlap,2.1265,17.4189,74.01942,True
189963,MATREWADI,PATAN,4566,PATAN,True,1.0,largest_overlap,2.9651,17.19765,73.93051,True
189964,MENDEGHAR,PATAN,4566,PATAN,True,1.0,largest_overlap,7.9709,17.36291,73.73461,True
245215,MENDH JADHAVWADI,PATAN,4566,PATAN,True,1.0,largest_overlap,4.1524,17.19444,73.91685,True
189965,MENDHOSHI,PATAN,4566,PATAN,True,1.0,largest_overlap,7.8636,17.4405,73.90577,True
189966,MHAVASHI,PATAN,4566,PATAN,True,1.0,largest_overlap,11.3814,17.38799,73.92764,True
189967,MOREWADI,PATAN,4566,PATAN,True,1.0,largest_overlap,1.0967,17.22562,73.96348,True
189968,MORGIRI,PATAN,4566,PATAN,True,1.0,largest_overlap,1.3626,17.32752,73.8571,True
189969,MULGAON,PATAN,4566,PATAN,True,1.0,largest_overlap,3.5187,17.3583,73.9062,True
189970,MURUD,PATAN,4566,PATAN,True,1.0,largest_overlap,5.6984,17.53361,73.91737,True
189971,NADE,PATAN,4566,PATAN,True,1.0,largest_overlap,1.6846,17.34243,73.96525,True
189972,NADOLI,PATAN,4566,PATAN,True,1.0,largest_overlap,4.1511,17.36001,73.97466,True
189973,NAHIMBE CHIRAMBE,PATAN,4566,PATAN,True,1.0,largest_overlap,6.6865,17.44128,73.7847,True
189974,NANEGAON BK.,PATAN,4566,PATAN,True,1.0,largest_overlap,6.609,17.41782,73.99644,True
189975,NANEGAON KH.,PATAN,4566,PATAN,True,1.0,largest_overlap,2.9845,17.42709,73.98088,True
189976,NANEL,PATAN,4566,PATAN,True,1.0,largest_overlap,9.8131,17.38801,73.79339,True
189977,NARALWADI,PATAN,4566,PATAN,True,1.0,largest_overlap,1.5307,17.33872,73.99849,True
189978,NATOSHI,PATAN,4566,PATAN,True,1.0,largest_overlap,8.9731,17.31088,73.87948,True
189979,NAV,PATAN,4566,PATAN,True,1.0,largest_overlap,23.1381,17.31863,73.75833,True
189981,NAVADI,PATAN,4566,PATAN,True,1.0,largest_overlap,2.4104,17.33173,74.03884,True
189980,NAVASARWADI,PATAN,4566,PATAN,True,1.0,largest_overlap,1.3299,17.33672,73.98508,True
189982,NECHAL,PATAN,4566,PATAN,True,1.0,largest_overlap,7.2899,17.3647,73.69642,True
189983,NERALE,PATAN,4566,PATAN,True,1.0,largest_overlap,3.8455,17.34418,73.87743,True
189984,NIGADE,PATAN,4566,PATAN,True,1.0,largest_overlap,2.5789,17.20745,73.89419,True
189985,NISARE,PATAN,4566,PATAN,True,1.0,largest_overlap,3.0854,17.3491,74.03286,True
189986,NIVADE,PATAN,4566,PATAN,True,1.0,largest_overlap,6.356,17.5189,73.88016,True
189988,NIVAKANE,PATAN,4566,PATAN,True,1.0,largest_overlap,7.1047,17.49011,73.87186,True
189987,NIVI,PATAN,4566,PATAN,True,1.0,largest_overlap,6.4587,17.17173,73.91832,True
189989,NUNE,PATAN,4566,PATAN,True,1.0,largest_overlap,8.3892,17.52206,73.99251,True
189991,PACHAGANI,PATAN,4566,PATAN,True,1.0,largest_overlap,8.9155,17.3046,73.79155,True
189992,PACHUPATEWADI,PATAN,4566,PATAN,True,1.0,largest_overlap,0.8598,17.23012,73.96921,True
189993,PADLOSHI,PATAN,4566,PATAN,True,1.0,largest_overlap,4.4468,17.42708,73.94615,True
189994,PALASHI,PATAN,4566,PATAN,True,1.0,largest_overlap,9.0595,17.26872,73.83967,True
189995,PANERI,PATAN,4566,PATAN,True,1.0,largest_overlap,10.6203,17.2416,73.82208,True
189996,PAPARDE,PATAN,4566,PATAN,True,1.0,largest_overlap,5.26,17.31729,73.99083,True
189998,PATHAVADE,PATAN,4566,PATAN,True,1.0,largest_overlap,2.0685,17.44091,73.94507,True
189999,PAWARWADI,PATAN,4566,PATAN,True,1.0,largest_overlap,4.1891,17.21217,73.97453,True
190000,PETHSHIVAPUR,PATAN,4566,PATAN,True,1.0,largest_overlap,0.741,17.31917,73.85746,True
190001,PIMPALOSHI,PATAN,4566,PATAN,True,1.0,largest_overlap,1.849,17.3926,73.87356,True
190002,RAHUDE,PATAN,4566,PATAN,True,1.0,largest_overlap,3.6309,17.49439,73.99978,True
190003,RAMISHTEWADI,PATAN,4566,PATAN,True,1.0,largest_overlap,1.4649,17.16148,73.97544,True
190004,RASATI,PATAN,4566,PATAN,True,1.0,largest_overlap,7.868,17.38398,73.75294,True
190005,RUVALE,PATAN,4566,PATAN,True,1.0,largest_overlap,4.3412,17.2436,73.88717,True
190006,SABALEWADI,PATAN,4566,PATAN,True,1.0,largest_overlap,1.5457,17.26567,73.96746,True
190007,SADAWAGHAPUR,PATAN,4566,PATAN,True,1.0,largest_overlap,10.5649,17.38396,73.95745,True
190008,SAIKADE,PATAN,4566,PATAN,True,1.0,largest_overlap,1.5708,17.24453,74.00683,True
190009,SAKHARI,PATAN,4566,PATAN,True,1.0,largest_overlap,6.0839,17.42453,73.90884,True
190010,SALAVE,PATAN,4566,PATAN,True,1.0,largest_overlap,9.5578,17.27259,73.87647,True
190011,SANBUR,PATAN,4566,PATAN,True,1.0,largest_overlap,7.7754,17.25561,73.90509,True
190012,SANGWAD,PATAN,4566,PATAN,True,1.0,largest_overlap,2.1661,17.33135,73.96295,True
190013,SATAR,PATAN,4566,PATAN,True,1.0,largest_overlap,8.7564,17.21667,73.85091,True
190014,SAWARGHAR,PATAN,4566,PATAN,True,1.0,largest_overlap,6.1315,17.52854,73.86408,True
190015,SHEDGEWADI,PATAN,4566,PATAN,True,1.0,largest_overlap,1.8051,17.34401,74.05916,True
190016,SHENDEWADI,PATAN,4566,PATAN,True,1.0,largest_overlap,3.7651,17.18156,73.99841,True
190017,SHIDRUKWADI,PATAN,4566,PATAN,True,1.0,largest_overlap,3.6677,17.26122,73.99882,True
190018,SHINDEWADI,PATAN,4566,PATAN,True,1.0,largest_overlap,4.1813,17.30832,73.91535,True
190019,SHINGANWADI,PATAN,4566,PATAN,True,1.0,largest_overlap,2.5835,17.38566,74.01072,True
190020,SHIRAL,PATAN,4566,PATAN,True,1.0,largest_overlap,8.9815,17.37185,73.83355,True
190021,SHITAPWADI,PATAN,4566,PATAN,True,1.0,largest_overlap,1.1263,17.26697,73.95011,True
190022,SHIVANDESHWAR,PATAN,4566,PATAN,True,1.0,largest_overlap,5.3066,17.38817,73.71479,True
190023,SONAICHIWADI,PATAN,4566,PATAN,True,1.0,largest_overlap,3.8264,17.32069,74.01917,True
190024,SONAVADE,PATAN,4566,PATAN,True,1.0,largest_overlap,3.1044,17.3029,73.93206,True
190025,SULEWADI,PATAN,4566,PATAN,True,1.0,largest_overlap,2.5104,17.31802,73.92839,True
190026,SUPUGADEWADI,PATAN,4566,PATAN,True,1.0,largest_overlap,0.6212,17.20194,73.96842,True
190027,SURUL,PATAN,4566,PATAN,True,1.0,largest_overlap,2.3254,17.3898,73.90319,True
190028,SUTARWADI,PATAN,4566,PATAN,True,1.0,largest_overlap,1.4232,17.26055,73.97359,True
190030,TAMINE,PATAN,4566,PATAN,True,1.0,largest_overlap,5.366,17.25978,73.85535,True
190031,TAMKADE,PATAN,4566,PATAN,True,1.0,largest_overlap,2.626,17.36063,73.87374,True
190032,TARALE,PATAN,4566,PATAN,True,1.0,largest_overlap,14.9892,17.50048,73.97074,True
190029,TAYGADEWADI,PATAN,4566,PATAN,True,1.0,largest_overlap,1.7908,17.23579,73.99605,True
190034,THOMASE,PATAN,4566,PATAN,True,1.0,largest_overlap,4.4465,17.36594,74.00399,True
190035,TOLEWADI,PATAN,4566,PATAN,True,1.0,largest_overlap,6.0513,17.382,73.8626,True
190036,TONDOSHI,PATAN,4566,PATAN,True,1.0,largest_overlap,2.6045,17.52609,73.90518,True
190037,TRIPUDI,PATAN,4566,PATAN,True,1.0,largest_overlap,5.7548,17.35896,73.92461,True
190038,UDHAVANE,PATAN,4566,PATAN,True,1.0,largest_overlap,2.7923,17.25385,73.88079,True
245216,UMARKANCHAN,PATAN,4566,PATAN,True,1.0,largest_overlap,3.9154,17.2169,73.90936,True
190039,URUL,PATAN,4566,PATAN,True,1.0,largest_overlap,3.0345,17.36995,74.02792,True
190048,VAJAROSHI,PATAN,4566,PATAN,True,1.0,largest_overlap,6.4197,17.47174,73.95688,True
190046,VANZOLE,PATAN,4566,PATAN,True,1.0,largest_overlap,4.1811,17.36258,73.77745,True
190047,VATOLE,PATAN,4566,PATAN,True,1.0,largest_overlap,9.287,17.42551,73.80618,True
190040,VEKHANDWADI,PATAN,4566,PATAN,True,1.0,largest_overlap,6.1593,17.47616,73.9875,True
190041,VETALWADI,PATAN,4566,PATAN,True,1.0,largest_overlap,1.9233,17.33443,74.0273,True
190042,VIHE,PATAN,4566,PATAN,True,1.0,largest_overlap,7.8745,17.33571,74.05056,True
190043,VIREWADI,PATAN,4566,PATAN,True,1.0,largest_overlap,2.4954,17.45013,73.94951,True
190044,WADI KOTAWADE,PATAN,4566,PATAN,True,1.0,largest_overlap,1.6234,17.31891,73.86579,True
190045,WAGHAJAIWADI,PATAN,4566,PATAN,True,1.0,largest_overlap,1.7972,17.40002,73.98646,True
190049,WANZOLI,PATAN,4566,PATAN,True,1.0,largest_overlap,2.9927,17.19627,73.94415,True
190050,YERAD,PATAN,4566,PATAN,True,1.0,largest_overlap,5.8063,17.3747,73.85105,True
190051,YERADWADI,PATAN,4566,PATAN,True,1.0,largest_overlap,2.1345,17.34704,73.98679,True
190052,YERPHALE,PATAN,4566,PATAN,True,1.0,largest_overlap,5.2752,17.37232,73.93582,True
190054,ZAKADE,PATAN,4566,PATAN,True,1.0,largest_overlap,5.417,17.34036,73.83245,True
190055,ADARKI BK.,PHALTAN,4567,PHALTAN,True,1.0,largest_overlap,13.5384,17.91221,74.2227,True
190056,ADARKI KH.,PHALTAN,4567,PHALTAN,True,1.0,largest_overlap,15.2331,17.9054,74.19043,True
190057,ALGUDEWADI,PHALTAN,4567,PHALTAN,True,1.0,largest_overlap,4.9506,18.01022,74.4642,True
190058,ALJAPUR,PHALTAN,4567,PHALTAN,True,1.0,largest_overlap,11.2438,17.90628,74.24562,True
190059,ANDRUD,PHALTAN,4567,PHALTAN,True,1.0,largest_overlap,11.7998,17.88911,74.62192,True
190060,ARADGAON,PHALTAN,4567,PHALTAN,True,1.0,largest_overlap,9.2111,17.99363,74.21326,True
190061,ASU,PHALTAN,4567,PHALTAN,True,1.0,largest_overlap,16.253,18.04745,74.6654,True
190062,BARAD,PHALTAN,4567,PHALTAN,True,1.0,largest_overlap,12.3857,17.94986,74.58946,True
190063,BHADALI BK.,PHALTAN,4567,PHALTAN,True,1.0,largest_overlap,2.5871,17.94282,74.4641,True
190064,BHADALI KH.,PHALTAN,4567,PHALTAN,True,1.0,largest_overlap,5.041,17.93546,74.47594,True
190065,BHILKATTI,PHALTAN,4567,PHALTAN,True,1.0,largest_overlap,3.5292,18.02185,74.3803,True
190066,BIBI,PHALTAN,4567,PHALTAN,True,1.0,largest_overlap,12.7817,17.91395,74.26447,True
190067,BODKEWADI,PHALTAN,4567,PHALTAN,True,1.0,largest_overlap,11.8632,17.87615,74.42085,True
190068,CHAMBHARWADI,PHALTAN,4567,PHALTAN,True,1.0,largest_overlap,2.5791,17.99654,74.19166,True
190069,CHAUDHARWADI,PHALTAN,4567,PHALTAN,True,1.0,largest_overlap,9.7585,18.01897,74.40454,True
190070,CHAVHANWADI,PHALTAN,4567,PHALTAN,True,1.0,largest_overlap,5.5409,18.0189,74.21928,True
190071,DALVADI,PHALTAN,4567,PHALTAN,True,1.0,largest_overlap,15.5125,17.89645,74.38006,True
190073,DHAVAL,PHALTAN,4567,PHALTAN,True,1.0,largest_overlap,10.3134,17.90107,74.32727,True
190075,DHAVALEWADI (ASU),PHALTAN,4567,PHALTAN,True,1.0,largest_overlap,3.5223,18.03969,74.63655,True
190074,DHAVALEWADI(NIMB),PHALTAN,4567,PHALTAN,True,1.0,largest_overlap,5.5163,17.9979,74.34879,True
190076,DHULDEV,PHALTAN,4567,PHALTAN,True,1.0,largest_overlap,4.1666,17.99529,74.45816,True
190077,DHUMALWADI,PHALTAN,4567,PHALTAN,True,1.0,largest_overlap,37.4796,17.87791,74.4679,True
190078,DOMBALWADI,PHALTAN,4567,PHALTAN,True,1.0,largest_overlap,2.5503,18.03579,74.28233,True
190079,DUDHEBAVI,PHALTAN,4567,PHALTAN,True,1.0,largest_overlap,21.364,17.91296,74.50792,True
190080,FADATARWADI,PHALTAN,4567,PHALTAN,True,1.0,largest_overlap,4.793,18.04104,74.37393,True
190128,FARANDWADI,PHALTAN,4567,PHALTAN,True,1.0,largest_overlap,8.1617,17.99679,74.39837,True
190081,GHADGE MALA,PHALTAN,4567,PHALTAN,True,1.0,largest_overlap,4.5489,18.00413,74.30825,True
190082,GHADGEWADI,PHALTAN,4567,PHALTAN,True,1.0,largest_overlap,6.4941,17.94755,74.27931,True
190084,GOKHALI,PHALTAN,4567,PHALTAN,True,1.0,largest_overlap,8.3982,18.02969,74.61638,True
190085,GUNWARE,PHALTAN,4567,PHALTAN,True,1.0,largest_overlap,14.282,17.99977,74.60304,True
190086,HANMANTWADI,PHALTAN,4567,PHALTAN,True,1.0,largest_overlap,6.2189,18.0106,74.6543,True
190087,HINGANGAON,PHALTAN,4567,PHALTAN,True,1.0,largest_overlap,12.3698,17.9682,74.22588,True
190088,HOL,PHALTAN,4567,PHALTAN,True,1.0,largest_overlap,7.946,18.08067,74.35275,True
190090,JADHAVNAGAR,PHALTAN,4567,PHALTAN,True,1.0,largest_overlap,3.1036,18.01224,74.63197,True
190089,JADHAVWADI(ASU),PHALTAN,4567,PHALTAN,True,1.0,largest_overlap,7.4099,17.9604,74.43451,True
190092,JAOLI,PHALTAN,4567,PHALTAN,True,1.0,largest_overlap,28.8283,17.87831,74.58168,True
190093,JINTI,PHALTAN,4567,PHALTAN,True,1.0,largest_overlap,11.9994,18.05442,74.3774,True
190094,KALAJ,PHALTAN,4567,PHALTAN,True,1.0,largest_overlap,10.7646,18.00931,74.28994,True
190095,KAMBLESHWAR,PHALTAN,4567,PHALTAN,True,1.0,largest_overlap,9.5795,18.04541,74.44035,True
190096,KAPADGAON,PHALTAN,4567,PHALTAN,True,1.0,largest_overlap,8.8118,18.02141,74.19755,True
190097,KAPASHI,PHALTAN,4567,PHALTAN,True,1.0,largest_overlap,8.267,17.94,74.24449,True
190098,KASHIDWADI,PHALTAN,4567,PHALTAN,True,1.0,largest_overlap,3.3543,17.99787,74.36837,True
190099,KHADAKI,PHALTAN,4567,PHALTAN,True,1.0,largest_overlap,6.668,17.94767,74.33441,True
190100,KHAMGAON,PHALTAN,4567,PHALTAN,True,1.0,largest_overlap,9.0369,18.06444,74.32345,True
190101,KHARADEWADI,PHALTAN,4567,PHALTAN,True,1.0,largest_overlap,4.2815,18.02961,74.31723,True
190102,KHATKEWASTI,PHALTAN,4567,PHALTAN,True,1.0,largest_overlap,5.1561,18.03185,74.59934,True
190103,KHUNTE,PHALTAN,4567,PHALTAN,True,1.0,largest_overlap,7.6418,18.05728,74.4212,True
190104,KOLKI,PHALTAN,4567,PHALTAN,True,1.0,largest_overlap,7.9176,17.97773,74.45377,True
190105,KOREGAON,PHALTAN,4567,PHALTAN,True,1.0,largest_overlap,5.2296,18.04767,74.21349,True
190106,KORHALE,PHALTAN,4567,PHALTAN,True,1.0,largest_overlap,5.5483,17.8994,74.27711,True
190108,KURVALI BK.,PHALTAN,4567,PHALTAN,True,1.0,largest_overlap,22.82,17.92484,74.62758,True
190107,KURVALI KH.,PHALTAN,4567,PHALTAN,True,1.0,largest_overlap,9.7258,17.93709,74.40065,True
190109,KUSUR,PHALTAN,4567,PHALTAN,True,1.0,largest_overlap,2.8409,18.06386,74.24773,True
190111,MALEWADI,PHALTAN,4567,PHALTAN,True,1.0,largest_overlap,1.3856,18.0507,74.24358,True
190110,MALVADI,PHALTAN,4567,PHALTAN,True,1.0,largest_overlap,13.6044,17.93614,74.30966,True
190112,MANEWADI,PHALTAN,4567,PHALTAN,True,1.0,largest_overlap,3.5801,17.85595,74.33841,True
190113,MATHACHIWADI,PHALTAN,4567,PHALTAN,True,1.0,largest_overlap,9.2837,18.00857,74.57212,True
190114,MIRDHE,PHALTAN,4567,PHALTAN,True,1.0,largest_overlap,18.5354,17.89885,74.55641,True
190116,MIRGAON,PHALTAN,4567,PHALTAN,True,1.0,largest_overlap,9.9455,17.97303,74.34484,True
190115,MIRYACHIWADIR (DALWADI),PHALTAN,4567,PHALTAN,True,1.0,largest_overlap,3.5815,18.07954,74.25374,True
190118,MULIKWADI,PHALTAN,4567,PHALTAN,True,1.0,largest_overlap,9.2626,17.97004,74.29053,True
190119,MUNJWADI,PHALTAN,4567,PHALTAN,True,1.0,largest_overlap,14.7204,17.98765,74.64273,True
190120,MURUM,PHALTAN,4567,PHALTAN,True,1.0,largest_overlap,5.7193,18.05758,74.30223,True
190121,NAIK BOMWADI,PHALTAN,4567,PHALTAN,True,1.0,largest_overlap,8.103,17.93413,74.54325,True
190122,NANDAL,PHALTAN,4567,PHALTAN,True,1.0,largest_overlap,13.4622,17.99017,74.31313,True
190124,NIMBHORE,PHALTAN,4567,PHALTAN,True,1.0,largest_overlap,8.2,18.02292,74.36156,True
190123,NIMBLAK,PHALTAN,4567,PHALTAN,True,1.0,largest_overlap,12.5747,17.97622,74.56468,True
190125,NIRUGUDI,PHALTAN,4567,PHALTAN,True,1.0,largest_overlap,10.9649,17.91726,74.44682,True
190126,PADEGAON,PHALTAN,4567,PHALTAN,True,1.0,largest_overlap,14.1765,18.07763,74.22678,True
190127,PAWARWADI,PHALTAN,4567,PHALTAN,True,1.0,largest_overlap,5.9336,18.0263,74.64175,True
190130,PIRACHIWADI,PHALTAN,4567,PHALTAN,True,1.0,largest_overlap,11.6463,18.05669,74.34623,True
190132,RAJURI,PHALTAN,4567,PHALTAN,True,1.0,largest_overlap,18.1761,17.95781,74.63837,True
190134,RAVADI KH.,PHALTAN,4567,PHALTAN,True,1.0,largest_overlap,6.3037,18.06388,74.26561,True
190135,SALPE,PHALTAN,4567,PHALTAN,True,1.0,largest_overlap,13.4781,17.94564,74.17255,True
190136,SANGAVI,PHALTAN,4567,PHALTAN,True,1.0,largest_overlap,17.0371,18.03909,74.50178,True
190137,SARADE,PHALTAN,4567,PHALTAN,True,1.0,largest_overlap,10.4182,18.05054,74.5622,True
190138,SASKAL,PHALTAN,4567,PHALTAN,True,1.0,largest_overlap,8.0529,17.92122,74.46609,True
190139,SASTEWADI,PHALTAN,4567,PHALTAN,True,1.0,largest_overlap,11.5014,18.01775,74.43823,True
190140,SASWAD,PHALTAN,4567,PHALTAN,True,1.0,largest_overlap,22.2427,17.97898,74.25641,True
190141,SATHE,PHALTAN,4567,PHALTAN,True,1.0,largest_overlap,9.4371,18.03901,74.57893,True
190143,SHERECHIWADI (DH.),PHALTAN,4567,PHALTAN,True,1.0,largest_overlap,5.7955,17.92108,74.32951,True
190145,SHERESHINDEWADI,PHALTAN,4567,PHALTAN,True,1.0,largest_overlap,6.9393,17.94118,74.55834,True
190146,SHINDEMALA,PHALTAN,4567,PHALTAN,True,1.0,largest_overlap,2.0965,18.04978,74.23014,True
190147,SHINDENAGAR,PHALTAN,4567,PHALTAN,True,1.0,largest_overlap,6.792,18.02227,74.67804,True
190148,SHINDEWADI,PHALTAN,4567,PHALTAN,True,1.0,largest_overlap,4.7629,18.0446,74.40644,True
190149,SOMANTHALI,PHALTAN,4567,PHALTAN,True,1.0,largest_overlap,10.2285,18.0305,74.47115,True
190152,SONGAON,PHALTAN,4567,PHALTAN,True,1.0,largest_overlap,7.075,18.04857,74.53367,True
190150,SONWADI BK.,PHALTAN,4567,PHALTAN,True,1.0,largest_overlap,3.8774,17.96237,74.47356,True
190151,SONWADI KH.,PHALTAN,4567,PHALTAN,True,1.0,largest_overlap,5.2082,17.96319,74.49368,True
190153,SURVADI,PHALTAN,4567,PHALTAN,True,1.0,largest_overlap,10.4469,18.02184,74.33669,True
190154,TADAVALE,PHALTAN,4567,PHALTAN,True,1.0,largest_overlap,5.8339,18.03194,74.3003,True
190155,TAKALWADE,PHALTAN,4567,PHALTAN,True,1.0,largest_overlap,5.7037,17.99526,74.54873,True
190156,TAKUBAICHIWADI,PHALTAN,4567,PHALTAN,True,1.0,largest_overlap,2.2248,17.95997,74.24127,True
190157,TAMBAVE,PHALTAN,4567,PHALTAN,True,1.0,largest_overlap,7.5497,17.99486,74.17495,True
190158,TARADGAON,PHALTAN,4567,PHALTAN,True,1.0,largest_overlap,22.879,18.02559,74.24969,True
190159,TARDAF,PHALTAN,4567,PHALTAN,True,1.0,largest_overlap,11.3346,17.85133,74.35548,True
190160,TATHAVADA,PHALTAN,4567,PHALTAN,True,1.0,largest_overlap,20.1182,17.86594,74.31765,True
190161,TAVADI,PHALTAN,4567,PHALTAN,True,1.0,largest_overlap,4.8043,17.95194,74.39457,True
190162,THAKURKI,PHALTAN,4567,PHALTAN,True,1.0,largest_overlap,9.3482,17.97018,74.40591,True
190163,TIRAKWADI,PHALTAN,4567,PHALTAN,True,1.0,largest_overlap,4.9762,17.94352,74.4922,True
190164,UPALAVE,PHALTAN,4567,PHALTAN,True,1.0,largest_overlap,23.0122,17.84814,74.39788,True
190165,VADALE,PHALTAN,4567,PHALTAN,True,1.0,largest_overlap,17.6684,17.93928,74.5257,True
190166,VADGAON,PHALTAN,4567,PHALTAN,True,1.0,largest_overlap,4.6284,17.90953,74.29547,True
190167,VADJAL,PHALTAN,4567,PHALTAN,True,1.0,largest_overlap,2.5681,18.00208,74.38196,True
190168,VELOSHI,PHALTAN,4567,PHALTAN,True,1.0,largest_overlap,6.5498,17.83769,74.36636,True
190169,VIDANI,PHALTAN,4567,PHALTAN,True,1.0,largest_overlap,22.5501,17.99873,74.49202,True
190170,VINCHURNI,PHALTAN,4567,PHALTAN,True,1.0,largest_overlap,9.2611,17.92683,74.42647,True
190171,VITTHALWADI,PHALTAN,4567,PHALTAN,True,1.0,largest_overlap,2.0838,18.01236,74.26881,True
190172,WAGHOSHI,PHALTAN,4567,PHALTAN,True,1.0,largest_overlap,4.5634,17.88906,74.28983,True
190173,WAKHARI,PHALTAN,4567,PHALTAN,True,1.0,largest_overlap,6.7236,17.91966,74.3781,True
190174,WATHAR (NIMBALKAR),PHALTAN,4567,PHALTAN,True,1.0,largest_overlap,23.9401,17.95378,74.36611,True
190175,ZADAKBAICHIWADI,PHALTAN,4567,PHALTAN,True,1.0,largest_overlap,4.0139,17.88675,74.34972,True
190176,ZIRAPWADI,PHALTAN,4567,PHALTAN,True,1.0,largest_overlap,6.8668,17.95339,74.45177,True
190177,AGUNDEWADI,SATARA,4568,SATARA,True,1.0,largest_overlap,3.8723,17.72008,73.87697,True
190178,AKALE,SATARA,4568,SATARA,True,1.0,largest_overlap,2.9313,17.74641,73.92704,True
190179,ALAVADI - DHAVALI,SATARA,4568,SATARA,True,1.0,largest_overlap,6.0809,17.67956,73.81331,True
190180,AMBALE - RAIGHAR,SATARA,4568,SATARA,True,1.0,largest_overlap,3.7906,17.61854,73.90257,True
190181,AMBAVADE BK.,SATARA,4568,SATARA,True,1.0,largest_overlap,5.3447,17.67097,73.91964,True
190182,AMBAVADE- KD.,SATARA,4568,SATARA,True,1.0,largest_overlap,3.5431,17.65698,73.95241,True
190183,AMBEWADI,SATARA,4568,SATARA,True,1.0,largest_overlap,2.6337,17.55384,74.0852,True
190184,ANGAPUR T. TARGAON,SATARA,4568,SATARA,True,1.0,largest_overlap,5.767,17.57766,74.13467,True
190185,ANGAPUR-VANDAN,SATARA,4568,SATARA,True,1.0,largest_overlap,7.4985,17.59829,74.1351,True
190186,APASHINGE,SATARA,4568,SATARA,True,1.0,largest_overlap,9.4576,17.576,74.07298,True
190187,ARALE,SATARA,4568,SATARA,True,1.0,largest_overlap,6.1217,17.75458,74.03902,True
190188,ARE T.PARALI,SATARA,4568,SATARA,True,1.0,largest_overlap,3.1031,17.62825,73.94552,True
190189,ARGADWADI,SATARA,4568,SATARA,True,1.0,largest_overlap,1.2404,17.69166,73.88706,True
190190,ARPHAL,SATARA,4568,SATARA,True,1.0,largest_overlap,6.1135,17.77262,74.04598,True
190193,AS THE,SATARA,4568,SATARA,True,1.0,largest_overlap,2.4068,17.67543,73.89927,True
190191,ASANGAON,SATARA,4568,SATARA,True,1.0,largest_overlap,1.2657,17.59254,73.93298,True
237429,ATALI-SAVALI,SATARA,4568,SATARA,True,1.0,largest_overlap,8.3689,17.71332,73.85378,True
190194,ATIT,SATARA,4568,SATARA,True,1.0,largest_overlap,16.9216,17.52153,74.05939,True
190196,BASAPPACHIWADI,SATARA,4568,SATARA,True,1.0,largest_overlap,2.4765,17.7495,74.0295,True
190197,BENDWADI,SATARA,4568,SATARA,True,1.0,largest_overlap,2.1738,17.59662,73.91426,True
237430,BHAIRAVGAD,SATARA,4568,SATARA,True,1.0,largest_overlap,3.371,17.55712,73.95375,True
190198,BHARATGAON,SATARA,4568,SATARA,True,1.0,largest_overlap,2.4365,17.59783,74.03065,True
190199,BHARATGAONWADI,SATARA,4568,SATARA,True,1.0,largest_overlap,6.3185,17.60634,74.04352,True
190200,BHATMARALI,SATARA,4568,SATARA,True,1.0,largest_overlap,5.4143,17.604,73.984,True
190201,BHONDAVADE,SATARA,4568,SATARA,True,1.0,largest_overlap,2.2323,17.66099,73.94102,True
190202,BOPOSHI,SATARA,4568,SATARA,True,1.0,largest_overlap,4.8188,17.57666,73.89199,True
190203,BORGAON,SATARA,4568,SATARA,True,1.0,largest_overlap,9.2161,17.58992,74.05511,True
190204,BORKHAL,SATARA,4568,SATARA,True,1.0,largest_overlap,8.8573,17.73452,74.07789,True
190205,BORNE,SATARA,4568,SATARA,True,1.0,largest_overlap,4.4563,17.6169,73.88661,True
190206,CHALAKEWADI,SATARA,4568,SATARA,True,1.0,largest_overlap,13.2561,17.6001,73.8263,True
190207,CHIKHALI,SATARA,4568,SATARA,True,1.0,largest_overlap,8.5414,17.57937,73.85735,True
190211,CHINCHANER S. NIMB,SATARA,4568,SATARA,True,1.0,largest_overlap,5.3272,17.67206,74.08863,True
190208,CHINCHANI,SATARA,4568,SATARA,True,1.0,largest_overlap,5.3257,17.75435,73.90133,True
190210,CHINCHNER-VANDAN,SATARA,4568,SATARA,True,1.0,largest_overlap,5.8966,17.64931,74.08811,True
190212,CHORAGEWADI,SATARA,4568,SATARA,True,1.0,largest_overlap,2.9014,17.71969,73.90068,True
190213,DABEWADI,SATARA,4568,SATARA,True,1.0,largest_overlap,4.1861,17.66082,73.96641,True
190215,DARE -T-PARALI,SATARA,4568,SATARA,True,1.0,largest_overlap,3.6322,17.62043,73.9326,True
190216,DEGAON,SATARA,4568,SATARA,True,1.0,largest_overlap,16.3071,17.63443,74.05183,True
190217,DEOKAL - PARAMBE,SATARA,4568,SATARA,True,1.0,largest_overlap,3.1041,17.72595,73.85334,True
190218,DESHMUKH NAGAR,SATARA,4568,SATARA,True,1.0,largest_overlap,0.1235,17.5376,74.12078,True
190221,DHANAGARWADI(KODOLI),SATARA,4568,SATARA,True,1.0,largest_overlap,3.1698,17.67938,74.03585,True
190220,DHANAGARWADI(NIGADI),SATARA,4568,SATARA,True,1.0,largest_overlap,2.1788,17.6126,74.09055,True
190219,DHANAVADEWADI,SATARA,4568,SATARA,True,1.0,largest_overlap,1.1391,17.5918,73.94344,True
190222,DHAWADSHI,SATARA,4568,SATARA,True,1.0,largest_overlap,4.6648,17.75757,73.93483,True
190223,DHONDEWADI,SATARA,4568,SATARA,True,1.0,largest_overlap,1.0987,17.56009,74.13105,True
190224,DOLEGAON,SATARA,4568,SATARA,True,1.0,largest_overlap,2.774,17.60203,74.0075,True
190225,FATTYAPUR,SATARA,4568,SATARA,True,1.0,largest_overlap,4.0614,17.54973,74.12589,True
190226,GAJAVADI,SATARA,4568,SATARA,True,1.0,largest_overlap,2.3472,17.6567,73.9248,True
190227,GANESHWADI,SATARA,4568,SATARA,True,1.0,largest_overlap,5.3026,17.5478,74.02188,True
190228,GAVADI,SATARA,4568,SATARA,True,1.0,largest_overlap,2.8169,17.70911,73.92339,True
190229,GOGAVALEWADI,SATARA,4568,SATARA,True,1.0,largest_overlap,2.5663,17.74646,73.91297,True
190230,GOJEGAON,SATARA,4568,SATARA,True,1.0,largest_overlap,2.7821,17.65027,74.11013,True
190231,GOVE,SATARA,4568,SATARA,True,1.0,largest_overlap,9.9846,17.80521,74.01315,True
190232,HAMADABAJ,SATARA,4568,SATARA,True,1.0,largest_overlap,2.4625,17.71978,73.96411,True
190234,JADHAVWADI,SATARA,4568,SATARA,True,1.0,largest_overlap,3.5104,17.61924,74.10602,True
190235,JAITAPUR,SATARA,4568,SATARA,True,1.0,largest_overlap,2.2167,17.65999,74.06682,True
190236,JAKATWADI,SATARA,4568,SATARA,True,1.0,largest_overlap,2.7495,17.66347,73.97953,True
190238,JAMBHE,SATARA,4568,SATARA,True,1.0,largest_overlap,5.4406,17.56537,73.86839,True
189061,JAWALWADI,SATARA,4568,SATARA,True,1.0,largest_overlap,2.1003,17.52548,74.11373,True
190240,JIHE,SATARA,4568,SATARA,True,1.0,largest_overlap,7.3922,17.62275,74.14492,True
190241,JOTIBACHIWADI,SATARA,4568,SATARA,True,1.0,largest_overlap,1.0558,17.72631,73.89311,True
190242,KALAMBE,SATARA,4568,SATARA,True,1.0,largest_overlap,4.3749,17.73557,73.93907,True
190243,KALOSHI,SATARA,4568,SATARA,True,1.0,largest_overlap,3.7966,17.67848,73.93992,True
190244,KAMATHI T.SATARA,SATARA,4568,SATARA,True,1.0,largest_overlap,8.1403,17.73276,73.86363,True
190245,KAMERI,SATARA,4568,SATARA,True,1.0,largest_overlap,6.2869,17.55349,74.14225,True
190246,KANHER,SATARA,4568,SATARA,True,1.0,largest_overlap,5.2156,17.72133,73.91598,True
190247,KARANDI,SATARA,4568,SATARA,True,1.0,largest_overlap,5.9042,17.63076,73.96214,True
190248,KARANDWADI,SATARA,4568,SATARA,True,1.0,largest_overlap,1.6783,17.65187,74.0432,True
190249,KARANJE T.PARALI,SATARA,4568,SATARA,True,1.0,largest_overlap,3.0016,17.69133,73.92229,True
190250,KARI,SATARA,4568,SATARA,True,1.0,largest_overlap,7.9897,17.63531,73.91475,True
190252,KASHIL,SATARA,4568,SATARA,True,1.0,largest_overlap,10.484,17.48115,74.0837,True
190253,KELAVALI - SANDAVALI,SATARA,4568,SATARA,True,1.0,largest_overlap,11.3883,17.64329,73.82411,True
190254,KHADGAON,SATARA,4568,SATARA,True,1.0,largest_overlap,4.1405,17.64115,73.86407,True
190255,KHAVALI,SATARA,4568,SATARA,True,1.0,largest_overlap,0.0591,17.69342,74.07133,True
190256,KHED,SATARA,4568,SATARA,True,1.0,largest_overlap,7.5893,17.69726,74.02893,True
190257,KHINDWADI,SATARA,4568,SATARA,True,1.0,largest_overlap,3.2048,17.65728,74.02143,True
190258,KHODAD,SATARA,4568,SATARA,True,1.0,largest_overlap,4.538,17.51562,74.08202,True
190259,KHOJEWADI,SATARA,4568,SATARA,True,1.0,largest_overlap,10.1933,17.54921,74.10376,True
190260,KIDGAON,SATARA,4568,SATARA,True,1.0,largest_overlap,4.1888,17.73732,73.95676,True
190263,KONDAVE,SATARA,4568,SATARA,True,1.0,largest_overlap,6.399,17.71223,73.97061,True
190262,KONDHAVALI,SATARA,4568,SATARA,True,1.0,largest_overlap,11.8758,17.65845,74.03701,True
190264,KOPARDE,SATARA,4568,SATARA,True,1.0,largest_overlap,6.5411,17.48354,74.11009,True
190266,KSHETRA MAHULI,SATARA,4568,SATARA,True,1.0,largest_overlap,6.3289,17.69341,74.06182,True
190267,KUMATHE,SATARA,4568,SATARA,True,1.0,largest_overlap,2.9401,17.59706,73.96262,True
190268,KURALBAJI,SATARA,4568,SATARA,True,1.0,largest_overlap,6.6131,17.70788,73.83613,True
190269,KURUN,SATARA,4568,SATARA,True,1.0,largest_overlap,1.5381,17.68972,73.92882,True
190270,KUS - BK.,SATARA,4568,SATARA,True,1.0,largest_overlap,3.2449,17.63691,73.879,True
190271,KUS - KD.,SATARA,4568,SATARA,True,1.0,largest_overlap,0.8438,17.64921,73.88235,True
190272,KUSAVADE,SATARA,4568,SATARA,True,1.0,largest_overlap,10.2537,17.57439,73.9543,True
190273,KUSHI,SATARA,4568,SATARA,True,1.0,largest_overlap,5.9578,17.77388,73.96868,True
190274,LANDEWADI,SATARA,4568,SATARA,True,1.0,largest_overlap,1.7199,17.52107,74.10205,True
190275,LAWANGHAR,SATARA,4568,SATARA,True,1.0,largest_overlap,2.351,17.69823,73.89385,True
190276,LIMB,SATARA,4568,SATARA,True,1.0,largest_overlap,21.6642,17.77648,74.00675,True
190277,LIMBACHIWADI,SATARA,4568,SATARA,True,1.0,largest_overlap,3.9498,17.52935,74.12388,True
190278,MAHAGAON,SATARA,4568,SATARA,True,1.0,largest_overlap,6.847,17.68277,74.075,True
190279,MAJGAON,SATARA,4568,SATARA,True,1.0,largest_overlap,3.5907,17.55093,74.07084,True
190280,MALGAON,SATARA,4568,SATARA,True,1.0,largest_overlap,14.0826,17.80856,74.04539,True
190281,MALYACHI WADI,SATARA,4568,SATARA,True,1.0,largest_overlap,0.6047,17.73822,73.92802,True
190282,MANDAVE,SATARA,4568,SATARA,True,1.0,largest_overlap,7.4025,17.55988,73.97136,True
190283,MAPARWADI,SATARA,4568,SATARA,True,1.0,largest_overlap,2.3943,17.60932,73.95338,True
190284,MARDHE,SATARA,4568,SATARA,True,1.0,largest_overlap,5.3489,17.81805,73.98675,True
190285,MASKARWADI,SATARA,4568,SATARA,True,1.0,largest_overlap,1.4255,17.69634,73.90373,True
190288,MOREWADI,SATARA,4568,SATARA,True,1.0,largest_overlap,1.925,17.56628,73.89209,True
190289,NAGEWADI,SATARA,4568,SATARA,True,1.0,largest_overlap,2.4265,17.7659,73.99059,True
190290,NAGTHANE,SATARA,4568,SATARA,True,1.0,largest_overlap,12.3145,17.56011,74.03867,True
190291,NANDGAON,SATARA,4568,SATARA,True,1.0,largest_overlap,3.8206,17.52032,74.14326,True
190292,NELE,SATARA,4568,SATARA,True,1.0,largest_overlap,7.2392,17.74763,73.96988,True
190293,NHALEWADI,SATARA,4568,SATARA,True,1.0,largest_overlap,0.0013,17.81123,74.04116,True
190295,NIGADI T.SATARA,SATARA,4568,SATARA,True,1.0,largest_overlap,9.7147,17.62136,74.08436,True
190294,NIGADI VANDAN,SATARA,4568,SATARA,True,1.0,largest_overlap,2.3587,17.56954,74.13754,True
190296,NIGUDMAL,SATARA,4568,SATARA,True,1.0,largest_overlap,3.6949,17.64928,73.85184,True
190297,NINAM,SATARA,4568,SATARA,True,1.0,largest_overlap,9.1631,17.57099,73.99383,True
190298,NISRALE,SATARA,4568,SATARA,True,1.0,largest_overlap,2.9861,17.52419,74.09199,True
190299,NUNE,SATARA,4568,SATARA,True,1.0,largest_overlap,4.088,17.71763,73.94465,True
190300,PADALI,SATARA,4568,SATARA,True,1.0,largest_overlap,11.3885,17.58142,74.02211,True
190301,PALSAVADE,SATARA,4568,SATARA,True,1.0,largest_overlap,3.1998,17.62835,73.86031,True
190302,PANGARE,SATARA,4568,SATARA,True,1.0,largest_overlap,5.3137,17.62538,73.88051,True
190303,PANMALEWADI,SATARA,4568,SATARA,True,1.0,largest_overlap,3.0392,17.74469,73.98346,True
190304,PARALI,SATARA,4568,SATARA,True,1.0,largest_overlap,4.018,17.65742,73.90776,True
190305,PARAMALE,SATARA,4568,SATARA,True,1.0,largest_overlap,3.6041,17.58057,73.91659,True
190306,PATEGHAR,SATARA,4568,SATARA,True,1.0,largest_overlap,9.7497,17.6839,73.83488,True
190308,PATKHAL,SATARA,4568,SATARA,True,1.0,largest_overlap,11.638,17.71698,74.04951,True
190309,PETRI - ANAWALE,SATARA,4568,SATARA,True,1.0,largest_overlap,2.7604,17.70479,73.86996,True
190310,PHADATARWADI,SATARA,4568,SATARA,True,1.0,largest_overlap,3.0096,17.60909,74.13202,True
190311,PILANI,SATARA,4568,SATARA,True,1.0,largest_overlap,3.049,17.58357,73.93334,True
190312,PILANIWADI,SATARA,4568,SATARA,True,1.0,largest_overlap,3.2109,17.57642,73.94581,True
190313,PIMPALWADI,SATARA,4568,SATARA,True,1.0,largest_overlap,3.1541,17.76042,73.95272,True
190314,POGARWADI,SATARA,4568,SATARA,True,1.0,largest_overlap,2.3916,17.63602,73.94964,True
189121,PUNAVADI,SATARA,4568,SATARA,True,1.0,largest_overlap,2.1558,17.68108,73.88877,True
190315,RAJAPURI,SATARA,4568,SATARA,True,1.0,largest_overlap,4.9863,17.59711,73.89626,True
190316,RAKUSALEWADI,SATARA,4568,SATARA,True,1.0,largest_overlap,1.7883,17.59453,73.92389,True
190317,RAMKRISHNANAGAR,SATARA,4568,SATARA,True,1.0,largest_overlap,1.9844,17.49927,74.09046,True
190319,RENAVALE,SATARA,4568,SATARA,True,1.0,largest_overlap,0.1009,17.75966,74.02683,True
190320,REVANDE,SATARA,4568,SATARA,True,1.0,largest_overlap,2.4252,17.61441,73.91843,True
190321,ROHOT,SATARA,4568,SATARA,True,1.0,largest_overlap,3.9308,17.68516,73.8525,True
190322,SABALEWADI,SATARA,4568,SATARA,True,1.0,largest_overlap,1.1648,17.72427,73.93124,True
190323,SAIDAPUR,SATARA,4568,SATARA,True,1.0,largest_overlap,2.4489,17.70917,73.98498,True
190325,SAMBARWADI,SATARA,4568,SATARA,True,1.0,largest_overlap,1.8493,17.67757,73.95506,True
190327,SARKHAL,SATARA,4568,SATARA,True,1.0,largest_overlap,3.3591,17.70415,73.94068,True
190328,SASAPADE,SATARA,4568,SATARA,True,1.0,largest_overlap,7.0385,17.52228,74.00976,True
190329,SAYALI,SATARA,4568,SATARA,True,1.0,largest_overlap,0.0786,17.48301,74.1037,True
190330,SAYALI (REH),SATARA,4568,SATARA,True,1.0,largest_overlap,2.109,17.69897,73.87866,True
190331,SHAHAPUR,SATARA,4568,SATARA,True,1.0,largest_overlap,2.2502,17.65067,73.97553,True
190333,SHELAKEWADI,SATARA,4568,SATARA,True,1.0,largest_overlap,3.9699,17.63396,73.98869,True
190334,SHENDRE,SATARA,4568,SATARA,True,1.0,largest_overlap,6.8544,17.62996,74.01446,True
190335,SHEREWADI,SATARA,4568,SATARA,True,1.0,largest_overlap,1.0998,17.60735,73.96413,True
190336,SHINDEWADI,SATARA,4568,SATARA,True,1.0,largest_overlap,2.11,17.69557,73.91273,True
190337,SHIVTHAR,SATARA,4568,SATARA,True,1.0,largest_overlap,8.2337,17.7861,74.05738,True
190338,SONAPUR,SATARA,4568,SATARA,True,1.0,largest_overlap,5.6126,17.55043,74.0002,True
190339,SONAVADI,SATARA,4568,SATARA,True,1.0,largest_overlap,1.88,17.64837,73.92875,True
190341,SONEGAON T SATARA,SATARA,4568,SATARA,True,1.0,largest_overlap,9.393,17.65285,74.00035,True
190340,SONGAON-S-NIMB,SATARA,4568,SATARA,True,1.0,largest_overlap,8.4104,17.71714,74.07833,True
190342,TASGAON,SATARA,4568,SATARA,True,1.0,largest_overlap,7.4974,17.63324,74.11541,True
190343,THOSEGHAR,SATARA,4568,SATARA,True,1.0,largest_overlap,14.888,17.60117,73.85796,True
190344,TITAVEWADI,SATARA,4568,SATARA,True,1.0,largest_overlap,3.37,17.54835,74.11942,True
190345,TUKAIWADI,SATARA,4568,SATARA,True,1.0,largest_overlap,1.8381,17.47745,74.11492,True
190346,UPALI,SATARA,4568,SATARA,True,1.0,largest_overlap,1.9341,17.63528,73.97322,True
190347,VADUTH,SATARA,4568,SATARA,True,1.0,largest_overlap,7.405,17.75303,74.06889,True
190348,VALASE,SATARA,4568,SATARA,True,1.0,largest_overlap,4.4752,17.61709,74.02461,True
190349,VANGAL,SATARA,4568,SATARA,True,1.0,largest_overlap,3.6242,17.7827,74.03405,True
190350,VARNE,SATARA,4568,SATARA,True,1.0,largest_overlap,17.7282,17.58698,74.10052,True
190351,VARYE,SATARA,4568,SATARA,True,1.0,largest_overlap,3.8138,17.74164,73.99387,True
190352,VASOLE,SATARA,4568,SATARA,True,1.0,largest_overlap,0.0728,17.73204,74.03632,True
190353,VECHALE,SATARA,4568,SATARA,True,1.0,largest_overlap,3.71,17.61832,74.00099,True
190354,VELE,SATARA,4568,SATARA,True,1.0,largest_overlap,2.4911,17.73893,73.8951,True
190355,VENEGAON,SATARA,4568,SATARA,True,1.0,largest_overlap,5.6917,17.50673,74.11071,True
190356,VENEKHOL,SATARA,4568,SATARA,True,1.0,largest_overlap,2.492,17.66795,73.84066,True
190357,VIJAYNAGAR,SATARA,4568,SATARA,True,1.0,largest_overlap,0.0458,17.57495,73.96272,True
190358,WADGAON,SATARA,4568,SATARA,True,1.0,largest_overlap,2.9633,17.69557,73.8576,True
190359,WADHE,SATARA,4568,SATARA,True,1.0,largest_overlap,6.7752,17.72763,74.02688,True
190360,WAVDARE,SATARA,4568,SATARA,True,1.0,largest_overlap,2.2291,17.6145,73.91034,True
190362,YEOTESHWAR,SATARA,4568,SATARA,True,1.0,largest_overlap,3.0849,17.69128,73.94565,True
190363,ZAREWADI,SATARA,4568,SATARA,True,1.0,largest_overlap,0.4591,17.64088,73.95801,True
190364,ABHEPURI,WAI,4569,WAI,True,1.0,largest_overlap,6.0851,18.00929,73.82319,True
190365,AKOSHI,WAI,4569,WAI,True,1.0,largest_overlap,8.32,17.97332,73.77447,True
190366,AMRUTWADI,WAI,4569,WAI,True,1.0,largest_overlap,1.5987,17.85718,73.94201,True
190368,ANAVADI,WAI,4569,WAI,True,1.0,largest_overlap,6.5855,17.91062,73.98342,True
190367,ANPATWADI,WAI,4569,WAI,True,1.0,largest_overlap,0.5805,17.90917,73.8749,True
190369,ASALE,WAI,4569,WAI,True,1.0,largest_overlap,8.805,17.88309,73.9461,True
190370,ASARE,WAI,4569,WAI,True,1.0,largest_overlap,6.8625,18.00815,73.78266,True
190371,BALEGHAR,WAI,4569,WAI,True,1.0,largest_overlap,5.8363,18.0244,73.91713,True
190447,BALKAWADI,WAI,4569,WAI,True,1.0,largest_overlap,6.2632,17.96526,73.70775,True
190372,BAVDHAN,WAI,4569,WAI,True,1.0,largest_overlap,27.1451,17.90432,73.91081,True
190373,BELMACHI,WAI,4569,WAI,True,1.0,largest_overlap,5.134,17.85492,74.03362,True
190375,BHOGAON,WAI,4569,WAI,True,1.0,largest_overlap,1.5115,17.97281,73.85018,True
190376,BHUINJ,WAI,4569,WAI,True,1.0,largest_overlap,17.2552,17.87975,73.9819,True
190377,BOPARDI,WAI,4569,WAI,True,1.0,largest_overlap,8.0497,18.00172,73.8931,True
190378,BOPEGAON,WAI,4569,WAI,True,1.0,largest_overlap,7.0638,17.92864,73.9822,True
190379,BORGAON,WAI,4569,WAI,True,1.0,largest_overlap,5.1632,17.93837,73.75081,True
190380,BORIV,WAI,4569,WAI,True,1.0,largest_overlap,5.4159,17.97197,73.81473,True
190381,CHANDAK,WAI,4569,WAI,True,1.0,largest_overlap,8.6774,18.00953,73.95232,True
190382,CHANDAWADI,WAI,4569,WAI,True,1.0,largest_overlap,0.719,17.98191,73.79795,True
190383,CHIKHALI,WAI,4569,WAI,True,1.0,largest_overlap,6.8735,17.93917,73.78969,True
190384,CHINDHAWALI,WAI,4569,WAI,True,1.0,largest_overlap,5.3223,17.85213,73.97952,True
190386,DAHYAT,WAI,4569,WAI,True,1.0,largest_overlap,2.479,17.94033,73.73048,True
189695,DANDEGHAR,WAI,4569,WAI,True,1.0,largest_overlap,2.8085,17.9382,73.8288,True
190387,DAREWADI,WAI,4569,WAI,True,1.0,largest_overlap,3.5189,17.90879,73.86017,True
190388,DASAVADI,WAI,4569,WAI,True,1.0,largest_overlap,1.6236,17.95282,73.80197,True
190389,DEGAON,WAI,4569,WAI,True,1.0,largest_overlap,13.8323,17.88432,74.0199,True
190390,DHAVADI,WAI,4569,WAI,True,1.0,largest_overlap,6.4625,18.00253,73.87114,True
190391,DHOM,WAI,4569,WAI,True,1.0,largest_overlap,5.0765,17.99088,73.8222,True
190393,EKASAR,WAI,4569,WAI,True,1.0,largest_overlap,4.5715,17.96149,73.83686,True
190394,GADHAVEWADI,WAI,4569,WAI,True,1.0,largest_overlap,4.5875,18.01413,73.83896,True
190395,GOLEGAON,WAI,4569,WAI,True,1.0,largest_overlap,8.3171,17.95526,73.69574,True
190396,GOVEDIGAR,WAI,4569,WAI,True,1.0,largest_overlap,0.0926,17.82882,74.02337,True
190397,GULUMB,WAI,4569,WAI,True,1.0,largest_overlap,11.1804,18.00142,73.97266,True
190398,GUNDEWADI,WAI,4569,WAI,True,1.0,largest_overlap,6.9448,18.02022,73.87185,True
190399,JAMB,WAI,4569,WAI,True,1.0,largest_overlap,5.0374,17.83797,73.99342,True
190400,JAMBHALI,WAI,4569,WAI,True,1.0,largest_overlap,22.5155,18.02253,73.68642,True
190401,JOR,WAI,4569,WAI,True,1.0,largest_overlap,23.486,17.98593,73.66425,True
190402,KADEGAON,WAI,4569,WAI,True,1.0,largest_overlap,3.1743,17.89784,73.93321,True
190404,KALAMBHE,WAI,4569,WAI,True,1.0,largest_overlap,3.8025,17.81963,73.94143,True
190403,KALANGWADI,WAI,4569,WAI,True,1.0,largest_overlap,4.3655,17.83116,74.01535,True
190405,KANUR,WAI,4569,WAI,True,1.0,largest_overlap,5.7278,17.92233,73.86904,True
190406,KAWATHE,WAI,4569,WAI,True,1.0,largest_overlap,11.4151,17.94571,73.98171,True
190407,KENJAL,WAI,4569,WAI,True,1.0,largest_overlap,10.9795,17.9786,73.96078,True
190408,KHADAKI,WAI,4569,WAI,True,1.0,largest_overlap,3.4496,17.83225,73.97044,True
190409,KHANAPUR,WAI,4569,WAI,True,1.0,largest_overlap,3.741,17.94201,73.9399,True
190410,KHAVALI,WAI,4569,WAI,True,1.0,largest_overlap,4.005,18.01078,73.74802,True
190411,KHOLVADI,WAI,4569,WAI,True,1.0,largest_overlap,5.7827,17.83217,74.04697,True
190412,KIKALI,WAI,4569,WAI,True,1.0,largest_overlap,6.5287,17.85427,74.0099,True
190413,KIRONDE,WAI,4569,WAI,True,1.0,largest_overlap,2.7738,18.00847,73.69568,True
190415,KONDHAVALI- BK.,WAI,4569,WAI,True,1.0,largest_overlap,5.8846,17.95771,73.75753,True
190414,KONDHAWALE,WAI,4569,WAI,True,1.0,largest_overlap,10.9261,17.99287,73.71387,True
190416,KUSGAON,WAI,4569,WAI,True,1.0,largest_overlap,4.4684,17.95171,73.82032,True
190417,LAGADWADI,WAI,4569,WAI,True,1.0,largest_overlap,5.4697,17.86699,74.03819,True
190418,LOHARE,WAI,4569,WAI,True,1.0,largest_overlap,6.739,17.99932,73.90816,True
190419,MALATPUR,WAI,4569,WAI,True,1.0,largest_overlap,3.9245,17.94881,73.77073,True
190420,MANDHARDEV,WAI,4569,WAI,True,1.0,largest_overlap,11.0137,18.04616,73.87592,True
190421,MENAVALI,WAI,4569,WAI,True,1.0,largest_overlap,4.966,17.97649,73.86568,True
190422,MOHODEKARWADI,WAI,4569,WAI,True,1.0,largest_overlap,5.3203,17.97632,74.01184,True
190423,MUGAON,WAI,4569,WAI,True,1.0,largest_overlap,4.38,17.96318,73.79519,True
190424,MUNGSEWADI,WAI,4569,WAI,True,1.0,largest_overlap,3.4796,18.00381,73.92448,True
190425,NAGEWADI,WAI,4569,WAI,True,1.0,largest_overlap,4.6071,17.92319,73.83784,True
190426,NANDGANE,WAI,4569,WAI,True,1.0,largest_overlap,2.5426,17.96454,73.72746,True
190427,NIKAMWADI,WAI,4569,WAI,True,1.0,largest_overlap,0.6497,17.82787,74.00402,True
190428,OHOLI,WAI,4569,WAI,True,1.0,largest_overlap,1.323,18.03368,73.74724,True
190429,OZARDE,WAI,4569,WAI,True,1.0,largest_overlap,12.1988,17.91405,73.95157,True
190430,PACHWAD,WAI,4569,WAI,True,1.0,largest_overlap,4.9547,17.85688,73.95396,True
190431,PANDE,WAI,4569,WAI,True,1.0,largest_overlap,3.8376,17.93144,73.95089,True
190432,PANDEWADI,WAI,4569,WAI,True,1.0,largest_overlap,4.7146,17.98938,73.85285,True
190433,PANDHRECHIWADI,WAI,4569,WAI,True,1.0,largest_overlap,0.2263,17.90628,73.8958,True
190434,PARAKHANDI,WAI,4569,WAI,True,1.0,largest_overlap,3.5872,17.98309,73.92112,True
190435,PARATAVADI,WAI,4569,WAI,True,1.0,largest_overlap,2.915,17.95741,73.73724,True
190436,PASARANI,WAI,4569,WAI,True,1.0,largest_overlap,12.5815,17.94899,73.85203,True
189719,RAJPURI,WAI,4569,WAI,True,1.0,largest_overlap,3.9074,17.90389,73.84317,True
190437,RAUTWADI,WAI,4569,WAI,True,1.0,largest_overlap,1.569,17.82592,74.03427,True
190438,RENAVALE,WAI,4569,WAI,True,1.0,largest_overlap,3.9228,18.01218,73.76642,True
190439,SATALEWADI,WAI,4569,WAI,True,1.0,largest_overlap,3.9538,17.99603,73.93435,True
190440,SHAHABAG,WAI,4569,WAI,True,1.0,largest_overlap,0.3727,17.99102,73.86874,True
190441,SHELARWADI,WAI,4569,WAI,True,1.0,largest_overlap,1.7738,17.97961,73.88577,True
190442,SHENDURJANE,WAI,4569,WAI,True,1.0,largest_overlap,11.7703,17.96524,73.92934,True
190443,SHIRGAON,WAI,4569,WAI,True,1.0,largest_overlap,12.1591,17.91,74.01093,True
190444,SULTANPUR,WAI,4569,WAI,True,1.0,largest_overlap,1.2134,17.97643,73.90578,True
190445,SURUR,WAI,4569,WAI,True,1.0,largest_overlap,6.9137,17.96783,73.98955,True
189721,TAIGHAT,WAI,4569,WAI,True,1.0,largest_overlap,1.2553,17.92875,73.77541,True
190446,UDATARE,WAI,4569,WAI,True,1.0,largest_overlap,7.0729,17.83297,73.95282,True
244362,VADOLI,WAI,4569,WAI,True,1.0,largest_overlap,6.9761,18.02479,73.74419,True
190448,VAHAGAON,WAI,4569,WAI,True,1.0,largest_overlap,3.5759,17.95476,74.00299,True
190450,VARKHADWADI,WAI,4569,WAI,True,1.0,largest_overlap,3.3256,17.99335,73.84128,True
190449,VAYAGAON,WAI,4569,WAI,True,1.0,largest_overlap,2.7494,17.9414,73.71775,True
190453,VELANG,WAI,4569,WAI,True,1.0,largest_overlap,6.7806,17.99887,73.80073,True
190452,VELE,WAI,4569,WAI,True,1.0,largest_overlap,11.6094,18.00154,73.99688,True
190454,VIRMADE,WAI,4569,WAI,True,1.0,largest_overlap,3.0897,17.81631,73.96601,True
190455,VITHALWADI,WAI,4569,WAI,True,1.0,largest_overlap,1.7147,17.94309,73.81523,True
190456,VYAHALI,WAI,4569,WAI,True,1.0,largest_overlap,1.3515,17.88737,73.93143,True
190457,VYAJWADI,WAI,4569,WAI,True,1.0,largest_overlap,4.7491,17.88723,73.91695,True
190459,WASHIVALI,WAI,4569,WAI,True,1.0,largest_overlap,3.536,18.01116,73.71972,True
190451,WASOLE,WAI,4569,WAI,True,1.0,largest_overlap,14.6861,17.9892,73.75797,True
190460,YASHWANTNAGSR,WAI,4569,WAI,True,1.0,largest_overlap,9.3166,17.942,73.88193,True
190461,YERULI,WAI,4569,WAI,True,1.0,largest_overlap,5.568,18.02985,73.84178,True
