gp_code,gp_name,block_name,block_lgd,lgd_block_name,attribute_agrees,block_overlap_frac,assignment_method,area_km2,latitude,longitude,modelled
185262,AHUPE,AMBEGAON,4511,AMBEGAON,True,1.0,largest_overlap,27.36,19.16749,73.56401,True
185263,AMBEDARA,AMBEGAON,4511,AMBEGAON,True,1.0,largest_overlap,3.3275,19.03602,73.78705,True
185264,AMBEGAON GAVTHAN,AMBEGAON,4511,AMBEGAON,True,1.0,largest_overlap,4.5914,19.1153,73.72983,True
185265,AMBODI,AMBEGAON,4511,AMBEGAON,True,1.0,largest_overlap,18.0894,19.09529,73.8284,True
185266,ASANE,AMBEGAON,4511,AMBEGAON,True,1.0,largest_overlap,10.5027,19.17027,73.66977,True
185267,AWASARI BK.,AMBEGAON,4511,AMBEGAON,True,1.0,largest_overlap,16.4213,18.95503,74.01081,True
185268,AWASARI KH.,AMBEGAON,4511,AMBEGAON,True,1.0,largest_overlap,7.8611,18.98402,73.96016,True
185269,BHAGADI,AMBEGAON,4511,AMBEGAON,True,1.0,largest_overlap,5.4685,19.03213,74.11787,True
185270,BHARADI,AMBEGAON,4511,AMBEGAON,True,1.0,largest_overlap,7.701,19.00314,74.02852,True
185271,BHAVADI,AMBEGAON,4511,AMBEGAON,True,1.0,largest_overlap,6.0892,18.94839,73.89101,True
185272,BHORGHAR,AMBEGAON,4511,AMBEGAON,True,1.0,largest_overlap,19.8035,19.14576,73.73419,True
185274,CHANDOLI BK.,AMBEGAON,4511,AMBEGAON,True,1.0,largest_overlap,11.4992,19.03067,73.98392,True
185275,CHANDOLI KH.,AMBEGAON,4511,AMBEGAON,True,1.0,largest_overlap,3.6346,19.01077,73.97629,True
185276,CHAS,AMBEGAON,4511,AMBEGAON,True,1.0,largest_overlap,7.7076,19.05593,73.88159,True
185277,CHIKHALI,AMBEGAON,4511,AMBEGAON,True,1.0,largest_overlap,6.4057,19.08343,73.66048,True
185278,CHINCHODI,AMBEGAON,4511,AMBEGAON,True,1.0,largest_overlap,14.9649,19.01174,73.88687,True
185279,CHINCHOLI,AMBEGAON,4511,AMBEGAON,True,1.0,largest_overlap,3.681,19.06035,73.85499,True
185280,DEVGAON,AMBEGAON,4511,AMBEGAON,True,1.0,largest_overlap,4.4443,18.9795,74.13815,True
185282,DHAKALE,AMBEGAON,4511,AMBEGAON,True,1.0,largest_overlap,8.6094,19.00997,73.79931,True
185281,DHAMANI,AMBEGAON,4511,AMBEGAON,True,1.0,largest_overlap,14.6486,18.91613,74.06285,True
185283,DHONDMALA SHINDEWADI,AMBEGAON,4511,AMBEGAON,True,1.0,largest_overlap,15.554,18.95227,73.95756,True
185284,DIMBE BK.,AMBEGAON,4511,AMBEGAON,True,1.0,largest_overlap,3.352,19.0966,73.73738,True
185285,DIMBE KH.,AMBEGAON,4511,AMBEGAON,True,1.0,largest_overlap,2.989,19.08141,73.73065,True
185286,EKLAHARE,AMBEGAON,4511,AMBEGAON,True,1.0,largest_overlap,8.2007,19.03032,73.94637,True
185288,GANGAPUR BK.,AMBEGAON,4511,AMBEGAON,True,1.0,largest_overlap,7.1288,19.08716,73.79946,True
185287,GANGAPUR KH.,AMBEGAON,4511,AMBEGAON,True,1.0,largest_overlap,13.8059,19.12038,73.79758,True
185290,GHODEGAON,AMBEGAON,4511,AMBEGAON,True,1.0,largest_overlap,8.954,19.03525,73.85224,True
185291,GIRWALI,AMBEGAON,4511,AMBEGAON,True,1.0,largest_overlap,12.1006,19.08954,73.85874,True
185292,GORHE BK.,AMBEGAON,4511,AMBEGAON,True,1.0,largest_overlap,12.8258,19.063,73.7379,True
185293,GORHE KH.,AMBEGAON,4511,AMBEGAON,True,1.0,largest_overlap,7.4549,19.06518,73.71235,True
185295,JADHAVWADI,AMBEGAON,4511,AMBEGAON,True,1.0,largest_overlap,4.3684,19.05433,74.02676,True
185294,JAMBHORI,AMBEGAON,4511,AMBEGAON,True,1.0,largest_overlap,16.7923,19.11283,73.66486,True
185296,JARKARWADI,AMBEGAON,4511,AMBEGAON,True,1.0,largest_overlap,12.8894,18.94635,74.07157,True
185297,JAWALE,AMBEGAON,4511,AMBEGAON,True,1.0,largest_overlap,7.5914,18.99829,74.05254,True
185298,KALAMB,AMBEGAON,4511,AMBEGAON,True,1.0,largest_overlap,20.6385,19.06058,73.96051,True
185299,KALEWADI DAREKARWADI,AMBEGAON,4511,AMBEGAON,True,1.0,largest_overlap,8.1673,19.04054,73.82655,True
185300,KANSE,AMBEGAON,4511,AMBEGAON,True,1.0,largest_overlap,9.9812,19.10158,73.77218,True
185301,KAREGAON,AMBEGAON,4511,AMBEGAON,True,1.0,largest_overlap,3.7707,18.95863,73.90495,True
185302,KATHAPUR BK.,AMBEGAON,4511,AMBEGAON,True,1.0,largest_overlap,11.605,18.96278,74.1055,True
185303,KHADAKI,AMBEGAON,4511,AMBEGAON,True,1.0,largest_overlap,10.1458,19.0119,74.0024,True
185304,KHADAKWADI,AMBEGAON,4511,AMBEGAON,True,1.0,largest_overlap,7.3779,18.92031,74.0996,True
185308,KOLAWADI KOTAMDARA,AMBEGAON,4511,AMBEGAON,True,1.0,largest_overlap,12.9821,19.01241,73.83474,True
185306,KOLDARA GONWADI,AMBEGAON,4511,AMBEGAON,True,1.0,largest_overlap,4.5579,19.0685,73.83684,True
185307,KOLTAWADE,AMBEGAON,4511,AMBEGAON,True,1.0,largest_overlap,4.0467,19.1071,73.71604,True
185305,KONDHAWAL,AMBEGAON,4511,AMBEGAON,True,1.0,largest_overlap,54.3286,19.10024,73.55679,True
185309,KURWANDI,AMBEGAON,4511,AMBEGAON,True,1.0,largest_overlap,14.9327,18.98097,73.85906,True
185310,KUSHIRE BK.,AMBEGAON,4511,AMBEGAON,True,1.0,largest_overlap,13.5175,19.13789,73.66675,True
185311,LAKHANGAON,AMBEGAON,4511,AMBEGAON,True,1.0,largest_overlap,16.3561,18.94568,74.14451,True
185314,LONI,AMBEGAON,4511,AMBEGAON,True,1.0,largest_overlap,13.8373,18.89025,74.06905,True
185313,LOUKI,AMBEGAON,4511,AMBEGAON,True,1.0,largest_overlap,6.1123,19.06363,73.98489,True
185315,MAHALUNGE PADWAL,AMBEGAON,4511,AMBEGAON,True,1.0,largest_overlap,34.8744,19.07665,73.91168,True
185316,MAHALUNGE T. GHODA,AMBEGAON,4511,AMBEGAON,True,1.0,largest_overlap,1.4632,19.09447,73.75315,True
185317,MALIN,AMBEGAON,4511,AMBEGAON,True,1.0,largest_overlap,8.9463,19.16606,73.69281,True
185318,MANCHAR,AMBEGAON,4511,AMBEGAON,True,1.0,largest_overlap,11.5324,19.00225,73.95042,True
185319,MANDALEWADI,AMBEGAON,4511,AMBEGAON,True,1.0,largest_overlap,8.332,18.86451,74.11463,True
185320,MENGADEWADI,AMBEGAON,4511,AMBEGAON,True,1.0,largest_overlap,8.8316,18.95266,74.03649,True
185321,NAGAPUR,AMBEGAON,4511,AMBEGAON,True,1.0,largest_overlap,8.8774,19.01844,74.05079,True
185322,NANDUR,AMBEGAON,4511,AMBEGAON,True,1.0,largest_overlap,3.5415,19.04783,73.93236,True
185323,NARODI,AMBEGAON,4511,AMBEGAON,True,1.0,largest_overlap,7.1551,19.03737,73.88199,True
185324,NIGHOTWADI,AMBEGAON,4511,AMBEGAON,True,1.0,largest_overlap,11.957,18.99286,73.92099,True
185325,NIRGUDSAR,AMBEGAON,4511,AMBEGAON,True,1.0,largest_overlap,10.9337,18.9775,74.04034,True
185326,PAHAD DARA,AMBEGAON,4511,AMBEGAON,True,1.0,largest_overlap,7.3288,18.92664,74.03908,True
185327,PANCHALE BK.,AMBEGAON,4511,AMBEGAON,True,1.0,largest_overlap,10.9045,19.13622,73.7039,True
185328,PARGAON T. AWASARI BK.,AMBEGAON,4511,AMBEGAON,True,1.0,largest_overlap,14.1405,18.98079,74.08071,True
185329,PARGAON T. KHED,AMBEGAON,4511,AMBEGAON,True,1.0,largest_overlap,21.7442,18.91892,73.95777,True
185330,PATAN GROUP,AMBEGAON,4511,AMBEGAON,True,1.0,largest_overlap,24.2253,19.14108,73.59917,True
185331,PETH,AMBEGAON,4511,AMBEGAON,True,1.0,largest_overlap,18.8078,18.9388,73.92279,True
185333,PHALADEWADI / UGALEWADI,AMBEGAON,4511,AMBEGAON,True,1.0,largest_overlap,11.1671,19.04822,73.76251,True
185332,PHALODE GROUP,AMBEGAON,4511,AMBEGAON,True,1.0,largest_overlap,9.1965,19.11201,73.63178,True
185335,PHULAWADE,AMBEGAON,4511,AMBEGAON,True,1.0,largest_overlap,16.1451,19.12176,73.75625,True
185336,PIMPALGAON T. GHODA,AMBEGAON,4511,AMBEGAON,True,1.0,largest_overlap,9.2442,19.061,73.805,True
185337,PIMPALGAON T. MAHALUNGE,AMBEGAON,4511,AMBEGAON,True,1.0,largest_overlap,6.9552,18.99608,73.986,True
185338,PIMPARGANE,AMBEGAON,4511,AMBEGAON,True,1.0,largest_overlap,11.3929,19.19227,73.61395,True
185312,PINGALEWADI LANDEWADI,AMBEGAON,4511,AMBEGAON,True,1.0,largest_overlap,4.8531,19.01626,73.86698,True
185339,POKHARI,AMBEGAON,4511,AMBEGAON,True,1.0,largest_overlap,10.7089,19.08364,73.68654,True
185334,PONDEWADI,AMBEGAON,4511,AMBEGAON,True,1.0,largest_overlap,9.5383,18.93505,74.11244,True
185341,RAJEWADI,AMBEGAON,4511,AMBEGAON,True,1.0,largest_overlap,4.8799,19.09429,73.70181,True
185340,RAJPUR,AMBEGAON,4511,AMBEGAON,True,1.0,largest_overlap,11.0503,19.09319,73.61086,True
185342,RANJANI,AMBEGAON,4511,AMBEGAON,True,1.0,largest_overlap,13.2636,19.05301,74.05546,True
185343,RANMALA,AMBEGAON,4511,AMBEGAON,True,1.0,largest_overlap,3.3188,18.8984,74.10138,True
185344,SAKORE,AMBEGAON,4511,AMBEGAON,True,1.0,largest_overlap,4.3921,19.0402,73.91812,True
185345,SAL BABHULWADI,AMBEGAON,4511,AMBEGAON,True,1.0,largest_overlap,6.3144,19.03047,73.8064,True
185346,SHEWALWADI,AMBEGAON,4511,AMBEGAON,True,1.0,largest_overlap,3.4725,18.9794,73.9368,True
185347,SHINGAVE,AMBEGAON,4511,AMBEGAON,True,1.0,largest_overlap,16.0281,19.00872,74.08963,True
185348,SHINOLI,AMBEGAON,4511,AMBEGAON,True,1.0,largest_overlap,7.3565,19.06965,73.77539,True
185349,SHIRDALEWADI,AMBEGAON,4511,AMBEGAON,True,1.0,largest_overlap,4.7492,18.90954,74.03544,True
185350,SUPEDHAR,AMBEGAON,4511,AMBEGAON,True,1.0,largest_overlap,1.8728,19.08014,73.75567,True
185351,TAKEWADI,AMBEGAON,4511,AMBEGAON,True,1.0,largest_overlap,4.3117,19.07485,73.94027,True
185352,TALEGHAR,AMBEGAON,4511,AMBEGAON,True,1.0,largest_overlap,7.5286,19.07881,73.63828,True
185353,TALEKARWADI,AMBEGAON,4511,AMBEGAON,True,1.0,largest_overlap,1.7,19.02992,73.79559,True
185354,TAMBADEMALA,AMBEGAON,4511,AMBEGAON,True,1.0,largest_overlap,5.1003,18.96063,73.93164,True
185355,TAWHAREWADI,AMBEGAON,4511,AMBEGAON,True,1.0,largest_overlap,2.6228,18.98416,74.00075,True
185357,THORANDALE,AMBEGAON,4511,AMBEGAON,True,1.0,largest_overlap,7.0908,19.03442,74.02447,True
185358,THUGAON,AMBEGAON,4511,AMBEGAON,True,1.0,largest_overlap,6.2134,18.97177,73.88945,True
185359,TIRPAD,AMBEGAON,4511,AMBEGAON,True,1.0,largest_overlap,29.1559,19.17318,73.64306,True
185364,VITTHALWADI,AMBEGAON,4511,AMBEGAON,True,1.0,largest_overlap,2.1908,19.05621,73.93349,True
185360,WADGAON KASHIMBEG,AMBEGAON,4511,AMBEGAON,True,1.0,largest_overlap,6.5574,19.01976,73.91671,True
185361,WADGAON PIR,AMBEGAON,4511,AMBEGAON,True,1.0,largest_overlap,9.8802,18.87503,74.09238,True
185362,WALATI,AMBEGAON,4511,AMBEGAON,True,1.0,largest_overlap,17.8733,19.04125,74.08513,True
298895,Walunjwadi,AMBEGAON,4511,AMBEGAON,True,1.0,largest_overlap,3.9608,19.0005,73.9113,True
185365,AMBI BK.,BARAMATI,4512,BARAMATI,True,1.0,largest_overlap,9.0373,18.28591,74.27765,True
185366,AMBI KH.,BARAMATI,4512,BARAMATI,True,1.0,largest_overlap,9.3317,18.31692,74.2843,True
185367,ANJANGAON,BARAMATI,4512,BARAMATI,True,1.0,largest_overlap,14.8792,18.2247,74.502,True
185368,BABURDI,BARAMATI,4512,BARAMATI,True,1.0,largest_overlap,16.5668,18.27742,74.37106,True
185369,BHARHANPUR,BARAMATI,4512,BARAMATI,True,1.0,largest_overlap,16.7548,18.19855,74.53172,True
272754,BHILLARWADI,BARAMATI,4512,BARAMATI,True,1.0,largest_overlap,8.4938,18.20585,74.45199,True
185370,BHONDVEWADI,BARAMATI,4512,BARAMATI,True,1.0,largest_overlap,12.1252,18.31846,74.33925,True
185371,CHANDGUDEWADI,BARAMATI,4512,BARAMATI,True,1.0,largest_overlap,13.5941,18.30025,74.31598,True
185372,CHAUDHARWADI,BARAMATI,4512,BARAMATI,True,1.0,largest_overlap,8.0184,18.17564,74.26613,True
185373,CHOPADAJ,BARAMATI,4512,BARAMATI,True,1.0,largest_overlap,14.1581,18.16325,74.33661,True
185374,DANDAWADI,BARAMATI,4512,BARAMATI,True,1.0,largest_overlap,17.4774,18.34663,74.41259,True
185375,DEULAGAON RASAL,BARAMATI,4512,BARAMATI,True,1.0,largest_overlap,19.2166,18.29035,74.46334,True
185376,DHAKALE,BARAMATI,4512,BARAMATI,True,1.0,largest_overlap,24.4519,18.16381,74.437,True
185377,DHEKALWADI,BARAMATI,4512,BARAMATI,True,1.0,largest_overlap,9.7032,18.10366,74.66137,True
185378,DHUMALWADI,BARAMATI,4512,BARAMATI,True,1.0,largest_overlap,6.3983,18.10078,74.47142,True
185379,DORLEWADI,BARAMATI,4512,BARAMATI,True,1.0,largest_overlap,9.9337,18.1045,74.60817,True
185380,GADADARWADI,BARAMATI,4512,BARAMATI,True,1.0,largest_overlap,8.0351,18.13731,74.24877,True
185381,GADIKHEL,BARAMATI,4512,BARAMATI,True,1.0,largest_overlap,24.1679,18.27882,74.59361,True
185382,GHADAGEWADI,BARAMATI,4512,BARAMATI,True,1.0,largest_overlap,4.3804,18.05986,74.58852,True
185383,GOJUBABI,BARAMATI,4512,BARAMATI,True,1.0,largest_overlap,24.0822,18.2322,74.57348,True
185384,GUNWADI,BARAMATI,4512,BARAMATI,True,1.0,largest_overlap,15.7026,18.12047,74.59057,True
185385,HOL,BARAMATI,4512,BARAMATI,True,1.0,largest_overlap,8.5313,18.10643,74.32527,True
185386,JAINAKWADI,BARAMATI,4512,BARAMATI,True,1.0,largest_overlap,9.1692,18.23494,74.64689,True
185387,JALGAON,BARAMATI,4512,BARAMATI,True,1.0,largest_overlap,10.8387,18.22723,74.45146,True
185388,JALGAON SUPE,BARAMATI,4512,BARAMATI,True,1.0,largest_overlap,18.2613,18.2404,74.47019,True
185390,JARADWADI,BARAMATI,4512,BARAMATI,True,1.0,largest_overlap,12.2674,18.27145,74.54493,True
185391,JOGAWADI,BARAMATI,4512,BARAMATI,True,1.0,largest_overlap,12.0593,18.25526,74.26793,True
185398,KALKHAIREWADI,BARAMATI,4512,BARAMATI,True,1.0,largest_overlap,17.8826,18.29721,74.35836,True
185392,KAMBLESHVAR,BARAMATI,4512,BARAMATI,True,1.0,largest_overlap,8.1858,18.06907,74.45391,True
185393,KANHERI,BARAMATI,4512,BARAMATI,True,1.0,largest_overlap,13.3387,18.14612,74.64237,True
185402,KARAHATI,BARAMATI,4512,BARAMATI,True,1.0,largest_overlap,21.9261,18.27568,74.42362,True
185394,KARANJE,BARAMATI,4512,BARAMATI,True,1.0,largest_overlap,12.4641,18.14526,74.26815,True
185396,KARHAVAGAJ,BARAMATI,4512,BARAMATI,True,1.0,largest_overlap,17.9304,18.19161,74.48434,True
185395,KARNAJPUL,BARAMATI,4512,BARAMATI,True,1.0,largest_overlap,4.7757,18.12638,74.29262,True
185397,KATEWADI,BARAMATI,4512,BARAMATI,True,1.0,largest_overlap,13.3662,18.14751,74.66115,True
185403,KATPHAL,BARAMATI,4512,BARAMATI,True,1.0,largest_overlap,20.8199,18.23731,74.61537,True
185399,KHANDAJ,BARAMATI,4512,BARAMATI,True,1.0,largest_overlap,15.337,18.07959,74.529,True
185400,KHANDOBACHIWADI,BARAMATI,4512,BARAMATI,True,1.0,largest_overlap,2.951,18.11942,74.25495,True
261742,KHARADEWADI,BARAMATI,4512,BARAMATI,True,1.0,largest_overlap,7.1232,18.31201,74.50953,True
185401,KHARKHEL,BARAMATI,4512,BARAMATI,True,1.0,largest_overlap,14.029,18.30295,74.48976,True
185404,KOLOLI,BARAMATI,4512,BARAMATI,True,1.0,largest_overlap,12.7852,18.31795,74.45558,True
185406,KORHALE BK,BARAMATI,4512,BARAMATI,True,1.0,largest_overlap,21.9201,18.12759,74.39697,True
185405,KORHALE KH.,BARAMATI,4512,BARAMATI,True,1.0,largest_overlap,11.0512,18.09096,74.37459,True
185407,KURNEWADI,BARAMATI,4512,BARAMATI,True,1.0,largest_overlap,6.7187,18.11437,74.42466,True
185408,KUTAVALWADI,BARAMATI,4512,BARAMATI,True,1.0,largest_overlap,14.7561,18.34162,74.33009,True
185409,LATE,BARAMATI,4512,BARAMATI,True,1.0,largest_overlap,7.6485,18.0817,74.4033,True
185410,LONIBHAPKAR,BARAMATI,4512,BARAMATI,True,1.0,largest_overlap,26.4087,18.22586,74.38205,True
185411,MAGARWADI,BARAMATI,4512,BARAMATI,True,1.0,largest_overlap,10.8537,18.15754,74.29115,True
185412,MALAD,BARAMATI,4512,BARAMATI,True,1.0,largest_overlap,10.8616,18.11714,74.56028,True
185413,MALEGAON BK.,BARAMATI,4512,BARAMATI,True,1.0,largest_overlap,23.9078,18.13396,74.50961,True
185414,MALEGAON KH.,BARAMATI,4512,BARAMATI,True,1.0,largest_overlap,11.405,18.15113,74.51465,True
185415,MALWADILONI,BARAMATI,4512,BARAMATI,True,1.0,largest_overlap,2.7056,18.0882,74.41757,True
185417,MANPPAWASTI,BARAMATI,4512,BARAMATI,True,1.0,largest_overlap,8.3504,18.10748,74.44398,True
185418,MASALWADI,BARAMATI,4512,BARAMATI,True,1.0,largest_overlap,9.2032,18.2225,74.33854,True
185419,MEDAD,BARAMATI,4512,BARAMATI,True,1.0,largest_overlap,17.8314,18.18014,74.54225,True
185420,MEKHALI,BARAMATI,4512,BARAMATI,True,1.0,largest_overlap,12.4378,18.06721,74.61381,True
185421,MODHAVE,BARAMATI,4512,BARAMATI,True,1.0,largest_overlap,20.0315,18.19797,74.27367,True
185422,MORAGON,BARAMATI,4512,BARAMATI,True,1.0,largest_overlap,23.1236,18.26848,74.30448,True
259677,MORALWADI,BARAMATI,4512,BARAMATI,True,1.0,largest_overlap,4.8377,18.19581,74.31269,True
185423,MUDHALE,BARAMATI,4512,BARAMATI,True,1.0,largest_overlap,31.7655,18.1788,74.38499,True
185424,MURTI,BARAMATI,4512,BARAMATI,True,1.0,largest_overlap,23.2708,18.22151,74.2847,True
185425,MURUM,BARAMATI,4512,BARAMATI,True,1.0,largest_overlap,12.1368,18.08681,74.31028,True
185426,NAROLI,BARAMATI,4512,BARAMATI,True,1.0,largest_overlap,10.7908,18.32621,74.42892,True
185427,NIMBODI,BARAMATI,4512,BARAMATI,True,1.0,largest_overlap,15.6544,18.29213,74.6916,True
185428,NIMBUT,BARAMATI,4512,BARAMATI,True,1.0,largest_overlap,15.3568,18.11253,74.2382,True
185429,NIRAVAGAJ,BARAMATI,4512,BARAMATI,True,1.0,largest_overlap,17.8377,18.07991,74.56816,True
185430,PALSHIWADI,BARAMATI,4512,BARAMATI,True,1.0,largest_overlap,11.6578,18.20102,74.34013,True
185431,PANDARE,BARAMATI,4512,BARAMATI,True,1.0,largest_overlap,12.6861,18.13365,74.4505,True
185432,PANSAREWADI,BARAMATI,4512,BARAMATI,True,1.0,largest_overlap,15.6274,18.30942,74.39805,True
185433,PARWADI,BARAMATI,4512,BARAMATI,True,1.0,largest_overlap,30.6236,18.28096,74.64665,True
185435,PAVANEWADI,BARAMATI,4512,BARAMATI,True,1.0,largest_overlap,5.6397,18.1093,74.52871,True
185434,PAWAIMAL,BARAMATI,4512,BARAMATI,True,1.0,largest_overlap,6.3998,18.12138,74.46648,True
185436,PIMPALI,BARAMATI,4512,BARAMATI,True,1.0,largest_overlap,8.5221,18.13121,74.6249,True
185438,SABLEWADI,BARAMATI,4512,BARAMATI,True,1.0,largest_overlap,20.5916,18.30861,74.5456,True
259675,SADOBACHIWADI,BARAMATI,4512,BARAMATI,True,1.0,largest_overlap,6.9389,18.11352,74.34702,True
185439,SANGAVI,BARAMATI,4512,BARAMATI,True,1.0,largest_overlap,12.4032,18.07007,74.47652,True
259676,SASTEWADI,BARAMATI,4512,BARAMATI,True,1.0,largest_overlap,6.5435,18.13418,74.32441,True
185440,SAVAL,BARAMATI,4512,BARAMATI,True,1.0,largest_overlap,17.9989,18.19067,74.64747,True
185441,SAYABACHIWADI,BARAMATI,4512,BARAMATI,True,1.0,largest_overlap,13.9249,18.21325,74.41275,True
185444,SHIRASHNE,BARAMATI,4512,BARAMATI,True,1.0,largest_overlap,6.6377,18.07605,74.43583,True
185443,SHIRAVALI,BARAMATI,4512,BARAMATI,True,1.0,largest_overlap,10.795,18.07784,74.50051,True
185442,SHIRSUPHAL,BARAMATI,4512,BARAMATI,True,1.0,largest_overlap,33.8258,18.32444,74.59287,True
185447,SONAKASWADI,BARAMATI,4512,BARAMATI,True,1.0,largest_overlap,10.4982,18.15962,74.46954,True
185446,SONGAON,BARAMATI,4512,BARAMATI,True,1.0,largest_overlap,14.1604,18.07162,74.65288,True
185445,SONVDISUPE,BARAMATI,4512,BARAMATI,True,1.0,largest_overlap,13.8542,18.25821,74.5069,True
185448,SORTEWADI,BARAMATI,4512,BARAMATI,True,1.0,largest_overlap,5.8478,18.11716,74.29871,True
185449,SUPE,BARAMATI,4512,BARAMATI,True,1.0,largest_overlap,10.2368,18.34048,74.38041,True
185451,TARDOLI,BARAMATI,4512,BARAMATI,True,1.0,largest_overlap,17.1391,18.24862,74.34093,True
259678,THOPATEWADI,BARAMATI,4512,BARAMATI,True,1.0,largest_overlap,4.4474,18.10855,74.40536,True
185452,UNDAWADI K.P.,BARAMATI,4512,BARAMATI,True,1.0,largest_overlap,13.8943,18.25185,74.54936,True
185453,UNTWADI SUPE,BARAMATI,4512,BARAMATI,True,1.0,largest_overlap,9.6284,18.29058,74.5249,True
185454,VADGAON NI.,BARAMATI,4512,BARAMATI,True,1.0,largest_overlap,16.9864,18.14123,74.36341,True
185455,VADHANE,BARAMATI,4512,BARAMATI,True,1.0,largest_overlap,20.1689,18.37137,74.33822,True
185457,VAGHALWADI,BARAMATI,4512,BARAMATI,True,1.0,largest_overlap,5.9035,18.10951,74.2797,True
185458,VAKI,BARAMATI,4512,BARAMATI,True,1.0,largest_overlap,9.6776,18.15501,74.31402,True
185456,VANJARWADI,BARAMATI,4512,BARAMATI,True,1.0,largest_overlap,4.5945,18.20239,74.61744,True
185459,WANEWADI,BARAMATI,4512,BARAMATI,True,1.0,largest_overlap,9.2452,18.0918,74.27886,True
185460,ZARGADWADI,BARAMATI,4512,BARAMATI,True,1.0,largest_overlap,11.4835,18.09115,74.62827,True
185463,AAMBADE,BHOR,4513,BHOR,True,1.0,largest_overlap,6.1602,18.04965,73.85116,True
185461,ALANDE,BHOR,4513,BHOR,True,1.0,largest_overlap,3.6738,18.189,73.91235,True
185462,ALANDEWADI,BHOR,4513,BHOR,True,1.0,largest_overlap,3.0689,18.19222,73.89691,True
185465,AMBAVADE,BHOR,4513,BHOR,True,1.0,largest_overlap,6.1978,18.07684,73.78061,True
185464,AMBEGHAR,BHOR,4513,BHOR,True,1.0,largest_overlap,2.3536,18.1292,73.80378,True
185466,ANGASULE,BHOR,4513,BHOR,True,1.0,largest_overlap,2.8757,18.09423,73.75816,True
185467,APTI,BHOR,4513,BHOR,True,1.0,largest_overlap,5.068,18.11962,73.75313,True
185468,ASHIMPI,BHOR,4513,BHOR,True,1.0,largest_overlap,8.702,18.11905,73.61746,True
185469,BAJARWADI,BHOR,4513,BHOR,True,1.0,largest_overlap,7.9551,18.10306,73.82285,True
185470,BALAWADI,BHOR,4513,BHOR,True,1.0,largest_overlap,4.0058,18.05898,73.86199,True
185471,BARE BK.,BHOR,4513,BHOR,True,1.0,largest_overlap,2.6945,18.18021,73.81395,True
185472,BARE KH,BHOR,4513,BHOR,True,1.0,largest_overlap,1.8997,18.17526,73.82564,True
185474,BASARAPUR,BHOR,4513,BHOR,True,1.0,largest_overlap,1.0697,18.17311,73.83591,True
185475,BHABAVADI,BHOR,4513,BHOR,True,1.0,largest_overlap,1.7215,18.12297,73.84669,True
185476,BHAMBAVADE,BHOR,4513,BHOR,True,1.0,largest_overlap,4.9993,18.16628,73.99735,True
185477,BHAVEKHAL,BHOR,4513,BHOR,True,1.0,largest_overlap,2.4095,18.10161,73.74983,True
185478,BHOLAVADE,BHOR,4513,BHOR,True,1.0,largest_overlap,3.016,18.16136,73.84369,True
185479,BHONGVALI,BHOR,4513,BHOR,True,1.0,largest_overlap,21.317,18.20187,73.99792,True
185480,BHUTONDE,BHOR,4513,BHOR,True,1.0,largest_overlap,15.9078,18.20895,73.66097,True
185473,BRAMHANGHAR V.K.,BHOR,4513,BHOR,True,1.0,largest_overlap,2.5327,18.19684,73.84914,True
185481,CHIKHALGAON,BHOR,4513,BHOR,True,1.0,largest_overlap,6.8821,18.03816,73.78794,True
185483,DAPAKEGHAR,BHOR,4513,BHOR,True,1.0,largest_overlap,6.7583,18.07585,73.71474,True
185484,DEGAON,BHOR,4513,BHOR,True,1.0,largest_overlap,4.6162,18.27461,73.89496,True
185485,DEHEN GR.,BHOR,4513,BHOR,True,1.0,largest_overlap,15.1164,18.16587,73.69932,True
185486,DHANGAWADI,BHOR,4513,BHOR,True,1.0,largest_overlap,4.9766,18.21113,73.92884,True
185487,DHAVADI,BHOR,4513,BHOR,True,1.0,largest_overlap,2.5135,18.08511,73.82886,True
185488,DIVALE,BHOR,4513,BHOR,True,1.0,largest_overlap,4.7263,18.24927,73.92106,True
185489,DURGADI,BHOR,4513,BHOR,True,1.0,largest_overlap,8.5377,18.07661,73.63327,True
185490,GAWADI,BHOR,4513,BHOR,True,1.0,largest_overlap,3.6034,18.16725,73.80695,True
185492,GOKAVADI,BHOR,4513,BHOR,True,1.0,largest_overlap,2.7404,18.08657,73.86851,True
185491,GORADMHASAVALI,BHOR,4513,BHOR,True,1.0,largest_overlap,6.2695,18.22424,73.79368,True
185493,GUDHE GR.,BHOR,4513,BHOR,True,1.0,largest_overlap,11.4859,18.05501,73.67856,True
185494,GUHINI,BHOR,4513,BHOR,True,1.0,largest_overlap,10.0825,18.2308,73.64553,True
185495,GUNAND,BHOR,4513,BHOR,True,1.0,largest_overlap,3.7135,18.14779,74.04001,True
185496,HARISHCHANDRI,BHOR,4513,BHOR,True,1.0,largest_overlap,2.7952,18.23123,73.90581,True
185497,HARNAS,BHOR,4513,BHOR,True,1.0,largest_overlap,3.6067,18.20179,73.83983,True
185498,HATAVE BK.,BHOR,4513,BHOR,True,1.0,largest_overlap,6.2428,18.22924,73.8566,True
185500,HATNOSHI,BHOR,4513,BHOR,True,1.0,largest_overlap,2.1231,18.10669,73.83585,True
185499,HATVE KH.,BHOR,4513,BHOR,True,1.0,largest_overlap,2.9039,18.23397,73.84298,True
185501,HIRDOSHI,BHOR,4513,BHOR,True,1.0,largest_overlap,9.5737,18.11642,73.67089,True
185502,INGAVALI,BHOR,4513,BHOR,True,1.0,largest_overlap,3.9041,18.17072,73.91009,True
185503,JAMBHALI,BHOR,4513,BHOR,True,1.0,largest_overlap,5.2202,18.26278,73.84415,True
185504,JAYATPAD,BHOR,4513,BHOR,True,1.0,largest_overlap,15.8316,18.17922,73.74582,True
185505,JOGAWADI,BHOR,4513,BHOR,True,1.0,largest_overlap,2.7727,18.21703,73.81129,True
185506,KAMBARE KH.,BHOR,4513,BHOR,True,1.0,largest_overlap,5.4108,18.22881,73.73366,True
185508,KAMTHADI,BHOR,4513,BHOR,True,1.0,largest_overlap,5.0445,18.25006,73.89894,True
185509,KANJALE,BHOR,4513,BHOR,True,1.0,largest_overlap,4.7449,18.29809,73.84896,True
185510,KAPURHOL,BHOR,4513,BHOR,True,1.0,largest_overlap,3.6961,18.22611,73.9154,True
185511,KARANDI BK.,BHOR,4513,BHOR,True,1.0,largest_overlap,3.5315,18.23674,73.77167,True
185516,KARANDI KH.,BHOR,4513,BHOR,True,1.0,largest_overlap,3.1569,18.23877,73.75302,True
185515,KARANDI KHEBA,BHOR,4513,BHOR,True,1.0,largest_overlap,9.4256,18.2838,73.91332,True
185513,KARANJE,BHOR,4513,BHOR,True,1.0,largest_overlap,3.8411,18.10429,73.78183,True
185512,KARANJGAON,BHOR,4513,BHOR,True,1.0,largest_overlap,4.4362,18.13082,73.73949,True
185514,KARI,BHOR,4513,BHOR,True,1.0,largest_overlap,8.5054,18.07599,73.75764,True
185517,KARNAVAD,BHOR,4513,BHOR,True,1.0,largest_overlap,5.9082,18.05696,73.80638,True
185518,KASURDI GUMA,BHOR,4513,BHOR,True,1.0,largest_overlap,2.473,18.20368,73.89895,True
185519,KASURDI K. B,BHOR,4513,BHOR,True,1.0,largest_overlap,5.4508,18.3463,73.8693,True
185520,KELAWADE,BHOR,4513,BHOR,True,1.0,largest_overlap,6.1373,18.27882,73.87223,True
185521,KENJAL,BHOR,4513,BHOR,True,1.0,largest_overlap,6.5367,18.1843,73.93362,True
185522,KHADKI,BHOR,4513,BHOR,True,1.0,largest_overlap,1.6177,18.2345,73.88218,True
185523,KHANAPUR,BHOR,4513,BHOR,True,1.0,largest_overlap,6.3224,18.10559,73.859,True
185524,KHOPI,BHOR,4513,BHOR,True,1.0,largest_overlap,6.8506,18.31501,73.83802,True
185525,KIKVI,BHOR,4513,BHOR,True,1.0,largest_overlap,3.5387,18.20228,73.93878,True
299221,KIVAT,BHOR,4513,BHOR,True,1.0,largest_overlap,2.7899,18.16143,73.82428,True
185526,KOLAVADI,BHOR,4513,BHOR,True,1.0,largest_overlap,1.0484,18.26051,73.82517,True
185527,KONDHARI B.K.,BHOR,4513,BHOR,True,1.0,largest_overlap,8.2937,18.11422,73.69547,True
185528,KORLE,BHOR,4513,BHOR,True,1.0,largest_overlap,4.4005,18.0445,73.74563,True
185529,KUMBALE,BHOR,4513,BHOR,True,1.0,largest_overlap,13.9826,18.19605,73.63408,True
185530,KURUNGVADI,BHOR,4513,BHOR,True,1.0,largest_overlap,9.3465,18.28366,73.83114,True
185531,KURUNJI,BHOR,4513,BHOR,True,1.0,largest_overlap,5.7596,18.22372,73.71767,True
185532,KUSAGAON,BHOR,4513,BHOR,True,1.0,largest_overlap,7.132,18.32531,73.81471,True
185533,MAHUDE BK.,BHOR,4513,BHOR,True,1.0,largest_overlap,8.9279,18.14798,73.75988,True
185534,MAHUDE KH.,BHOR,4513,BHOR,True,1.0,largest_overlap,6.387,18.16129,73.75911,True
185535,MALE,BHOR,4513,BHOR,True,1.0,largest_overlap,10.1961,18.2195,73.69101,True
185536,MALEGAON,BHOR,4513,BHOR,True,1.0,largest_overlap,3.0635,18.25131,73.87097,True
185537,MAZGAON,BHOR,4513,BHOR,True,1.0,largest_overlap,5.6613,18.20885,73.82519,True
185538,MHAKOSHI,BHOR,4513,BHOR,True,1.0,largest_overlap,1.6529,18.05846,73.78488,True
185539,MHALAVADI,BHOR,4513,BHOR,True,1.0,largest_overlap,4.121,18.1907,73.8071,True
185541,MHASAR BK.,BHOR,4513,BHOR,True,1.0,largest_overlap,9.933,18.13574,73.69774,True
185540,MHASAR KH.,BHOR,4513,BHOR,True,1.0,largest_overlap,8.1397,18.13377,73.72277,True
185542,MOHARI BK.,BHOR,4513,BHOR,True,1.0,largest_overlap,6.0526,18.21588,73.86709,True
185543,MOHARI KH.,BHOR,4513,BHOR,True,1.0,largest_overlap,2.7386,18.21121,73.886,True
185544,MORWADI,BHOR,4513,BHOR,True,1.0,largest_overlap,8.5205,18.22929,73.94635,True
185554,NAHRE,BHOR,4513,BHOR,True,1.0,largest_overlap,3.3394,18.19523,73.86158,True
185548,NAND,BHOR,4513,BHOR,True,1.0,largest_overlap,3.1822,18.15949,73.78554,True
185549,NANDGAON,BHOR,4513,BHOR,True,1.0,largest_overlap,5.804,18.11878,73.77447,True
185550,NASRAPUR,BHOR,4513,BHOR,True,1.0,largest_overlap,3.1917,18.25312,73.88143,True
185551,NATAMBI,BHOR,4513,BHOR,True,1.0,largest_overlap,4.7672,18.11184,73.79449,True
185552,NAYGAON,BHOR,4513,BHOR,True,1.0,largest_overlap,2.8667,18.27517,73.88532,True
185547,NAZRE,BHOR,4513,BHOR,True,1.0,largest_overlap,6.1757,18.078,73.80486,True
185553,NERE,BHOR,4513,BHOR,True,1.0,largest_overlap,7.225,18.08504,73.84895,True
185546,NHAVI 322,BHOR,4513,BHOR,True,1.0,largest_overlap,4.9516,18.16595,74.01963,True
185555,NIGDE,BHOR,4513,BHOR,True,1.0,largest_overlap,3.6324,18.21692,73.92071,True
185556,NIGUDGHAR,BHOR,4513,BHOR,True,1.0,largest_overlap,6.3722,18.10907,73.7273,True
185560,PALE,BHOR,4513,BHOR,True,1.0,largest_overlap,3.7415,18.05824,73.83203,True
185559,PALSOSHI,BHOR,4513,BHOR,True,1.0,largest_overlap,3.6331,18.07403,73.83206,True
185562,PANDE,BHOR,4513,BHOR,True,1.0,largest_overlap,3.2807,18.16797,73.98396,True
185563,PANGARI,BHOR,4513,BHOR,True,1.0,largest_overlap,7.8915,18.17945,73.71869,True
185561,PANVHAL,BHOR,4513,BHOR,True,1.0,largest_overlap,2.2443,18.09056,73.7982,True
185557,PARHAR BK.,BHOR,4513,BHOR,True,1.0,largest_overlap,7.5041,18.0716,73.69267,True
185564,PARHAR KH.,BHOR,4513,BHOR,True,1.0,largest_overlap,6.5016,18.08672,73.69053,True
185565,PARWADI,BHOR,4513,BHOR,True,1.0,largest_overlap,6.244,18.29381,73.8131,True
185566,PASURE,BHOR,4513,BHOR,True,1.0,largest_overlap,9.7891,18.19042,73.77756,True
185558,PENJALWADI,BHOR,4513,BHOR,True,1.0,largest_overlap,5.3415,18.17845,74.0316,True
185567,PISAVARE,BHOR,4513,BHOR,True,1.0,largest_overlap,4.6156,18.13963,73.78536,True
185568,POMBARDI,BHOR,4513,BHOR,True,1.0,largest_overlap,2.0048,18.14174,73.81509,True
185569,RAJAPUR,BHOR,4513,BHOR,True,1.0,largest_overlap,4.4773,18.16988,73.97008,True
185570,RAJGHAR,BHOR,4513,BHOR,True,1.0,largest_overlap,3.9426,18.21344,73.75878,True
185571,RANJE,BHOR,4513,BHOR,True,1.0,largest_overlap,3.9759,18.34463,73.82166,True
185572,RAVDI,BHOR,4513,BHOR,True,1.0,largest_overlap,3.1592,18.04362,73.80713,True
185573,RAYARI,BHOR,4513,BHOR,True,1.0,largest_overlap,19.4295,18.05477,73.73265,True
185574,SALAV,BHOR,4513,BHOR,True,1.0,largest_overlap,4.348,18.08973,73.72508,True
185575,SALAVADE,BHOR,4513,BHOR,True,1.0,largest_overlap,4.2704,18.27539,73.85654,True
185576,SALUNGAN,BHOR,4513,BHOR,True,1.0,largest_overlap,12.615,18.16311,73.6704,True
185577,SANGAMNER,BHOR,4513,BHOR,True,1.0,largest_overlap,6.1921,18.18783,73.88097,True
185581,SANGAVI BK.,BHOR,4513,BHOR,True,1.0,largest_overlap,2.0621,18.26282,73.81132,True
185580,SANGAVI HIMA,BHOR,4513,BHOR,True,1.0,largest_overlap,2.1382,18.16688,73.86845,True
185578,SANGAVI KH.,BHOR,4513,BHOR,True,1.0,largest_overlap,1.6067,18.23435,73.87131,True
185579,SANGVI T. BHOR,BHOR,4513,BHOR,True,1.0,largest_overlap,1.5958,18.09604,73.77759,True
185582,SAROLE,BHOR,4513,BHOR,True,1.0,largest_overlap,4.9144,18.18561,73.95498,True
185583,SASEWADI,BHOR,4513,BHOR,True,1.0,largest_overlap,5.5573,18.38272,73.84055,True
185584,SAVARDARE,BHOR,4513,BHOR,True,1.0,largest_overlap,3.9566,18.19371,73.96975,True
185585,SHILIMB,BHOR,4513,BHOR,True,1.0,largest_overlap,11.0529,18.13777,73.65097,True
185586,SHIND,BHOR,4513,BHOR,True,1.0,largest_overlap,4.9402,18.16388,73.793,True
185587,SHINDEWADI,BHOR,4513,BHOR,True,1.0,largest_overlap,4.6439,18.38519,73.85488,True
185588,SHIRGAON,BHOR,4513,BHOR,True,1.0,largest_overlap,6.239,18.09338,73.61596,True
185589,SHIRVALI HIMA,BHOR,4513,BHOR,True,1.0,largest_overlap,18.3543,18.06853,73.65173,True
185590,SHIRVALI T. BHOR,BHOR,4513,BHOR,True,1.0,largest_overlap,2.3232,18.13882,73.80865,True
185591,SHIVARE,BHOR,4513,BHOR,True,1.0,largest_overlap,7.957,18.32164,73.86318,True
185592,SONAVADI,BHOR,4513,BHOR,True,1.0,largest_overlap,0.7966,18.27676,73.81577,True
185593,TAMBHAD,BHOR,4513,BHOR,True,1.0,largest_overlap,9.4964,18.23866,73.82573,True
185594,TAPREWADI,BHOR,4513,BHOR,True,1.0,largest_overlap,4.976,18.16342,74.03448,True
185595,TELAVADI,BHOR,4513,BHOR,True,1.0,largest_overlap,1.5563,18.21152,73.90099,True
185596,TITEGHAR,BHOR,4513,BHOR,True,1.0,largest_overlap,4.4151,18.03553,73.76509,True
185597,UMBARE,BHOR,4513,BHOR,True,1.0,largest_overlap,3.9835,18.22896,73.89309,True
185598,UTROLI,BHOR,4513,BHOR,True,1.0,largest_overlap,9.4702,18.13577,73.8612,True
185599,VADGAON DAL,BHOR,4513,BHOR,True,1.0,largest_overlap,7.7347,18.14086,73.88294,True
185606,VADHANE,BHOR,4513,BHOR,True,1.0,largest_overlap,2.8863,18.2279,73.7784,True
185607,VADTUMBI,BHOR,4513,BHOR,True,1.0,largest_overlap,5.6696,18.05387,73.76598,True
185612,VARAVAND,BHOR,4513,BHOR,True,1.0,largest_overlap,8.3072,18.11302,73.64787,True
185609,VARODI BK.,BHOR,4513,BHOR,True,1.0,largest_overlap,2.2429,18.04421,73.82096,True
185610,VARODI DAYMUKH,BHOR,4513,BHOR,True,1.0,largest_overlap,1.6761,18.04005,73.82963,True
185611,VARODI KH.,BHOR,4513,BHOR,True,1.0,largest_overlap,2.3494,18.04206,73.8386,True
185600,VARVE BK.,BHOR,4513,BHOR,True,1.0,largest_overlap,2.6871,18.29951,73.86592,True
185601,VARVE KH.,BHOR,4513,BHOR,True,1.0,largest_overlap,6.6807,18.31333,73.88178,True
185614,VATHAR KH.,BHOR,4513,BHOR,True,1.0,largest_overlap,2.718,18.14238,74.02414,True
185613,VATHARHIMA,BHOR,4513,BHOR,True,1.0,largest_overlap,2.3553,18.12594,73.78393,True
185602,VELU,BHOR,4513,BHOR,True,1.0,largest_overlap,5.7063,18.36351,73.86312,True
185603,VELVAND,BHOR,4513,BHOR,True,1.0,largest_overlap,7.7121,18.20678,73.73547,True
185604,VENAVADI,BHOR,4513,BHOR,True,1.0,largest_overlap,3.0303,18.13867,73.82452,True
185605,VIRWADI,BHOR,4513,BHOR,True,1.0,largest_overlap,3.0921,18.25091,73.85737,True
185608,WAGAJWADI,BHOR,4513,BHOR,True,1.0,largest_overlap,8.1367,18.2172,73.96251,True
185615,YEVALI,BHOR,4513,BHOR,True,1.0,largest_overlap,2.6368,18.1561,73.87168,True
185616,ALEGAON,DAUND,4514,DAUND,True,1.0,largest_overlap,20.0175,18.46349,74.5872,True
185617,BHANDGAON,DAUND,4514,DAUND,True,1.0,largest_overlap,21.4573,18.45009,74.30388,True
185618,BHARATGAON,DAUND,4514,DAUND,True,1.0,largest_overlap,16.3842,18.45139,74.22343,True
185620,BORIBEL,DAUND,4514,DAUND,True,1.0,largest_overlap,31.0766,18.39837,74.65742,True
185621,BORIBHADAK,DAUND,4514,DAUND,True,1.0,largest_overlap,6.9904,18.47678,74.15991,True
185619,BORIENDI,DAUND,4514,DAUND,True,1.0,largest_overlap,16.2215,18.45999,74.18673,True
185622,BORIPARTHI,DAUND,4514,DAUND,True,1.0,largest_overlap,16.0493,18.46367,74.38373,True
185623,CHINCHOLI,DAUND,4514,DAUND,True,1.0,largest_overlap,25.9721,18.33187,74.73319,True
185624,DAHITNE,DAUND,4514,DAUND,True,1.0,largest_overlap,8.6758,18.5494,74.20923,True
185625,DALIMB,DAUND,4514,DAUND,True,1.0,largest_overlap,12.3831,18.44417,74.15648,True
185626,DAPODI,DAUND,4514,DAUND,True,1.0,largest_overlap,11.8369,18.50231,74.39942,True
185627,DELAWADI,DAUND,4514,DAUND,True,1.0,largest_overlap,10.5805,18.54216,74.32344,True
185630,DEULGAON GADA,DAUND,4514,DAUND,True,1.0,largest_overlap,25.0401,18.40988,74.37372,True
185628,DEULGAONRAJE,DAUND,4514,DAUND,True,1.0,largest_overlap,16.4043,18.44348,74.67533,True
185629,DEVKARWADI,DAUND,4514,DAUND,True,1.0,largest_overlap,10.6849,18.58028,74.19592,True
185632,GALANDWADI,DAUND,4514,DAUND,True,1.0,largest_overlap,6.5314,18.5248,74.33934,True
185633,GAR,DAUND,4514,DAUND,True,1.0,largest_overlap,15.6297,18.47529,74.50742,True
185634,GIRIM,DAUND,4514,DAUND,True,1.0,largest_overlap,26.3115,18.43374,74.52253,True
185635,GOPALWADI,DAUND,4514,DAUND,True,1.0,largest_overlap,9.4085,18.43507,74.55678,True
185636,HATVALAN,DAUND,4514,DAUND,True,1.0,largest_overlap,9.811,18.51575,74.45113,True
185637,HINGANIBERDI,DAUND,4514,DAUND,True,1.0,largest_overlap,14.7235,18.42032,74.69742,True
185638,HINGANIWADI,DAUND,4514,DAUND,True,1.0,largest_overlap,16.9851,18.35919,74.46651,True
185639,JIREGAON,DAUND,4514,DAUND,True,1.0,largest_overlap,21.8531,18.35543,74.53122,True
185641,KANGAON,DAUND,4514,DAUND,True,1.0,largest_overlap,26.9967,18.50642,74.47743,True
185642,KASURDI,DAUND,4514,DAUND,True,1.0,largest_overlap,13.069,18.48235,74.2254,True
185643,KAUTHADI,DAUND,4514,DAUND,True,1.0,largest_overlap,10.0529,18.34646,74.55662,True
185644,KEDGAON,DAUND,4514,DAUND,True,1.0,largest_overlap,21.4366,18.47904,74.34775,True
185645,KHADAKI,DAUND,4514,DAUND,True,1.0,largest_overlap,33.9358,18.34008,74.68064,True
185646,KHAMGAON,DAUND,4514,DAUND,True,1.0,largest_overlap,22.8573,18.52458,74.2304,True
185647,KHANOTA,DAUND,4514,DAUND,True,1.0,largest_overlap,17.1205,18.32,74.8191,True
185648,KHOPODI,DAUND,4514,DAUND,True,1.0,largest_overlap,4.3237,18.51568,74.38259,True
185649,KHOR,DAUND,4514,DAUND,True,1.0,largest_overlap,28.4888,18.40461,74.32184,True
185650,KHORODI,DAUND,4514,DAUND,True,1.0,largest_overlap,18.0887,18.43057,74.61818,True
185651,KHUTBAV,DAUND,4514,DAUND,True,1.0,largest_overlap,13.624,18.49632,74.31558,True
185652,KOREGAON BHIVAR,DAUND,4514,DAUND,True,1.0,largest_overlap,8.9953,18.62046,74.29433,True
185653,KURKUMBHA,DAUND,4514,DAUND,True,1.0,largest_overlap,12.0862,18.39448,74.54966,True
185654,KUSEGAON,DAUND,4514,DAUND,True,1.0,largest_overlap,19.989,18.3875,74.43557,True
185656,LINGALI,DAUND,4514,DAUND,True,1.0,largest_overlap,21.6586,18.42005,74.57976,True
185657,LONARWADI,DAUND,4514,DAUND,True,1.0,largest_overlap,15.0596,18.37332,74.69743,True
185658,MALADPATAS,DAUND,4514,DAUND,True,1.0,largest_overlap,25.369,18.37581,74.59369,True
185659,MALTHAN,DAUND,4514,DAUND,True,1.0,largest_overlap,27.1176,18.38306,74.73238,True
185660,MIRWADI,DAUND,4514,DAUND,True,1.0,largest_overlap,12.0348,18.55584,74.18059,True
185661,NANDADEVI,DAUND,4514,DAUND,True,1.0,largest_overlap,12.6716,18.32726,74.63953,True
185662,NANDUR,DAUND,4514,DAUND,True,1.0,largest_overlap,7.9416,18.51807,74.19411,True
185663,NANGAON,DAUND,4514,DAUND,True,1.0,largest_overlap,19.4739,18.54236,74.41635,True
185664,NANVIJ,DAUND,4514,DAUND,True,1.0,largest_overlap,8.9137,18.48736,74.53306,True
185666,NAYGAON,DAUND,4514,DAUND,True,1.0,largest_overlap,4.4223,18.39003,74.79263,True
185667,PADAVI,DAUND,4514,DAUND,True,1.0,largest_overlap,24.1304,18.3871,74.39681,True
185668,PANDHAREWADI,DAUND,4514,DAUND,True,1.0,largest_overlap,15.9864,18.38772,74.51095,True
185669,PANVALI,DAUND,4514,DAUND,True,1.0,largest_overlap,7.9456,18.65426,74.26503,True
185670,PARGAON,DAUND,4514,DAUND,True,1.0,largest_overlap,30.4834,18.54508,74.36891,True
185671,PATAS,DAUND,4514,DAUND,True,1.0,largest_overlap,46.6221,18.43109,74.45667,True
185672,PATETHAN,DAUND,4514,DAUND,True,1.0,largest_overlap,10.2234,18.61137,74.21275,True
185673,PEDGAON,DAUND,4514,DAUND,True,1.0,largest_overlap,11.6409,18.48722,74.69655,True
185674,PILANWADI,DAUND,4514,DAUND,True,1.0,largest_overlap,11.2854,18.57926,74.22805,True
185675,PIMPALGAON,DAUND,4514,DAUND,True,1.0,largest_overlap,13.5942,18.55736,74.29672,True
185676,RAHU,DAUND,4514,DAUND,True,1.0,largest_overlap,32.727,18.57602,74.25793,True
185677,RAJEGAON,DAUND,4514,DAUND,True,1.0,largest_overlap,21.7367,18.35225,74.78585,True
185678,RAVANGAON,DAUND,4514,DAUND,True,1.0,largest_overlap,14.4754,18.36326,74.63522,True
185679,ROTI,DAUND,4514,DAUND,True,1.0,largest_overlap,9.1638,18.38822,74.47888,True
185680,SAHAJPUR,DAUND,4514,DAUND,True,1.0,largest_overlap,8.307,18.49653,74.19344,True
185681,SHIRAPUR,DAUND,4514,DAUND,True,1.0,largest_overlap,15.0515,18.46346,74.71009,True
185682,SONWADI,DAUND,4514,DAUND,True,1.0,largest_overlap,10.3737,18.48202,74.55642,True
185683,TAKLI,DAUND,4514,DAUND,True,1.0,largest_overlap,8.6108,18.63792,74.2333,True
185684,TAMHANWADI,DAUND,4514,DAUND,True,1.0,largest_overlap,4.8835,18.44062,74.18563,True
185685,TELEWADI,DAUND,4514,DAUND,True,1.0,largest_overlap,7.0572,18.60221,74.26391,True
185686,UNDAWADI,DAUND,4514,DAUND,True,1.0,largest_overlap,9.0851,18.52507,74.263,True
185689,VADGAON DAREKAR,DAUND,4514,DAUND,True,1.0,largest_overlap,5.5711,18.48217,74.66732,True
185687,VADGAONBANDE,DAUND,4514,DAUND,True,1.0,largest_overlap,11.1925,18.62885,74.25154,True
185690,VAKHARI,DAUND,4514,DAUND,True,1.0,largest_overlap,15.1587,18.44795,74.34779,True
185688,VALKI,DAUND,4514,DAUND,True,1.0,largest_overlap,13.6854,18.58448,74.30687,True
185691,VARVAND,DAUND,4514,DAUND,True,1.0,largest_overlap,43.4889,18.46598,74.4192,True
185692,VASUNDE,DAUND,4514,DAUND,True,1.0,largest_overlap,14.3632,18.34451,74.49751,True
185693,VATLUJ,DAUND,4514,DAUND,True,1.0,largest_overlap,9.4985,18.39239,74.77092,True
185694,YAVAT,DAUND,4514,DAUND,True,1.0,largest_overlap,41.5535,18.47162,74.26884,True
185695,AGALAMBE,HAVELI,4515,HAVELI,True,1.0,largest_overlap,12.8321,18.4332,73.70358,True
185696,AHIRE,HAVELI,4515,HAVELI,True,0.562,largest_overlap,24.9978,18.59296,73.80599,True
185697,ALANDI MHATOBA,HAVELI,4515,HAVELI,True,1.0,largest_overlap,14.1172,18.44557,74.06654,True
185700,AMBI,HAVELI,4515,HAVELI,True,1.0,largest_overlap,8.3827,18.36121,73.63865,True
185701,ARVI,HAVELI,4515,HAVELI,True,1.0,largest_overlap,11.5604,18.37037,73.80698,True
185702,ASHTAPUR,HAVELI,4515,HAVELI,True,1.0,largest_overlap,15.4947,18.55302,74.12817,True
185703,AVHALWADI,HAVELI,4515,HAVELI,True,1.0,largest_overlap,4.9223,18.56113,73.9879,True
185704,BAHULI,HAVELI,4515,HAVELI,True,1.0,largest_overlap,13.6003,18.43458,73.66956,True
185705,BAKORI,HAVELI,4515,HAVELI,True,1.0,largest_overlap,7.8469,18.59348,74.0496,True
185706,BHAVADI,HAVELI,4515,HAVELI,True,1.0,largest_overlap,10.1562,18.62163,73.98521,True
185707,BHAVARAPUR,HAVELI,4515,HAVELI,True,1.0,largest_overlap,4.0582,18.53023,74.13469,True
185708,BHILAREWADI,HAVELI,4515,HAVELI,True,1.0,largest_overlap,9.3857,18.41116,73.8609,True
185709,BIVARI,HAVELI,4515,HAVELI,True,1.0,largest_overlap,8.129,18.53904,74.09777,True
185710,BURKEGAON,HAVELI,4515,HAVELI,True,1.0,largest_overlap,9.422,18.61055,74.09998,True
185713,DONGARGAON,HAVELI,4515,HAVELI,True,1.0,largest_overlap,9.163,18.60931,74.07805,True
185714,DONJE,HAVELI,4515,HAVELI,True,1.0,largest_overlap,9.4887,18.39194,73.78595,True
185715,GAUDDARA,HAVELI,4515,HAVELI,True,1.0,largest_overlap,5.5387,18.36482,73.83445,True
185716,GHERASINHAGAD,HAVELI,4515,HAVELI,True,1.0,largest_overlap,35.2901,18.36811,73.75602,True
185717,GOGALWADI,HAVELI,4515,HAVELI,True,1.0,largest_overlap,7.8081,18.38391,73.87266,True
185718,GORHE BK.,HAVELI,4515,HAVELI,True,1.0,largest_overlap,4.0707,18.41777,73.75834,True
185719,GORHE KH.,HAVELI,4515,HAVELI,True,1.0,largest_overlap,6.2241,18.40567,73.73437,True
185720,GUJAR-NIMBALKARWADI,HAVELI,4515,HAVELI,True,1.0,largest_overlap,3.3943,18.4251,73.87546,True
185721,HINGANGAON,HAVELI,4515,HAVELI,True,1.0,largest_overlap,6.7974,18.54256,74.15717,True
185722,HOLKARWADI,HAVELI,4515,HAVELI,True,1.0,largest_overlap,7.0936,18.42993,73.9453,True
185723,JAMBHALI,HAVELI,4515,HAVELI,True,1.0,largest_overlap,4.6764,18.39597,73.65391,True
237299,JAMBHULWADI / KOLEWADI,HAVELI,4515,HAVELI,True,1.0,largest_overlap,20.0856,18.52337,74.02449,True
185724,KADAMWAKVASTI,HAVELI,4515,HAVELI,True,1.0,largest_overlap,8.0344,18.49163,74.01242,True
185725,KALYAN,HAVELI,4515,HAVELI,True,1.0,largest_overlap,8.7486,18.33918,73.76108,True
185726,KESNAND,HAVELI,4515,HAVELI,True,1.0,largest_overlap,17.0217,18.57063,74.02227,True
237300,KHADAKWADI,HAVELI,4515,HAVELI,True,1.0,largest_overlap,2.5057,18.41777,73.71495,True
185727,KHADAKWASALA,HAVELI,4515,HAVELI,True,1.0,largest_overlap,11.9654,18.42699,73.77482,True
186112,KHALUMBRE,HAVELI,4515,HAVELI,True,0.5031,largest_overlap,10.6944,18.72673,73.77586,True
185728,KHAMGAON MAVAL,HAVELI,4515,HAVELI,True,1.0,largest_overlap,9.6825,18.355,73.71824,True
185729,KHAMGAONTEK,HAVELI,4515,HAVELI,True,1.0,largest_overlap,3.9441,18.52678,74.17189,True
185730,KHANAPUR,HAVELI,4515,HAVELI,True,1.0,largest_overlap,1.7419,18.39562,73.73132,True
185732,KIRKATWADI,HAVELI,4515,HAVELI,True,1.0,largest_overlap,3.1303,18.43901,73.79262,True
185733,KOLVADI SASHTE,HAVELI,4515,HAVELI,True,1.0,largest_overlap,12.3573,18.4056,73.83529,True
185734,KONDHANPUR,HAVELI,4515,HAVELI,True,1.0,largest_overlap,3.7147,18.35372,73.79173,True
185735,KONDHWE DHAVADE,HAVELI,4515,HAVELI,True,1.0,largest_overlap,13.1032,18.46682,73.74955,True
185752,KOPRE,HAVELI,4515,HAVELI,True,1.0,largest_overlap,3.1319,18.44234,73.7486,True
185736,KOREGAON MUL,HAVELI,4515,HAVELI,True,1.0,largest_overlap,10.9627,18.50571,74.11641,True
185737,KUDAJE,HAVELI,4515,HAVELI,True,1.0,largest_overlap,6.4464,18.42877,73.73585,True
185738,KUJIREWADI,HAVELI,4515,HAVELI,True,1.0,largest_overlap,6.7585,18.48565,74.05882,True
185740,LONIKALBHOR,HAVELI,4515,HAVELI,True,1.0,largest_overlap,36.1461,18.46547,74.02727,True
185741,LONIKAND,HAVELI,4515,HAVELI,True,1.0,largest_overlap,17.3198,18.6149,74.02024,True
185742,MALKHED,HAVELI,4515,HAVELI,True,1.0,largest_overlap,3.3233,18.39171,73.70644,True
185743,MANDAVI BK.,HAVELI,4515,HAVELI,True,1.0,largest_overlap,4.5625,18.41107,73.69678,True
185744,MANDAVI KH.,HAVELI,4515,HAVELI,True,1.0,largest_overlap,1.1378,18.40936,73.70966,True
185745,MANERWADI,HAVELI,4515,HAVELI,True,1.0,largest_overlap,5.3082,18.42833,73.86324,True
185746,MANJARI BK.,HAVELI,4515,HAVELI,True,1.0,largest_overlap,19.5143,18.51832,73.97143,True
185747,MANJARI KH.,HAVELI,4515,HAVELI,True,1.0,largest_overlap,12.0941,18.53002,73.9942,True
185748,NANDED,HAVELI,4515,HAVELI,True,1.0,largest_overlap,4.8499,18.45549,73.78415,True
185749,NANDOSHI,HAVELI,4515,HAVELI,True,1.0,largest_overlap,11.1096,18.40648,73.80429,True
185750,NARHE,HAVELI,4515,HAVELI,True,1.0,largest_overlap,4.2988,18.44339,73.82858,True
185751,NAYGAON,HAVELI,4515,HAVELI,True,1.0,largest_overlap,7.9902,18.51578,74.08468,True
185753,NHAVI SANDAS,HAVELI,4515,HAVELI,True,1.0,largest_overlap,8.8447,18.59764,74.1542,True
185754,NIRGUDI,HAVELI,4515,HAVELI,True,1.0,largest_overlap,4.3828,18.64087,73.93781,True
186622,OSADE,HAVELI,4515,HAVELI,True,1.0,largest_overlap,3.1394,18.3793,73.68254,True
237301,OUTADE-HANDEWADI,HAVELI,4515,HAVELI,True,1.0,largest_overlap,5.5112,18.43979,73.92964,True
185755,PERANE,HAVELI,4515,HAVELI,True,1.0,largest_overlap,12.3735,18.62457,74.05401,True
185756,PETH,HAVELI,4515,HAVELI,True,1.0,largest_overlap,5.8931,18.50849,74.09574,True
185757,PHULGAON,HAVELI,4515,HAVELI,True,1.0,largest_overlap,6.1939,18.64986,74.01284,True
185759,PIMPRISANDAS,HAVELI,4515,HAVELI,True,1.0,largest_overlap,15.7318,18.59671,74.11958,True
185760,PISOLI,HAVELI,4515,HAVELI,True,1.0,largest_overlap,4.6612,18.43746,73.9054,True
185762,RAHATVADE,HAVELI,4515,HAVELI,True,1.0,largest_overlap,6.4192,18.33494,73.7952,True
185765,SANGRUN,HAVELI,4515,HAVELI,True,1.0,largest_overlap,5.761,18.40872,73.6793,True
185764,SANGVI SANDAS,HAVELI,4515,HAVELI,True,1.0,largest_overlap,9.9014,18.60137,74.18052,True
185766,SHEWALWADI,HAVELI,4515,HAVELI,True,1.0,largest_overlap,2.7491,18.48618,73.97394,True
185768,SHINDAVANE,HAVELI,4515,HAVELI,True,1.0,largest_overlap,17.6922,18.4473,74.13127,True
185767,SHINDEWADI,HAVELI,4515,HAVELI,True,1.0,largest_overlap,8.9546,18.56392,74.15687,True
185769,SHIRSAVADI,HAVELI,4515,HAVELI,True,1.0,largest_overlap,11.094,18.56854,74.09799,True
185771,SONAPUR,HAVELI,4515,HAVELI,True,1.0,largest_overlap,4.7488,18.38054,73.67106,True
185772,SORTAPWADI,HAVELI,4515,HAVELI,True,1.0,largest_overlap,8.6947,18.48164,74.08944,True
185773,TARDE,HAVELI,4515,HAVELI,True,1.0,largest_overlap,11.6746,18.44909,74.09412,True
185774,THEUR,HAVELI,4515,HAVELI,True,1.0,largest_overlap,14.2198,18.51508,74.05663,True
298904,TILEKARWADI,HAVELI,4515,HAVELI,True,1.0,largest_overlap,9.4721,18.51253,74.1641,True
185775,TULAPUR,HAVELI,4515,HAVELI,True,1.0,largest_overlap,8.2392,18.65713,73.99102,True
185778,URULIKANCHAN,HAVELI,4515,HAVELI,True,1.0,largest_overlap,13.5653,18.49479,74.13906,True
185780,VADACHIWADI,HAVELI,4515,HAVELI,True,1.0,largest_overlap,5.9651,18.42466,73.91735,True
185783,VADAKI,HAVELI,4515,HAVELI,True,1.0,largest_overlap,22.7133,18.43252,73.98055,True
185782,VADGAON-SHINDE,HAVELI,4515,HAVELI,True,1.0,largest_overlap,5.8409,18.63217,73.95403,True
185784,VADHU KH.,HAVELI,4515,HAVELI,True,1.0,largest_overlap,6.5615,18.64939,74.03759,True
185786,VALTI,HAVELI,4515,HAVELI,True,1.0,largest_overlap,9.4571,18.43649,74.10986,True
185787,VARDADE,HAVELI,4515,HAVELI,True,1.0,largest_overlap,4.4474,18.37685,73.7049,True
185781,WADEBOLHAI,HAVELI,4515,HAVELI,True,1.0,largest_overlap,22.6907,18.55924,74.0651,True
185789,AGOTI NO.1,INDAPUR,4516,INDAPUR,True,1.0,largest_overlap,5.2763,18.23353,74.98008,True
185790,AGOTI NO.2,INDAPUR,4516,INDAPUR,True,1.0,largest_overlap,5.2882,18.2366,74.9612,True
185791,AJOTI,INDAPUR,4516,INDAPUR,True,1.0,largest_overlap,17.3077,18.15663,75.08067,True
185792,AKOLE,INDAPUR,4516,INDAPUR,True,1.0,largest_overlap,19.757,18.19923,74.74432,True
185793,ATHURNE,INDAPUR,4516,INDAPUR,True,1.0,largest_overlap,12.3229,18.07325,74.79708,True
185794,AWSARI GROUP,INDAPUR,4516,INDAPUR,True,1.0,largest_overlap,15.387,18.04264,75.02356,True
185795,BABHULGAON,INDAPUR,4516,INDAPUR,True,1.0,largest_overlap,13.2341,18.05846,75.06858,True
185796,BALPUDI,INDAPUR,4516,INDAPUR,True,1.0,largest_overlap,8.352,18.17748,74.92719,True
185797,BAWADA,INDAPUR,4516,INDAPUR,True,1.0,largest_overlap,34.6729,17.96047,74.9979,True
185798,BELAWADI,INDAPUR,4516,INDAPUR,True,1.0,largest_overlap,6.5378,18.08678,74.73635,True
185799,BHADALWADI,INDAPUR,4516,INDAPUR,True,1.0,largest_overlap,13.6953,18.23098,74.77332,True
185800,BHANDGAON,INDAPUR,4516,INDAPUR,True,1.0,largest_overlap,13.4389,18.01587,75.02515,True
185801,BHARANEWADI,INDAPUR,4516,INDAPUR,True,1.0,largest_overlap,17.0965,18.10694,74.79155,True
185802,BHATNIMGAON,INDAPUR,4516,INDAPUR,True,1.0,largest_overlap,8.21,18.03746,75.05721,True
185803,BHAWADI,INDAPUR,4516,INDAPUR,True,1.0,largest_overlap,7.9419,18.23484,74.93661,True
185804,BHIGWAN,INDAPUR,4516,INDAPUR,True,1.0,largest_overlap,7.0437,18.31472,74.76377,True
185805,BHODANI,INDAPUR,4516,INDAPUR,True,1.0,largest_overlap,7.7676,17.99226,74.96092,True
185806,BIJWADI,INDAPUR,4516,INDAPUR,True,1.0,largest_overlap,33.1729,18.14883,74.96112,True
185807,BORATWADI,INDAPUR,4516,INDAPUR,True,1.0,largest_overlap,4.8978,17.94976,74.88564,True
185808,BORI,INDAPUR,4516,INDAPUR,True,1.0,largest_overlap,18.9001,18.12445,74.74778,True
185809,CHAKATI,INDAPUR,4516,INDAPUR,True,1.0,largest_overlap,8.3765,17.95099,74.91507,True
185810,CHANDGAON,INDAPUR,4516,INDAPUR,True,1.0,largest_overlap,6.4547,18.25459,74.94158,True
185811,CHIKHALI,INDAPUR,4516,INDAPUR,True,1.0,largest_overlap,4.0087,18.03109,74.74062,True
185814,DALAJ NO.1,INDAPUR,4516,INDAPUR,True,1.0,largest_overlap,18.1577,18.24359,74.8131,True
185815,DALAJ NO.3,INDAPUR,4516,INDAPUR,True,1.0,largest_overlap,5.0598,18.22991,74.83267,True
185816,DIKASAL,INDAPUR,4516,INDAPUR,True,1.0,largest_overlap,7.7936,18.30671,74.79406,True
261946,GAKHOLI,INDAPUR,4516,INDAPUR,True,1.0,largest_overlap,10.6557,18.09322,74.96923,True
185817,GALANDWADI NO.1,INDAPUR,4516,INDAPUR,True,1.0,largest_overlap,9.0555,18.15271,75.01092,True
185818,GALANDWADI NO.2,INDAPUR,4516,INDAPUR,True,1.0,largest_overlap,8.7931,18.08092,75.05296,True
185819,GANJEVALAN,INDAPUR,4516,INDAPUR,True,1.0,largest_overlap,8.2251,18.24778,75.02185,True
185820,GHORPADWADI,INDAPUR,4516,INDAPUR,True,1.0,largest_overlap,5.2255,18.03148,74.85951,True
185821,GIRWI,INDAPUR,4516,INDAPUR,True,1.0,largest_overlap,9.7767,17.95141,75.10187,True
185822,GONDI,INDAPUR,4516,INDAPUR,True,1.0,largest_overlap,8.6934,17.9273,75.07675,True
185823,GOTANDI,INDAPUR,4516,INDAPUR,True,1.0,largest_overlap,18.9405,18.06838,74.87252,True
185824,HAGARWADI,INDAPUR,4516,INDAPUR,True,1.0,largest_overlap,6.498,18.06405,74.84351,True
185825,HINGANGAON,INDAPUR,4516,INDAPUR,True,1.0,largest_overlap,9.925,18.08496,75.09693,True
185826,JACHAKVASTI,INDAPUR,4516,INDAPUR,True,1.0,largest_overlap,4.4904,18.10008,74.71953,True
185828,JAMB,INDAPUR,4516,INDAPUR,True,1.0,largest_overlap,1.8812,18.05589,74.70867,True
185830,KACHARWADI BAWADA,INDAPUR,4516,INDAPUR,True,1.0,largest_overlap,6.1582,17.92942,74.97992,True
185831,KACHARWADI N.K.,INDAPUR,4516,INDAPUR,True,1.0,largest_overlap,3.4911,18.10227,74.89231,True
185832,KADBANWADI,INDAPUR,4516,INDAPUR,True,1.0,largest_overlap,16.7569,18.13278,74.84653,True
185833,KALAMB,INDAPUR,4516,INDAPUR,True,1.0,largest_overlap,20.9507,18.0309,74.77772,True
185834,KALAS,INDAPUR,4516,INDAPUR,True,1.0,largest_overlap,63.0192,18.17492,74.78956,True
185835,KALASHI,INDAPUR,4516,INDAPUR,True,1.0,largest_overlap,10.62,18.21965,74.99719,True
185836,KALTHAN NO.1,INDAPUR,4516,INDAPUR,True,1.0,largest_overlap,12.5832,18.19031,74.99776,True
185837,KALTHAN NO.2,INDAPUR,4516,INDAPUR,True,1.0,largest_overlap,6.4582,18.17731,75.01251,True
185838,KANDALGAON,INDAPUR,4516,INDAPUR,True,1.0,largest_overlap,15.3702,18.10461,75.13428,True
185839,KATI,INDAPUR,4516,INDAPUR,True,1.0,largest_overlap,18.8128,18.0296,74.92478,True
185841,KAZAD,INDAPUR,4516,INDAPUR,True,1.0,largest_overlap,15.8041,18.15531,74.74178,True
185842,KHOROCHI,INDAPUR,4516,INDAPUR,True,1.0,largest_overlap,13.6133,17.96509,74.87185,True
185840,KOUTHALI,INDAPUR,4516,INDAPUR,True,1.0,largest_overlap,15.5691,18.14816,74.91233,True
185843,KUMBHARGOAN,INDAPUR,4516,INDAPUR,True,1.0,largest_overlap,11.5131,18.26589,74.7881,True
185844,KURAVALI,INDAPUR,4516,INDAPUR,True,1.0,largest_overlap,7.299,18.04492,74.72422,True
299397,Karewadi,INDAPUR,4516,INDAPUR,True,1.0,largest_overlap,4.2377,18.19436,74.96926,True
185845,LAKADI,INDAPUR,4516,INDAPUR,True,1.0,largest_overlap,13.0843,18.17374,74.68162,True
185846,LAKHEWADI,INDAPUR,4516,INDAPUR,True,1.0,largest_overlap,15.577,17.97222,74.94928,True
185847,LASURNE,INDAPUR,4516,INDAPUR,True,1.0,largest_overlap,15.6082,18.06561,74.76401,True
185848,LONI DEVKAR,INDAPUR,4516,INDAPUR,True,1.0,largest_overlap,15.7466,18.19709,74.9147,True
185849,LUMEWADI,INDAPUR,4516,INDAPUR,True,1.0,largest_overlap,6.9627,17.91246,75.03485,True
185850,MADANWADI,INDAPUR,4516,INDAPUR,True,1.0,largest_overlap,22.5478,18.28388,74.73915,True
185851,MALWADI,INDAPUR,4516,INDAPUR,True,1.0,largest_overlap,16.0596,18.14193,75.04836,True
185852,MANKARWADI,INDAPUR,4516,INDAPUR,True,1.0,largest_overlap,4.2524,18.04218,74.70052,True
185853,MHASOBAWADI,INDAPUR,4516,INDAPUR,True,1.0,largest_overlap,15.0757,18.20607,74.67438,True
185854,NARSINHPUR,INDAPUR,4516,INDAPUR,True,1.0,largest_overlap,7.8653,17.98191,75.11666,True
185855,NHAVI,INDAPUR,4516,INDAPUR,True,1.0,largest_overlap,21.2388,18.17438,74.88627,True
185857,NIMBODI,INDAPUR,4516,INDAPUR,True,1.0,largest_overlap,8.5074,18.14513,74.68639,True
185856,NIMGAON KETAKI,INDAPUR,4516,INDAPUR,True,1.0,largest_overlap,33.7554,18.1001,74.9225,True
185858,NIMSAKHAR,INDAPUR,4516,INDAPUR,True,1.0,largest_overlap,22.8145,18.02058,74.82572,True
185860,NIRGUDE,INDAPUR,4516,INDAPUR,True,1.0,largest_overlap,25.1522,18.21375,74.7131,True
185861,NIRNIMGAON,INDAPUR,4516,INDAPUR,True,1.0,largest_overlap,6.5829,17.93063,74.95495,True
185859,NIRWANGI,INDAPUR,4516,INDAPUR,True,1.0,largest_overlap,13.881,18.00548,74.86488,True
185862,PADASATHAL,INDAPUR,4516,INDAPUR,True,1.0,largest_overlap,10.2536,18.19519,75.07285,True
185863,PALASDEV,INDAPUR,4516,INDAPUR,True,1.0,largest_overlap,43.6455,18.23184,74.88066,True
185864,PANDHARWADI,INDAPUR,4516,INDAPUR,True,1.0,largest_overlap,5.785,18.04984,74.97113,True
185865,PAWARWADI,INDAPUR,4516,INDAPUR,True,1.0,largest_overlap,3.8413,18.06881,74.70559,True
185866,PIMPALE,INDAPUR,4516,INDAPUR,True,1.0,largest_overlap,8.7874,18.25713,74.71801,True
185867,PIMPARI BK.,INDAPUR,4516,INDAPUR,True,1.0,largest_overlap,10.3466,17.9451,75.06132,True
185868,PIMPRI KH.,INDAPUR,4516,INDAPUR,True,1.0,largest_overlap,16.3234,18.17356,75.04305,True
185869,PITAKESHWAR,INDAPUR,4516,INDAPUR,True,1.0,largest_overlap,9.7299,18.0482,74.89749,True
185870,PITHEWADI,INDAPUR,4516,INDAPUR,True,1.0,largest_overlap,11.5099,17.94719,74.96161,True
185871,PONDWADI,INDAPUR,4516,INDAPUR,True,1.0,largest_overlap,14.5226,18.24512,74.74483,True
185872,RANGOAN,INDAPUR,4516,INDAPUR,True,1.0,largest_overlap,6.3744,18.04838,74.79803,True
185873,REDA,INDAPUR,4516,INDAPUR,True,1.0,largest_overlap,9.5406,18.00905,74.91576,True
185874,REDANI,INDAPUR,4516,INDAPUR,True,1.0,largest_overlap,18.6962,17.98163,74.90907,True
185875,RUI,INDAPUR,4516,INDAPUR,True,1.0,largest_overlap,21.4444,18.18,74.84693,True
185876,SANSAR,INDAPUR,4516,INDAPUR,True,1.0,largest_overlap,17.1022,18.10876,74.69701,True
259679,SAPKALWADI,INDAPUR,4516,INDAPUR,True,1.0,largest_overlap,2.1258,18.09565,74.68552,True
185878,SARAPHWADI,INDAPUR,4516,INDAPUR,True,1.0,largest_overlap,8.552,18.02281,74.88313,True
185879,SARATI,INDAPUR,4516,INDAPUR,True,1.0,largest_overlap,7.7497,17.92167,75.00532,True
185877,SARDEWADI,INDAPUR,4516,INDAPUR,True,1.0,largest_overlap,10.5613,18.09957,75.07505,True
185880,SHAHA,INDAPUR,4516,INDAPUR,True,1.0,largest_overlap,9.2064,18.11594,75.0928,True
185881,SHELGOAN,INDAPUR,4516,INDAPUR,True,1.0,largest_overlap,34.1471,18.11216,74.82527,True
185883,SHETPHAL HAVELI,INDAPUR,4516,INDAPUR,True,1.0,largest_overlap,16.2014,18.02403,74.96921,True
185882,SHETPHALGADHE,INDAPUR,4516,INDAPUR,True,1.0,largest_overlap,22.6573,18.2505,74.68201,True
185884,SHINDEWADI,INDAPUR,4516,INDAPUR,True,1.0,largest_overlap,11.2856,18.1573,74.71288,True
185885,SHIRSATWADI,INDAPUR,4516,INDAPUR,True,1.0,largest_overlap,7.3712,18.06312,74.82375,True
185886,SURWAD,INDAPUR,4516,INDAPUR,True,1.0,largest_overlap,6.5333,18.01,74.99463,True
185887,TAKRARWADI,INDAPUR,4516,INDAPUR,True,1.0,largest_overlap,2.8531,18.30386,74.78453,True
185888,TANNU,INDAPUR,4516,INDAPUR,True,1.0,largest_overlap,8.945,17.9704,75.08649,True
185889,TARANGWADI,INDAPUR,4516,INDAPUR,True,1.0,largest_overlap,17.9726,18.11422,74.97975,True
185890,TARATGAON,INDAPUR,4516,INDAPUR,True,1.0,largest_overlap,3.053,18.08143,75.12133,True
185891,TAWSHI,INDAPUR,4516,INDAPUR,True,1.0,largest_overlap,6.847,18.07768,74.67841,True
185892,THORATWADI,INDAPUR,4516,INDAPUR,True,1.0,largest_overlap,8.4665,18.15455,74.85799,True
185893,UDHAT,INDAPUR,4516,INDAPUR,True,1.0,largest_overlap,3.7456,18.05971,74.69368,True
185898,VYAHALI,INDAPUR,4516,INDAPUR,True,1.0,largest_overlap,12.7652,18.12464,74.87908,True
185899,WADAPURI,INDAPUR,4516,INDAPUR,True,1.0,largest_overlap,14.6085,18.05371,74.9994,True
185894,WAKILWASTI,INDAPUR,4516,INDAPUR,True,1.0,largest_overlap,6.582,17.9946,74.99349,True
185896,WARKUTE BK.,INDAPUR,4516,INDAPUR,True,1.0,largest_overlap,18.3201,18.20271,74.9484,True
185897,WARKUTE KH.,INDAPUR,4516,INDAPUR,True,1.0,largest_overlap,16.3261,18.06382,74.93368,True
185900,ZHAGADEWADI,INDAPUR,4516,INDAPUR,True,1.0,largest_overlap,6.635,18.07249,74.97083,True
185901,AGAR,JUNNAR,4517,JUNNAR,True,1.0,largest_overlap,7.2434,19.19315,73.88989,True
185902,AHINAVEWADI,JUNNAR,4517,JUNNAR,True,1.0,largest_overlap,8.7965,19.30704,73.97623,True
185904,ALDARE,JUNNAR,4517,JUNNAR,True,1.0,largest_overlap,4.1598,19.23638,73.87876,True
185905,ALE,JUNNAR,4517,JUNNAR,True,1.0,largest_overlap,17.2406,19.1906,74.11309,True
185906,ALME,JUNNAR,4517,JUNNAR,True,1.0,largest_overlap,13.2155,19.26651,73.88358,True
185907,AMBE,JUNNAR,4517,JUNNAR,True,1.0,largest_overlap,10.4463,19.19824,73.67385,True
185908,AMBEGHAVAN,JUNNAR,4517,JUNNAR,True,1.0,largest_overlap,20.818,19.32738,73.98532,True
185909,AMBOLI,JUNNAR,4517,JUNNAR,True,1.0,largest_overlap,6.9698,19.23296,73.70173,True
185910,ANE,JUNNAR,4517,JUNNAR,True,1.0,largest_overlap,25.4685,19.15716,74.2216,True
185903,ANJNAVALE,JUNNAR,4517,JUNNAR,True,1.0,largest_overlap,22.4281,19.30682,73.70825,True
185911,APTALE,JUNNAR,4517,JUNNAR,True,1.0,largest_overlap,4.2683,19.21115,73.77513,True
185912,ARVI,JUNNAR,4517,JUNNAR,True,1.0,largest_overlap,5.7757,19.14545,73.94411,True
185913,AURANGPUR,JUNNAR,4517,JUNNAR,True,1.0,largest_overlap,3.7074,19.05459,74.12135,True
185914,BALLALWADI,JUNNAR,4517,JUNNAR,True,1.0,largest_overlap,11.9539,19.25102,73.91442,True
185915,BANGARWADI,JUNNAR,4517,JUNNAR,True,1.0,largest_overlap,11.1203,19.14528,74.18583,True
185916,BASTI,JUNNAR,4517,JUNNAR,True,1.0,largest_overlap,4.8828,19.15272,73.89743,True
185917,BELHE,JUNNAR,4517,JUNNAR,True,1.0,largest_overlap,17.4703,19.1115,74.16939,True
185918,BELSAR,JUNNAR,4517,JUNNAR,True,1.0,largest_overlap,2.9997,19.18665,73.81171,True
185919,BHIVADE BK.,JUNNAR,4517,JUNNAR,True,1.0,largest_overlap,11.0824,19.22552,73.67818,True
185920,BHIVADE KH.,JUNNAR,4517,JUNNAR,True,1.0,largest_overlap,2.811,19.20976,73.685,True
185921,BHORWADI,JUNNAR,4517,JUNNAR,True,1.0,largest_overlap,5.1354,19.1429,74.00989,True
185923,BORI BK.,JUNNAR,4517,JUNNAR,True,1.0,largest_overlap,17.5279,19.12782,74.10303,True
185922,BORI KH.,JUNNAR,4517,JUNNAR,True,1.0,largest_overlap,9.5892,19.11128,74.08171,True
185924,BOTARDE,JUNNAR,4517,JUNNAR,True,1.0,largest_overlap,5.0926,19.19082,73.793,True
185925,BUCHAKEWADI,JUNNAR,4517,JUNNAR,True,1.0,largest_overlap,7.2906,19.13779,73.81006,True
185926,CHAVAND,JUNNAR,4517,JUNNAR,True,1.0,largest_overlap,10.3297,19.23651,73.75512,True
185927,CHILHEWADI,JUNNAR,4517,JUNNAR,True,1.0,largest_overlap,4.3392,19.34263,73.96901,True
185928,CHINCHOLI,JUNNAR,4517,JUNNAR,True,1.0,largest_overlap,6.9519,19.12483,73.85379,True
185929,DATKHILWADI,JUNNAR,4517,JUNNAR,True,1.0,largest_overlap,4.8092,19.15367,73.79135,True
185930,DEVALE,JUNNAR,4517,JUNNAR,True,1.0,largest_overlap,10.2303,19.2995,73.74256,True
185931,DHALEWADI HAVELI,JUNNAR,4517,JUNNAR,True,1.0,largest_overlap,3.6858,19.17715,73.94358,True
185932,DHALEWADI T. MINHER,JUNNAR,4517,JUNNAR,True,1.0,largest_overlap,3.0165,19.21476,73.74513,True
185933,DHAMNKHEL,JUNNAR,4517,JUNNAR,True,1.0,largest_overlap,5.7581,19.17602,73.87615,True
185934,DHANGARWADI,JUNNAR,4517,JUNNAR,True,1.0,largest_overlap,2.718,19.15983,73.96376,True
185935,DHOLWAD,JUNNAR,4517,JUNNAR,True,1.0,largest_overlap,7.7779,19.21704,73.98682,True
185936,DINGORE,JUNNAR,4517,JUNNAR,True,1.0,largest_overlap,21.7225,19.28299,73.91789,True
185937,DUMBARWADI,JUNNAR,4517,JUNNAR,True,1.0,largest_overlap,3.6901,19.23917,74.00764,True
185938,GHANGALDARE,JUNNAR,4517,JUNNAR,True,1.0,largest_overlap,6.1096,19.18886,73.74058,True
185939,GHATGHAR,JUNNAR,4517,JUNNAR,True,1.0,largest_overlap,17.9634,19.27683,73.69869,True
185940,GODRE,JUNNAR,4517,JUNNAR,True,1.0,largest_overlap,12.2547,19.26283,73.84995,True
185941,GOLEGAON,JUNNAR,4517,JUNNAR,True,1.0,largest_overlap,9.8343,19.22905,73.89576,True
185942,GULUNCHWADI,JUNNAR,4517,JUNNAR,True,1.0,largest_overlap,8.084,19.12823,74.2032,True
185943,GUNJALWADI,JUNNAR,4517,JUNNAR,True,1.0,largest_overlap,7.6128,19.11925,73.93823,True
185944,GUNJALWADI BELHE,JUNNAR,4517,JUNNAR,True,1.0,largest_overlap,5.9769,19.12882,74.15173,True
185945,HADSAR,JUNNAR,4517,JUNNAR,True,1.0,largest_overlap,10.1095,19.27028,73.80487,True
185946,HATVIJ,JUNNAR,4517,JUNNAR,True,1.0,largest_overlap,8.4006,19.21153,73.65071,True
185948,HIVARE KH.,JUNNAR,4517,JUNNAR,True,1.0,largest_overlap,7.5251,19.22344,73.95699,True
185949,HIVARE T. MINHER,JUNNAR,4517,JUNNAR,True,1.0,largest_overlap,4.7425,19.17265,73.74427,True
185947,HIVRE BK.,JUNNAR,4517,JUNNAR,True,1.0,largest_overlap,2.6199,19.20387,73.97603,True
185950,HIVRE T. NARAYANGAON,JUNNAR,4517,JUNNAR,True,1.0,largest_overlap,18.5655,19.09451,74.00513,True
185951,INGALUN,JUNNAR,4517,JUNNAR,True,1.0,largest_overlap,4.8765,19.20614,73.70769,True
185952,JADHAVWADI,JUNNAR,4517,JUNNAR,True,1.0,largest_overlap,5.761,19.0998,74.1251,True
185953,JALVANDI,JUNNAR,4517,JUNNAR,True,1.0,largest_overlap,9.0599,19.26636,73.73713,True
185954,KALE,JUNNAR,4517,JUNNAR,True,1.0,largest_overlap,3.7514,19.16422,73.80042,True
185955,KALWADI,JUNNAR,4517,JUNNAR,True,1.0,largest_overlap,4.6197,19.19314,74.02595,True
185956,KANDALI,JUNNAR,4517,JUNNAR,True,1.0,largest_overlap,15.6304,19.14378,74.04153,True
185957,KATEDE,JUNNAR,4517,JUNNAR,True,1.0,largest_overlap,4.2787,19.1559,73.8401,True
185958,KEWADI,JUNNAR,4517,JUNNAR,True,1.0,largest_overlap,4.1426,19.25273,73.76285,True
185959,KHAMGAON,JUNNAR,4517,JUNNAR,True,1.0,largest_overlap,12.7786,19.24886,73.82594,True
185960,KHAMUNDI,JUNNAR,4517,JUNNAR,True,1.0,largest_overlap,10.7639,19.2405,74.03163,True
185961,KHANAPUR,JUNNAR,4517,JUNNAR,True,1.0,largest_overlap,8.1255,19.17546,73.89931,True
185962,KHANGAON,JUNNAR,4517,JUNNAR,True,1.0,largest_overlap,4.1672,19.20885,73.80649,True
185963,KHILARWADI,JUNNAR,4517,JUNNAR,True,1.0,largest_overlap,3.2003,19.11185,73.88256,True
237304,KHIRE,JUNNAR,4517,JUNNAR,True,1.0,largest_overlap,2.6832,19.27231,73.75571,True
185964,KHODAD,JUNNAR,4517,JUNNAR,True,1.0,largest_overlap,18.2361,19.08977,74.04356,True
185965,KHUBI,JUNNAR,4517,JUNNAR,True,1.0,largest_overlap,27.6607,19.35419,73.80427,True
185966,KOLWADI,JUNNAR,4517,JUNNAR,True,1.0,largest_overlap,8.2035,19.18732,74.14035,True
185967,KOPARE,JUNNAR,4517,JUNNAR,True,1.0,largest_overlap,16.1233,19.35003,73.88169,True
185968,KUMSHET,JUNNAR,4517,JUNNAR,True,1.0,largest_overlap,3.6081,19.21873,73.90778,True
185969,KURAN,JUNNAR,4517,JUNNAR,True,1.0,largest_overlap,4.3486,19.16719,73.92581,True
185970,KUSUR,JUNNAR,4517,JUNNAR,True,1.0,largest_overlap,10.1503,19.18342,73.84846,True
185971,MADH,JUNNAR,4517,JUNNAR,True,1.0,largest_overlap,10.113,19.32112,73.83579,True
185972,MANDARNE,JUNNAR,4517,JUNNAR,True,1.0,largest_overlap,5.1187,19.30329,73.9581,True
185973,MANDAVE,JUNNAR,4517,JUNNAR,True,1.0,largest_overlap,14.7235,19.33978,73.91394,True
185974,MANGALUR,JUNNAR,4517,JUNNAR,True,1.0,largest_overlap,8.9139,19.05452,74.16751,True
185975,MANIK DOH,JUNNAR,4517,JUNNAR,True,1.0,largest_overlap,6.528,19.22274,73.81241,True
185976,MANJARWADI,JUNNAR,4517,JUNNAR,True,1.0,largest_overlap,10.6257,19.06709,74.02114,True
185977,NALAVANE,JUNNAR,4517,JUNNAR,True,1.0,largest_overlap,20.4231,19.18991,74.19269,True
185978,NARAYANGAON,JUNNAR,4517,JUNNAR,True,1.0,largest_overlap,20.6153,19.12741,73.99081,True
185979,NETVAD,JUNNAR,4517,JUNNAR,True,1.0,largest_overlap,6.5966,19.23944,73.94782,True
185981,NIMDARI,JUNNAR,4517,JUNNAR,True,1.0,largest_overlap,5.9761,19.12557,73.87548,True
185982,NIMGAON SAVA,JUNNAR,4517,JUNNAR,True,1.0,largest_overlap,14.8775,19.07581,74.12259,True
185980,NIMGAON T. MHA,JUNNAR,4517,JUNNAR,True,1.0,largest_overlap,3.2066,19.15479,73.88307,True
185983,NIMGIRI,JUNNAR,4517,JUNNAR,True,1.0,largest_overlap,11.5493,19.2946,73.77578,True
185984,NIRGUDE,JUNNAR,4517,JUNNAR,True,1.0,largest_overlap,6.9504,19.19664,73.82492,True
185985,OTUR,JUNNAR,4517,JUNNAR,True,1.0,largest_overlap,37.6088,19.26072,73.99435,True
185986,OZHARJUNE,JUNNAR,4517,JUNNAR,True,1.0,largest_overlap,3.5958,19.19319,73.96601,True
185987,PADALI,JUNNAR,4517,JUNNAR,True,1.0,largest_overlap,9.935,19.21061,73.86235,True
185988,PANGRI T. MADH,JUNNAR,4517,JUNNAR,True,1.0,largest_overlap,10.5823,19.29496,73.84754,True
185989,PARGOAN T. ALE,JUNNAR,4517,JUNNAR,True,1.0,largest_overlap,19.0194,19.04003,74.14237,True
185990,PARGOAN T. MADH,JUNNAR,4517,JUNNAR,True,1.0,largest_overlap,7.5304,19.31457,73.80383,True
185991,PARUNDE,JUNNAR,4517,JUNNAR,True,1.0,largest_overlap,7.8057,19.13814,73.83863,True
185992,PEMDARAWADI,JUNNAR,4517,JUNNAR,True,1.0,largest_overlap,10.2404,19.17099,74.2488,True
185994,PIMPALGAON JOGA,JUNNAR,4517,JUNNAR,True,1.0,largest_overlap,3.2875,19.31668,73.92657,True
185993,PIMPALGAON T.NARAYANGAON,JUNNAR,4517,JUNNAR,True,1.0,largest_overlap,9.4119,19.13204,73.92409,True
185996,PIMPALGON,JUNNAR,4517,JUNNAR,True,1.0,largest_overlap,7.0726,19.23317,73.85885,True
185995,PIMPALWANDI,JUNNAR,4517,JUNNAR,True,1.0,largest_overlap,29.2392,19.17099,74.06232,True
185998,PIMPARIPENDHAR,JUNNAR,4517,JUNNAR,True,1.0,largest_overlap,23.4571,19.22204,74.05585,True
185997,PIMPRI KAVAL,JUNNAR,4517,JUNNAR,True,1.0,largest_overlap,4.5312,19.01549,74.1779,True
185999,PUR,JUNNAR,4517,JUNNAR,True,1.0,largest_overlap,6.7639,19.23891,73.72463,True
186000,RAJOR,JUNNAR,4517,JUNNAR,True,1.0,largest_overlap,7.5314,19.24604,73.79882,True
186001,RAJURI,JUNNAR,4517,JUNNAR,True,1.0,largest_overlap,23.7191,19.15217,74.14601,True
186002,RALEGAN,JUNNAR,4517,JUNNAR,True,1.0,largest_overlap,3.4509,19.19449,73.77103,True
186003,RANMALA,JUNNAR,4517,JUNNAR,True,1.0,largest_overlap,5.2126,19.09007,74.1885,True
186004,ROHKADI,JUNNAR,4517,JUNNAR,True,1.0,largest_overlap,3.3752,19.29624,73.99828,True
186006,SAGNORE,JUNNAR,4517,JUNNAR,True,1.0,largest_overlap,19.5605,19.3484,73.83835,True
186005,SAKORI T. BELHA,JUNNAR,4517,JUNNAR,True,1.0,largest_overlap,7.8468,19.08553,74.15166,True
186008,SAVARGAON,JUNNAR,4517,JUNNAR,True,1.0,largest_overlap,10.3834,19.1207,73.90475,True
186009,SHINDE,JUNNAR,4517,JUNNAR,True,1.0,largest_overlap,2.5086,19.19815,73.7596,True
186010,SHINDEWADI,JUNNAR,4517,JUNNAR,True,1.0,largest_overlap,29.7587,19.20355,74.26489,True
186012,SHIROLI BK.,JUNNAR,4517,JUNNAR,True,1.0,largest_overlap,9.9189,19.18813,73.924,True
186011,SHIROLI KH.,JUNNAR,4517,JUNNAR,True,1.0,largest_overlap,6.5474,19.21419,73.92513,True
186013,SHIROLI T. ALE,JUNNAR,4517,JUNNAR,True,1.0,largest_overlap,9.5628,19.09171,74.08281,True
186014,SITEWADI,JUNNAR,4517,JUNNAR,True,1.0,largest_overlap,7.8203,19.28727,73.81438,True
186015,SOMATWADI,JUNNAR,4517,JUNNAR,True,1.0,largest_overlap,4.2636,19.19977,73.8486,True
186016,SONAVALE,JUNNAR,4517,JUNNAR,True,1.0,largest_overlap,3.9347,19.19914,73.73104,True
186017,SUKALVEDHE,JUNNAR,4517,JUNNAR,True,1.0,largest_overlap,8.3756,19.16869,73.71907,True
186018,SULTANPUR,JUNNAR,4517,JUNNAR,True,1.0,largest_overlap,5.6392,19.08233,74.09602,True
186019,SURALE,JUNNAR,4517,JUNNAR,True,1.0,largest_overlap,2.6202,19.21034,73.79061,True
186020,TALERAN,JUNNAR,4517,JUNNAR,True,1.0,largest_overlap,14.4028,19.31864,73.77209,True
186021,TAMBE,JUNNAR,4517,JUNNAR,True,1.0,largest_overlap,10.229,19.16803,73.77246,True
186022,TAMBEWADI,JUNNAR,4517,JUNNAR,True,1.0,largest_overlap,1.9576,19.11432,74.14024,True
186023,TEJEWADI,JUNNAR,4517,JUNNAR,True,1.0,largest_overlap,5.2394,19.20637,73.94196,True
186024,TEJUR,JUNNAR,4517,JUNNAR,True,1.0,largest_overlap,5.9201,19.22985,73.79,True
186025,TIKEKARWADI,JUNNAR,4517,JUNNAR,True,1.0,largest_overlap,2.0929,19.23706,73.97077,True
186027,UDAPUR,JUNNAR,4517,JUNNAR,True,1.0,largest_overlap,11.5674,19.28863,73.9454,True
186028,UMBRAJ NO.1,JUNNAR,4517,JUNNAR,True,1.0,largest_overlap,26.2134,19.19296,74.0,True
186030,UNCHKHADAKWADI,JUNNAR,4517,JUNNAR,True,1.0,largest_overlap,10.1386,19.18175,74.1649,True
186031,UNDEKHADAK,JUNNAR,4517,JUNNAR,True,1.0,largest_overlap,4.4139,19.25936,73.77856,True
186026,UTCHIL,JUNNAR,4517,JUNNAR,True,1.0,largest_overlap,6.3728,19.22146,73.72533,True
186032,VADAJ,JUNNAR,4517,JUNNAR,True,1.0,largest_overlap,7.7613,19.15027,73.86348,True
186036,VADGAON ANAND,JUNNAR,4517,JUNNAR,True,1.0,largest_overlap,16.0606,19.2081,74.09608,True
186033,VADGAONKANDALI,JUNNAR,4517,JUNNAR,True,1.0,largest_overlap,13.5406,19.12216,74.05498,True
186034,VADGAONSAHANI,JUNNAR,4517,JUNNAR,True,1.0,largest_overlap,5.1609,19.15073,73.91105,True
186037,VANEWADI,JUNNAR,4517,JUNNAR,True,1.0,largest_overlap,1.6765,19.21267,73.75963,True
186038,VARULWADI,JUNNAR,4517,JUNNAR,True,1.0,largest_overlap,16.6745,19.10235,73.96419,True
237305,VIGNHAHARNAGAR,JUNNAR,4517,JUNNAR,True,1.0,largest_overlap,4.244,19.19953,73.95566,True
186039,YEDGAON,JUNNAR,4517,JUNNAR,True,1.0,largest_overlap,16.2871,19.15818,73.99979,True
186040,YENERE,JUNNAR,4517,JUNNAR,True,1.0,largest_overlap,7.2455,19.16889,73.81726,True
299369,Zapwadi,JUNNAR,4517,JUNNAR,True,1.0,largest_overlap,3.2979,19.06563,74.18373,True
186049,AASKHED BK.,KHED,4518,KHED,True,1.0,largest_overlap,4.1561,18.83201,73.76678,True
186041,ADGAON,KHED,4518,KHED,True,1.0,largest_overlap,6.984,18.93121,73.65834,True
186042,AHIRE,KHED,4518,KHED,True,1.0,largest_overlap,4.1719,18.88217,73.69947,True
186043,AKHARWADI,KHED,4518,KHED,True,1.0,largest_overlap,3.5979,18.91092,73.84929,True
186044,AMBETHAN,KHED,4518,KHED,True,1.0,largest_overlap,11.9991,18.79425,73.81832,True
186045,AMBHU,KHED,4518,KHED,True,1.0,largest_overlap,13.1854,18.93238,73.59364,True
186046,AMBOLI,KHED,4518,KHED,True,1.0,largest_overlap,6.4419,18.94674,73.60898,True
186047,ANAWALE,KHED,4518,KHED,True,1.0,largest_overlap,4.9357,18.89782,73.65663,True
186048,ASKHED KH.,KHED,4518,KHED,True,1.0,largest_overlap,4.9766,18.81418,73.7599,True
186050,AVDAR,KHED,4518,KHED,True,1.0,largest_overlap,11.5757,18.94535,73.6838,True
186051,AWANDHE,KHED,4518,KHED,True,1.0,largest_overlap,6.747,18.95754,73.62819,True
186052,AWHAT,KHED,4518,KHED,True,1.0,largest_overlap,9.3294,19.03179,73.70546,True
186053,BAHIRWADI,KHED,4518,KHED,True,1.0,largest_overlap,4.4888,18.92805,73.87727,True
186058,BAHUL,KHED,4518,KHED,True,1.0,largest_overlap,15.3175,18.72887,74.01185,True
186054,BHAMBOLI,KHED,4518,KHED,True,1.0,largest_overlap,5.2361,18.79497,73.77784,True
186055,BHOMALE,KHED,4518,KHED,True,1.0,largest_overlap,15.318,19.0479,73.56528,True
186056,BHORGIRI,KHED,4518,KHED,True,1.0,largest_overlap,30.7049,19.04398,73.544,True
186057,BHOSE,KHED,4518,KHED,True,1.0,largest_overlap,12.0538,18.7374,73.91931,True
186060,BIRADWADI,KHED,4518,KHED,True,1.0,largest_overlap,2.604,18.77982,73.83876,True
186063,CHANDOLI,KHED,4518,KHED,True,1.0,largest_overlap,2.4815,18.84548,73.87799,True
186064,CHANDUS,KHED,4518,KHED,True,1.0,largest_overlap,9.7658,18.83726,73.82781,True
186065,CHARHOLI KH.,KHED,4518,KHED,True,1.0,largest_overlap,8.8768,18.68535,73.91527,True
186066,CHAS,KHED,4518,KHED,True,1.0,largest_overlap,3.1094,18.93004,73.83501,True
186068,CHIKHALGAON,KHED,4518,KHED,True,1.0,largest_overlap,6.9812,18.98954,73.70521,True
186069,CHIMBALI,KHED,4518,KHED,True,1.0,largest_overlap,7.0002,18.69962,73.8708,True
186067,CHINCHBAIWADI,KHED,4518,KHED,True,1.0,largest_overlap,5.9709,18.90397,74.01994,True
186070,CHINCHOSHI,KHED,4518,KHED,True,1.0,largest_overlap,14.4535,18.7651,74.00411,True
273769,DAREKWADI,KHED,4518,KHED,True,1.0,largest_overlap,5.2015,18.9922,73.76413,True
186072,DAWADI,KHED,4518,KHED,True,1.0,largest_overlap,23.2913,18.7919,73.97643,True
186078,DEHANE,KHED,4518,KHED,True,1.0,largest_overlap,5.1933,19.03031,73.65912,True
186073,DESHMUKHWADI,KHED,4518,KHED,True,1.0,largest_overlap,5.0965,18.87838,73.65145,True
186074,DEVOSHI,KHED,4518,KHED,True,1.0,largest_overlap,5.1208,18.96357,73.70382,True
186075,DHAMANE,KHED,4518,KHED,True,1.0,largest_overlap,6.3257,18.83884,73.74639,True
186076,DHAMANGOAN KH.,KHED,4518,KHED,True,1.0,largest_overlap,3.2198,19.01467,73.63182,True
186077,DHANORE,KHED,4518,KHED,True,1.0,largest_overlap,6.4577,18.67129,73.92642,True
186080,DHUVOLI,KHED,4518,KHED,True,1.0,largest_overlap,3.7612,19.03539,73.63917,True
186081,DONDE,KHED,4518,KHED,True,1.0,largest_overlap,8.4395,18.87257,73.84595,True
186082,EKLAHARE,KHED,4518,KHED,True,1.0,largest_overlap,8.3736,19.00765,73.66648,True
186083,GADAD,KHED,4518,KHED,True,1.0,largest_overlap,7.1737,18.9062,73.60382,True
186084,GADAKHWADI,KHED,4518,KHED,True,1.0,largest_overlap,4.9193,18.87808,74.0362,True
186085,GARGOTWADI,KHED,4518,KHED,True,1.0,largest_overlap,5.9243,18.88988,73.77705,True
186086,GHOTAWADI,KHED,4518,KHED,True,1.0,largest_overlap,7.0865,18.99228,73.62634,True
186087,GOLEGAON,KHED,4518,KHED,True,1.0,largest_overlap,8.5331,18.63971,73.96986,True
186088,GONAWADI,KHED,4518,KHED,True,1.0,largest_overlap,4.9917,18.80077,73.84595,True
186089,GOREGAON,KHED,4518,KHED,True,1.0,largest_overlap,2.6372,19.00903,73.70215,True
186090,GOSASI,KHED,4518,KHED,True,1.0,largest_overlap,5.9374,18.83317,73.97841,True
186091,GULANI,KHED,4518,KHED,True,1.0,largest_overlap,11.8906,18.86749,73.95162,True
186092,HEDRUJ,KHED,4518,KHED,True,1.0,largest_overlap,8.7558,18.91175,73.70189,True
186093,HOLEWADI,KHED,4518,KHED,True,1.0,largest_overlap,3.5671,18.83978,73.89495,True
186094,JAIDWADI,KHED,4518,KHED,True,1.0,largest_overlap,7.0853,18.89951,73.92842,True
186095,JAVULKE BK.,KHED,4518,KHED,True,1.0,largest_overlap,8.4023,18.91251,73.98927,True
186096,JAVULKE KH.,KHED,4518,KHED,True,1.0,largest_overlap,7.1009,18.85471,73.93564,True
186097,KADACHIWADI,KHED,4518,KHED,True,1.0,largest_overlap,4.7793,18.73564,73.88037,True
186098,KADADHE,KHED,4518,KHED,True,1.0,largest_overlap,8.9373,18.972,73.80892,True
186099,KADUS,KHED,4518,KHED,True,1.0,largest_overlap,34.8663,18.89959,73.82142,True
186101,KALMODI,KHED,4518,KHED,True,1.0,largest_overlap,3.776,18.99839,73.68606,True
186102,KALUS,KHED,4518,KHED,True,1.0,largest_overlap,20.0078,18.76776,73.92362,True
186103,KAMAN,KHED,4518,KHED,True,1.0,largest_overlap,8.0152,18.9506,73.83769,True
186100,KANHERSAR,KHED,4518,KHED,True,1.0,largest_overlap,15.5038,18.82264,73.99625,True
186107,KANHEWADI BK.,KHED,4518,KHED,True,1.0,largest_overlap,6.4429,18.96621,73.82323,True
186106,KANHEWADI T. CHAKAN,KHED,4518,KHED,True,1.0,largest_overlap,2.194,18.70835,73.73421,True
186104,KARANJVIHIRE,KHED,4518,KHED,True,1.0,largest_overlap,11.9881,18.82336,73.73204,True
186105,KELGAON,KHED,4518,KHED,True,1.0,largest_overlap,8.1821,18.69803,73.88575,True
186079,KHALCHI BHAMBURWADI,KHED,4518,KHED,True,1.0,largest_overlap,7.0476,18.86627,73.9179,True
186108,KHARABWADI,KHED,4518,KHED,True,1.0,largest_overlap,6.732,18.75997,73.8352,True
186114,KHAROSHI,KHED,4518,KHED,True,1.0,largest_overlap,7.4414,19.03564,73.68506,True
186111,KHARPUD,KHED,4518,KHED,True,1.0,largest_overlap,13.6843,19.00025,73.58907,True
186110,KHARPUDI BK.,KHED,4518,KHED,True,1.0,largest_overlap,6.7666,18.81844,73.91275,True
186109,KHARPUDI KH.,KHED,4518,KHED,True,1.0,largest_overlap,4.0548,18.80545,73.90498,True
186115,KIWLE,KHED,4518,KHED,True,1.0,largest_overlap,6.8566,18.84903,73.80681,True
186113,KOHINDE BK.,KHED,4518,KHED,True,1.0,largest_overlap,14.5299,18.90916,73.75844,True
186116,KOHINKARWADI,KHED,4518,KHED,True,1.0,largest_overlap,1.7195,18.88638,73.87752,True
186117,KOLIYE,KHED,4518,KHED,True,1.0,largest_overlap,10.0476,18.89318,73.63141,True
186120,KOREGAON BK.,KHED,4518,KHED,True,1.0,largest_overlap,4.1526,18.82561,73.80027,True
186119,KOREGAON KH.,KHED,4518,KHED,True,1.0,largest_overlap,4.922,18.8119,73.80506,True
186118,KOYALI T. CHAKAN,KHED,4518,KHED,True,1.0,largest_overlap,16.9286,18.70749,73.97496,True
259681,KOYALI TARF WADA,KHED,4518,KHED,True,1.0,largest_overlap,7.6102,18.96555,73.75774,True
186121,KOYE,KHED,4518,KHED,True,1.0,largest_overlap,3.7001,18.85407,73.75645,True
186122,KUDE BK.,KHED,4518,KHED,True,1.0,largest_overlap,11.8678,18.97243,73.65341,True
186123,KUDE KH.,KHED,4518,KHED,True,1.0,largest_overlap,3.8929,18.96064,73.67288,True
186125,KURKUNDI,KHED,4518,KHED,True,1.0,largest_overlap,12.4214,18.84823,73.78138,True
186124,KURULI,KHED,4518,KHED,True,1.0,largest_overlap,11.2858,18.71244,73.84318,True
186127,MANJAREWADI,KHED,4518,KHED,True,1.0,largest_overlap,3.4066,18.82629,73.89914,True
186128,MARKAL,KHED,4518,KHED,True,1.0,largest_overlap,18.776,18.67195,73.96821,True
186129,MEDANKARWADI,KHED,4518,KHED,True,1.0,largest_overlap,7.8078,18.72401,73.86756,True
186126,MHALUNGE,KHED,4518,KHED,True,1.0,largest_overlap,14.4815,18.75752,73.80487,True
186130,MIRAJEWADI,KHED,4518,KHED,True,1.0,largest_overlap,11.7942,18.94441,73.86192,True
186131,MOHKAL,KHED,4518,KHED,True,1.0,largest_overlap,2.9397,18.95577,73.82465,True
186132,MOI,KHED,4518,KHED,True,1.0,largest_overlap,6.6778,18.70168,73.82292,True
186133,MOROSHI,KHED,4518,KHED,True,1.0,largest_overlap,4.1561,19.01543,73.61729,True
186135,NANEKARWADI,KHED,4518,KHED,True,1.0,largest_overlap,4.9627,18.74359,73.84774,True
186134,NAYPHAD,KHED,4518,KHED,True,1.0,largest_overlap,14.3821,19.05506,73.66713,True
186136,NIGHOJE,KHED,4518,KHED,True,1.0,largest_overlap,16.5604,18.72451,73.80878,True
186137,NIMGAON,KHED,4518,KHED,True,1.0,largest_overlap,13.495,18.79711,73.93797,True
186138,PADALI,KHED,4518,KHED,True,1.0,largest_overlap,9.7905,18.90126,73.882,True
186140,PAIT,KHED,4518,KHED,True,1.0,largest_overlap,15.1483,18.86609,73.73336,True
186141,PALU,KHED,4518,KHED,True,1.0,largest_overlap,10.3282,18.91223,73.67622,True
186139,PANGARI,KHED,4518,KHED,True,1.0,largest_overlap,6.9184,18.90622,73.86432,True
186142,PAPALWADI,KHED,4518,KHED,True,1.0,largest_overlap,2.4221,18.92405,73.85373,True
186143,PARSUL,KHED,4518,KHED,True,1.0,largest_overlap,6.7963,18.97497,73.62261,True
237306,PIMPALGAON T. KHED,KHED,4518,KHED,True,1.0,largest_overlap,21.5565,18.74284,73.96792,True
186144,PIMPRI BK.,KHED,4518,KHED,True,1.0,largest_overlap,9.2019,18.82251,73.84898,True
186145,PUR,KHED,4518,KHED,True,1.0,largest_overlap,5.9798,18.83205,74.0221,True
186147,RAKSHEWADI,KHED,4518,KHED,True,1.0,largest_overlap,1.374,18.85432,73.89673,True
186149,RASE,KHED,4518,KHED,True,1.0,largest_overlap,7.2096,18.73418,73.89644,True
186151,RETWADI,KHED,4518,KHED,True,1.0,largest_overlap,12.7337,18.83217,73.94725,True
186152,ROHKAL,KHED,4518,KHED,True,1.0,largest_overlap,4.2288,18.79253,73.85313,True
186150,RONDHALWADI,KHED,4518,KHED,True,1.0,largest_overlap,10.282,18.85581,73.70488,True
186153,SABURDI,KHED,4518,KHED,True,1.0,largest_overlap,9.5842,18.94095,73.75679,True
186155,SAKURDI,KHED,4518,KHED,True,1.0,largest_overlap,8.5234,18.97193,73.72728,True
186156,SANDBHORWADI,KHED,4518,KHED,True,1.0,largest_overlap,4.4522,18.89133,73.89201,True
186157,SANGURDI,KHED,4518,KHED,True,1.0,largest_overlap,2.201,18.71838,73.74198,True
186158,SATKARSTHAL,KHED,4518,KHED,True,1.0,largest_overlap,4.481,18.87094,73.87299,True
186159,SAWARDARI,KHED,4518,KHED,True,1.0,largest_overlap,5.1235,18.77158,73.77897,True
186154,SAYGAON,KHED,4518,KHED,True,1.0,largest_overlap,7.5801,18.92952,73.80413,True
186160,SHELGAON,KHED,4518,KHED,True,1.0,largest_overlap,2.8999,18.73377,73.94,True
186161,SHELU,KHED,4518,KHED,True,1.0,largest_overlap,4.2187,18.81436,73.78147,True
186162,SHENDURLI,KHED,4518,KHED,True,1.0,largest_overlap,3.1481,19.01098,73.64371,True
186164,SHINDE,KHED,4518,KHED,True,1.0,largest_overlap,8.9065,18.78347,73.74467,True
186166,SHIRGAON,KHED,4518,KHED,True,1.0,largest_overlap,8.744,19.04718,73.6312,True
186167,SHIROLI,KHED,4518,KHED,True,1.0,largest_overlap,9.0084,18.82653,73.87527,True
186165,SHIVE,KHED,4518,KHED,True,1.0,largest_overlap,11.0237,18.84374,73.67776,True
186163,SIDDHEGAVHAN,KHED,4518,KHED,True,1.0,largest_overlap,6.0905,18.70136,74.01296,True
186168,SOLU,KHED,4518,KHED,True,1.0,largest_overlap,7.2692,18.66928,73.94427,True
186169,SUPE,KHED,4518,KHED,True,1.0,largest_overlap,5.6949,18.9376,73.63823,True
186170,SURKUNDI,KHED,4518,KHED,True,1.0,largest_overlap,4.3832,18.99742,73.72114,True
186171,TAKALKARWADI,KHED,4518,KHED,True,1.0,largest_overlap,2.4711,18.84531,73.90965,True
186172,TALAWADE,KHED,4518,KHED,True,1.0,largest_overlap,4.2655,18.88888,73.75618,True
186173,TEKWADI,KHED,4518,KHED,True,1.0,largest_overlap,3.2208,18.90571,73.64511,True
186174,TIFANWADI,KHED,4518,KHED,True,1.0,largest_overlap,1.8425,19.0026,73.73137,True
186175,TOKAWADE,KHED,4518,KHED,True,1.0,largest_overlap,12.7375,19.05356,73.60989,True
186176,TORANE BK.,KHED,4518,KHED,True,1.0,largest_overlap,9.4234,18.87819,73.67597,True
186181,VIRHAM,KHED,4518,KHED,True,1.0,largest_overlap,20.4626,18.97601,73.5833,True
186182,WADA,KHED,4518,KHED,True,1.0,largest_overlap,16.1991,19.01034,73.75491,True
186183,WADGAON GHENAND,KHED,4518,KHED,True,1.0,largest_overlap,9.9712,18.70813,73.93543,True
186184,WADGAON T. KHED,KHED,4518,KHED,True,1.0,largest_overlap,7.1814,18.85642,73.8584,True
186185,WAFGAON,KHED,4518,KHED,True,1.0,largest_overlap,18.2663,18.89364,73.9908,True
186186,WAGHU,KHED,4518,KHED,True,1.0,largest_overlap,5.0035,18.91733,73.63414,True
186187,WAHAGAON,KHED,4518,KHED,True,1.0,largest_overlap,4.1949,18.86079,73.65921,True
186188,WAJVANE,KHED,4518,KHED,True,1.0,largest_overlap,2.759,18.95127,73.71261,True
186189,WAKALWADI,KHED,4518,KHED,True,1.0,largest_overlap,6.7952,18.85826,73.96682,True
186190,WAKI BK.,KHED,4518,KHED,True,1.0,largest_overlap,11.8053,18.80015,73.88113,True
186191,WAKI KH.,KHED,4518,KHED,True,1.0,largest_overlap,3.9277,18.78547,73.87985,True
186192,WALAD,KHED,4518,KHED,True,1.0,largest_overlap,10.0874,19.02257,73.72463,True
186193,WANDRE,KHED,4518,KHED,True,1.0,largest_overlap,20.6642,18.96778,73.548,True
186178,WARACHI BHAMBURWADI,KHED,4518,KHED,True,1.0,largest_overlap,6.9688,18.88253,73.91169,True
186194,WARALE,KHED,4518,KHED,True,1.0,largest_overlap,4.5386,18.79266,73.7976,True
186179,WARUDE,KHED,4518,KHED,True,1.0,largest_overlap,16.6898,18.86717,74.01371,True
186195,WASHIRE,KHED,4518,KHED,True,1.0,largest_overlap,13.5816,18.93721,73.72467,True
186196,WASULI,KHED,4518,KHED,True,1.0,largest_overlap,4.6025,18.78313,73.76429,True
186180,WETALE,KHED,4518,KHED,True,1.0,largest_overlap,11.4668,18.94104,73.78396,True
186197,YELWADI,KHED,4518,KHED,True,1.0,largest_overlap,5.3429,18.72889,73.75223,True
186198,YENIYE BK.,KHED,4518,KHED,True,1.0,largest_overlap,5.1856,18.98478,73.67373,True
186199,YENIYE KH.,KHED,4518,KHED,True,1.0,largest_overlap,4.2034,18.97354,73.69313,True
186201,ADHALE BK.,MAVAL,4519,MAVAL,True,1.0,largest_overlap,10.7214,18.66311,73.60084,True
186200,ADHALE KH.,MAVAL,4519,MAVAL,True,1.0,largest_overlap,7.5642,18.65917,73.62424,True
186202,ADHE,MAVAL,4519,MAVAL,True,1.0,largest_overlap,3.8725,18.70925,73.61433,True
186203,AJIVALI,MAVAL,4519,MAVAL,True,1.0,largest_overlap,7.7209,18.60755,73.48755,True
186204,AMBALE,MAVAL,4519,MAVAL,True,1.0,largest_overlap,19.1449,18.79729,73.65706,True
186205,AMBEGAON,MAVAL,4519,MAVAL,True,1.0,largest_overlap,10.5244,18.67922,73.48092,True
186206,AMBI,MAVAL,4519,MAVAL,True,1.0,largest_overlap,16.2468,18.76745,73.67359,True
186207,APTI,MAVAL,4519,MAVAL,True,1.0,largest_overlap,29.5047,18.69527,73.41781,True
186209,BAUR,MAVAL,4519,MAVAL,True,1.0,largest_overlap,3.0287,18.70623,73.56901,True
186210,BEBED OHOL,MAVAL,4519,MAVAL,True,1.0,largest_overlap,9.5645,18.68402,73.62773,True
186211,BHAJE,MAVAL,4519,MAVAL,True,1.0,largest_overlap,3.2808,18.73573,73.47885,True
186212,BHOYARE,MAVAL,4519,MAVAL,True,1.0,largest_overlap,6.6353,18.85433,73.59536,True
186213,CHANDKHED,MAVAL,4519,MAVAL,True,1.0,largest_overlap,16.5636,18.65518,73.64993,True
186214,CHIKHALSE,MAVAL,4519,MAVAL,True,1.0,largest_overlap,5.9976,18.73898,73.56942,True
186215,DAHULI,MAVAL,4519,MAVAL,True,1.0,largest_overlap,19.6176,18.89016,73.51944,True
186216,DARUMBRE,MAVAL,4519,MAVAL,True,1.0,largest_overlap,6.3753,18.64611,73.68059,True
186217,DEVALE,MAVAL,4519,MAVAL,True,1.0,largest_overlap,5.3635,18.73384,73.4652,True
186218,DHAMANE,MAVAL,4519,MAVAL,True,1.0,largest_overlap,6.3531,18.68451,73.66577,True
186219,DIVAD,MAVAL,4519,MAVAL,True,1.0,largest_overlap,7.0517,18.63567,73.58806,True
186220,DONE,MAVAL,4519,MAVAL,True,1.0,largest_overlap,6.6825,18.66359,73.57312,True
186221,DONGARGAON,MAVAL,4519,MAVAL,True,1.0,largest_overlap,3.2414,18.74248,73.44077,True
186222,GAHUNJE,MAVAL,4519,MAVAL,True,1.0,largest_overlap,5.0494,18.67539,73.70308,True
186223,GHONSHET,MAVAL,4519,MAVAL,True,1.0,largest_overlap,8.5457,18.81974,73.57548,True
186224,GODUMBRE,MAVAL,4519,MAVAL,True,1.0,largest_overlap,2.7812,18.67459,73.6733,True
186225,GOVITRI,MAVAL,4519,MAVAL,True,1.0,largest_overlap,11.9902,18.82661,73.49049,True
186226,INDURI,MAVAL,4519,MAVAL,True,1.0,largest_overlap,15.4052,18.738,73.72621,True
186227,INGALUN,MAVAL,4519,MAVAL,True,1.0,largest_overlap,23.7155,18.91689,73.55715,True
237307,JAMBAWADE,MAVAL,4519,MAVAL,True,1.0,largest_overlap,2.9075,18.76277,73.73262,True
259689,Jambhul,MAVAL,4519,MAVAL,True,1.0,largest_overlap,6.854,18.76842,73.61738,True
186228,KADADHE,MAVAL,4519,MAVAL,True,1.0,largest_overlap,5.3829,18.70579,73.53021,True
186230,KALE COLONY,MAVAL,4519,MAVAL,True,1.0,largest_overlap,3.9388,18.68691,73.50344,True
186229,KALHAT,MAVAL,4519,MAVAL,True,1.0,largest_overlap,14.7916,18.86043,73.62775,True
186231,KAMBRE N.M.,MAVAL,4519,MAVAL,True,1.0,largest_overlap,4.5039,18.89441,73.49027,True
186232,KANHE,MAVAL,4519,MAVAL,True,1.0,largest_overlap,12.6373,18.76613,73.58899,True
186233,KARANJGAON,MAVAL,4519,MAVAL,True,1.0,largest_overlap,14.4593,18.81721,73.54317,True
186234,KARLA,MAVAL,4519,MAVAL,True,1.0,largest_overlap,4.5172,18.75903,73.47847,True
186235,KARUNJ,MAVAL,4519,MAVAL,True,1.0,largest_overlap,9.5753,18.71642,73.54517,True
186236,KASHAL,MAVAL,4519,MAVAL,True,1.0,largest_overlap,23.458,18.88035,73.58137,True
186237,KEWARE,MAVAL,4519,MAVAL,True,1.0,largest_overlap,9.2832,18.64403,73.47135,True
186238,KHADKALA C.T.,MAVAL,4519,MAVAL,True,1.0,largest_overlap,4.5084,18.76213,73.55652,True
186239,KHAND,MAVAL,4519,MAVAL,True,1.0,largest_overlap,30.2409,18.90895,73.45392,True
186240,KHANDSHI,MAVAL,4519,MAVAL,True,1.0,largest_overlap,33.8092,18.8153,73.45891,True
186241,KONDIWADE A.M.,MAVAL,4519,MAVAL,True,1.0,largest_overlap,7.866,18.83689,73.60555,True
186242,KOTHURNE,MAVAL,4519,MAVAL,True,1.0,largest_overlap,3.5045,18.66617,73.51868,True
259817,KUNE NAMA,MAVAL,4519,MAVAL,True,1.0,largest_overlap,8.4411,18.78376,73.3859,True
237308,KURWANDE,MAVAL,4519,MAVAL,True,1.0,largest_overlap,25.9845,18.72327,73.3749,True
186246,KUSAVALI,MAVAL,4519,MAVAL,True,1.0,largest_overlap,5.7036,18.8736,73.5159,True
186243,KUSGAON BK.,MAVAL,4519,MAVAL,True,1.0,largest_overlap,6.9952,18.73054,73.42353,True
186244,KUSGAON KH.,MAVAL,4519,MAVAL,True,1.0,largest_overlap,3.6987,18.74532,73.55181,True
186245,KUSGAON P.M.,MAVAL,4519,MAVAL,True,1.0,largest_overlap,8.4347,18.61326,73.65292,True
237309,LOHGAD,MAVAL,4519,MAVAL,True,1.0,largest_overlap,4.4393,18.70884,73.47408,True
186247,MAHAGAON,MAVAL,4519,MAVAL,True,1.0,largest_overlap,14.7349,18.71253,73.50342,True
186250,MALEGAON BK.,MAVAL,4519,MAVAL,True,1.0,largest_overlap,31.3993,18.93847,73.51522,True
186249,MALVALI N.M.,MAVAL,4519,MAVAL,True,1.0,largest_overlap,1.6185,18.74848,73.45713,True
237310,MALVANDI DHORE,MAVAL,4519,MAVAL,True,1.0,largest_overlap,3.6306,18.68711,73.56977,True
186248,MALVANDI THULE,MAVAL,4519,MAVAL,True,1.0,largest_overlap,5.1808,18.6479,73.53185,True
186251,MORAVE,MAVAL,4519,MAVAL,True,1.0,largest_overlap,15.0727,18.67905,73.45393,True
186252,MUDHAWARE,MAVAL,4519,MAVAL,True,1.0,largest_overlap,6.7555,18.76833,73.5267,True
186255,NANE,MAVAL,4519,MAVAL,True,1.0,largest_overlap,10.7842,18.78606,73.55864,True
186253,NANOLI T. CHAKAN,MAVAL,4519,MAVAL,True,1.0,largest_overlap,4.8209,18.76319,73.70473,True
186254,NAVLAKH UMBRE,MAVAL,4519,MAVAL,True,1.0,largest_overlap,34.7509,18.79965,73.70544,True
186256,NIGADE,MAVAL,4519,MAVAL,True,1.0,largest_overlap,16.2254,18.83481,73.64303,True
186208,OUNDHE KH.,MAVAL,4519,MAVAL,True,1.0,largest_overlap,6.7768,18.72548,73.44737,True
186257,OWHALE,MAVAL,4519,MAVAL,True,1.0,largest_overlap,8.1691,18.63738,73.56092,True
186258,OZHARDE,MAVAL,4519,MAVAL,True,1.0,largest_overlap,5.8846,18.7084,73.60116,True
186259,PACHANE,MAVAL,4519,MAVAL,True,1.0,largest_overlap,8.8834,18.62087,73.63098,True
186260,PARANDVADI,MAVAL,4519,MAVAL,True,1.0,largest_overlap,5.015,18.70544,73.65961,True
186261,PATAN,MAVAL,4519,MAVAL,True,1.0,largest_overlap,6.6575,18.74491,73.49814,True
186262,PUSANE,MAVAL,4519,MAVAL,True,1.0,largest_overlap,7.7255,18.63341,73.61172,True
186263,SAI,MAVAL,4519,MAVAL,True,1.0,largest_overlap,8.7446,18.79381,73.58133,True
186264,SALUMBRE,MAVAL,4519,MAVAL,True,1.0,largest_overlap,3.7828,18.66336,73.68241,True
186265,SANGAVADE,MAVAL,4519,MAVAL,True,1.0,largest_overlap,3.44,18.65106,73.7051,True
186266,SANGISE,MAVAL,4519,MAVAL,True,1.0,largest_overlap,6.5537,18.79631,73.5135,True
186267,SATE,MAVAL,4519,MAVAL,True,1.0,largest_overlap,12.8557,18.75977,73.64255,True
186268,SAWALA,MAVAL,4519,MAVAL,True,1.0,largest_overlap,12.7719,18.95876,73.47577,True
186269,SHILATANE,MAVAL,4519,MAVAL,True,1.0,largest_overlap,5.4866,18.77284,73.49124,True
186270,SHILIM,MAVAL,4519,MAVAL,True,1.0,largest_overlap,15.8251,18.61608,73.46221,True
186271,SHIRADHE,MAVAL,4519,MAVAL,True,1.0,largest_overlap,31.7454,18.85644,73.46756,True
186272,SHIRGAON,MAVAL,4519,MAVAL,True,1.0,largest_overlap,3.9043,18.68336,73.69178,True
186273,SHIVALI,MAVAL,4519,MAVAL,True,1.0,largest_overlap,6.7544,18.67654,73.53827,True
186274,SHIVANE,MAVAL,4519,MAVAL,True,1.0,largest_overlap,12.0146,18.69876,73.58525,True
186275,SOMATANE,MAVAL,4519,MAVAL,True,1.0,largest_overlap,4.3567,18.69715,73.67921,True
186277,SUDUMBARE,MAVAL,4519,MAVAL,True,1.0,largest_overlap,6.9159,18.75458,73.76264,True
186276,SUDVADI,MAVAL,4519,MAVAL,True,1.0,largest_overlap,4.2579,18.74781,73.74375,True
186278,TAJE,MAVAL,4519,MAVAL,True,1.0,largest_overlap,11.4618,18.7423,73.52435,True
186280,TAKAWE BK.,MAVAL,4519,MAVAL,True,1.0,largest_overlap,21.0487,18.80408,73.60609,True
186279,TAKAWE KH.,MAVAL,4519,MAVAL,True,1.0,largest_overlap,4.0869,18.7742,73.50679,True
186281,THAKURSAI,MAVAL,4519,MAVAL,True,1.0,largest_overlap,5.6941,18.64548,73.49577,True
186282,THUGAON,MAVAL,4519,MAVAL,True,1.0,largest_overlap,4.3684,18.68933,73.55384,True
186283,TIKONA,MAVAL,4519,MAVAL,True,1.0,largest_overlap,8.8441,18.63203,73.5222,True
186284,TUNG,MAVAL,4519,MAVAL,True,1.0,largest_overlap,8.7052,18.66389,73.45407,True
186285,UDHEWADI*,MAVAL,4519,MAVAL,True,1.0,largest_overlap,25.7603,18.83447,73.4105,True
186286,UKSAN,MAVAL,4519,MAVAL,True,1.0,largest_overlap,9.7087,18.84205,73.51433,True
186287,URSE,MAVAL,4519,MAVAL,True,1.0,largest_overlap,10.8527,18.71048,73.63403,True
186290,WADESHWAR,MAVAL,4519,MAVAL,True,1.0,largest_overlap,23.5129,18.85344,73.54759,True
186291,WAKSAI,MAVAL,4519,MAVAL,True,1.0,largest_overlap,9.1228,18.77191,73.45382,True
186292,WARELE,MAVAL,4519,MAVAL,True,1.0,largest_overlap,4.1447,18.74918,73.68719,True
186293,WARSOLI,MAVAL,4519,MAVAL,True,1.0,largest_overlap,8.2779,18.78789,73.4082,True
186294,WARU,MAVAL,4519,MAVAL,True,1.0,largest_overlap,4.6576,18.66465,73.5052,True
186289,WEHERGAON,MAVAL,4519,MAVAL,True,1.0,largest_overlap,6.7645,18.78035,73.47047,True
186296,YELGHOL,MAVAL,4519,MAVAL,True,1.0,largest_overlap,7.6929,18.65898,73.54727,True
186295,YELSE,MAVAL,4519,MAVAL,True,1.0,largest_overlap,3.0638,18.68483,73.52115,True
186297,ADMAL,MULSHI,4520,MULSHI,True,1.0,largest_overlap,6.411,18.39232,73.52691,True
186298,AKOLE,MULSHI,4520,MULSHI,True,1.0,largest_overlap,2.4788,18.52863,73.57509,True
186299,AMBADVET,MULSHI,4520,MULSHI,True,1.0,largest_overlap,8.628,18.51324,73.64952,True
186300,AMBAVANE,MULSHI,4520,MULSHI,True,1.0,largest_overlap,56.8196,18.62546,73.39575,True
186301,AMBEGAON,MULSHI,4520,MULSHI,True,1.0,largest_overlap,5.5861,18.47944,73.62953,True
186302,ANDESHE,MULSHI,4520,MULSHI,True,1.0,largest_overlap,3.6806,18.50593,73.58003,True
186303,ANDGAON,MULSHI,4520,MULSHI,True,1.0,largest_overlap,6.1837,18.46333,73.6035,True
186304,ASADE,MULSHI,4520,MULSHI,True,1.0,largest_overlap,4.0631,18.54388,73.55611,True
186306,BARPE,MULSHI,4520,MULSHI,True,1.0,largest_overlap,6.556,18.57598,73.38749,True
186307,BAWDHAN BK.,MULSHI,4520,MULSHI,True,1.0,largest_overlap,6.006,18.50603,73.77417,True
186308,BELAWADE,MULSHI,4520,MULSHI,True,1.0,largest_overlap,6.2453,18.48504,73.60967,True
186309,BHADAS BK.,MULSHI,4520,MULSHI,True,1.0,largest_overlap,4.0026,18.54699,73.53387,True
186305,BHALGUDI,MULSHI,4520,MULSHI,True,1.0,largest_overlap,5.7253,18.60952,73.53671,True
186310,BHAMBARDE,MULSHI,4520,MULSHI,True,1.0,largest_overlap,46.4585,18.54367,73.37538,True
186311,BHARE,MULSHI,4520,MULSHI,True,1.0,largest_overlap,3.8349,18.52815,73.67707,True
186312,BHODE,MULSHI,4520,MULSHI,True,1.0,largest_overlap,16.1888,18.4311,73.55605,True
186315,BHOINI,MULSHI,4520,MULSHI,True,1.0,largest_overlap,9.8791,18.4027,73.48883,True
186313,BHUGAON,MULSHI,4520,MULSHI,True,1.0,largest_overlap,11.383,18.50318,73.74539,True
186314,BHUKUM,MULSHI,4520,MULSHI,True,1.0,largest_overlap,11.0476,18.48595,73.72258,True
186316,BOTARWADI,MULSHI,4520,MULSHI,True,1.0,largest_overlap,5.0546,18.46942,73.6826,True
186317,CHALE,MULSHI,4520,MULSHI,True,1.0,largest_overlap,9.4774,18.54725,73.60956,True
186318,CHANDE,MULSHI,4520,MULSHI,True,1.0,largest_overlap,4.5191,18.55833,73.69839,True
186319,CHANDIVALI,MULSHI,4520,MULSHI,True,1.0,largest_overlap,7.0823,18.59067,73.46313,True
186320,CHIKHALGAON,MULSHI,4520,MULSHI,True,1.0,largest_overlap,3.6216,18.58399,73.56735,True
186321,CHINCHWAD,MULSHI,4520,MULSHI,True,1.0,largest_overlap,2.4688,18.49918,73.60392,True
186322,DARAWALI,MULSHI,4520,MULSHI,True,1.0,largest_overlap,12.5064,18.51325,73.63501,True
186324,DASAVE,MULSHI,4520,MULSHI,True,1.0,largest_overlap,28.3545,18.37199,73.46262,True
186325,DAVAJE,MULSHI,4520,MULSHI,True,1.0,largest_overlap,5.6428,18.41405,73.66112,True
186323,DHAKHANE,MULSHI,4520,MULSHI,True,1.0,largest_overlap,3.3979,18.55962,73.5954,True
186326,DHAMANHOL,MULSHI,4520,MULSHI,True,1.0,largest_overlap,17.7652,18.39248,73.43561,True
186327,GHOTAWADE,MULSHI,4520,MULSHI,True,1.0,largest_overlap,19.4969,18.56251,73.66545,True
186328,HADSHI,MULSHI,4520,MULSHI,True,1.0,largest_overlap,7.6093,18.59358,73.51036,True
186329,HINJAWADI,MULSHI,4520,MULSHI,True,1.0,largest_overlap,8.323,18.58842,73.73829,True
186330,JAMBE,MULSHI,4520,MULSHI,True,1.0,largest_overlap,6.4251,18.63626,73.72007,True
186331,JAMGAON,MULSHI,4520,MULSHI,True,1.0,largest_overlap,4.3805,18.52452,73.54249,True
186332,JATEDE,MULSHI,4520,MULSHI,True,1.0,largest_overlap,3.9987,18.43436,73.62349,True
186333,JAVAL,MULSHI,4520,MULSHI,True,1.0,largest_overlap,9.3979,18.57856,73.60889,True
186334,KASARAMBOLI,MULSHI,4520,MULSHI,True,1.0,largest_overlap,5.2848,18.50815,73.66517,True
186335,KASARSAI,MULSHI,4520,MULSHI,True,1.0,largest_overlap,10.5484,18.61764,73.67485,True
186337,KATARKHADAK,MULSHI,4520,MULSHI,True,1.0,largest_overlap,11.6832,18.61298,73.56691,True
186338,KHAMBOLI,MULSHI,4520,MULSHI,True,1.0,largest_overlap,6.0597,18.60522,73.59468,True
186339,KHARAWADE,MULSHI,4520,MULSHI,True,1.0,largest_overlap,3.6386,18.45873,73.58556,True
186340,KHECHARE,MULSHI,4520,MULSHI,True,1.0,largest_overlap,7.6178,18.48515,73.58246,True
186346,KHUBVALI,MULSHI,4520,MULSHI,True,1.0,largest_overlap,2.628,18.54477,73.57512,True
186341,KOLAWADE,MULSHI,4520,MULSHI,True,1.0,largest_overlap,7.3528,18.46122,73.56487,True
186342,KOLWAN,MULSHI,4520,MULSHI,True,1.0,largest_overlap,11.9734,18.57597,73.53561,True
186343,KONDHAWALE,MULSHI,4520,MULSHI,True,1.0,largest_overlap,6.687,18.51445,73.59582,True
186344,KONDHUR,MULSHI,4520,MULSHI,True,1.0,largest_overlap,7.9139,18.42183,73.63471,True
186345,KULE,MULSHI,4520,MULSHI,True,1.0,largest_overlap,7.5437,18.57387,73.58526,True
186347,KUMBHERI,MULSHI,4520,MULSHI,True,1.0,largest_overlap,8.2503,18.60689,73.40192,True
186348,LAVALE,MULSHI,4520,MULSHI,True,1.0,largest_overlap,19.5351,18.5266,73.71619,True
186349,LAVHARDE,MULSHI,4520,MULSHI,True,1.0,largest_overlap,7.5248,18.46378,73.53909,True
186350,MAHALUNGE,MULSHI,4520,MULSHI,True,1.0,largest_overlap,5.1998,18.57437,73.75564,True
186351,MALE,MULSHI,4520,MULSHI,True,1.0,largest_overlap,75.998,18.52012,73.50835,True
186352,MALEGAON,MULSHI,4520,MULSHI,True,1.0,largest_overlap,5.5202,18.43802,73.6096,True
186353,MAN,MULSHI,4520,MULSHI,True,1.0,largest_overlap,20.6334,18.58284,73.69942,True
186354,MANDEDE,MULSHI,4520,MULSHI,True,1.0,largest_overlap,9.2138,18.49357,73.56184,True
186355,MARNEWADI,MULSHI,4520,MULSHI,True,1.0,largest_overlap,3.683,18.48103,73.64402,True
186356,MARUNJI,MULSHI,4520,MULSHI,True,1.0,largest_overlap,6.6708,18.60867,73.71952,True
186357,MOSE KH.,MULSHI,4520,MULSHI,True,1.0,largest_overlap,8.6082,18.38412,73.59249,True
186358,MUGAON,MULSHI,4520,MULSHI,True,1.0,largest_overlap,13.5238,18.40914,73.46868,True
186359,MUGAWADE,MULSHI,4520,MULSHI,True,1.0,largest_overlap,4.5237,18.54862,73.62953,True
186360,MULKHED,MULSHI,4520,MULSHI,True,1.0,largest_overlap,5.1156,18.54304,73.69093,True
186361,MULSHI KH.,MULSHI,4520,MULSHI,True,1.0,largest_overlap,5.9587,18.49239,73.51407,True
186362,MUTHA,MULSHI,4520,MULSHI,True,1.0,largest_overlap,4.3182,18.45838,73.62197,True
186363,NANDE,MULSHI,4520,MULSHI,True,1.0,largest_overlap,6.7095,18.55246,73.72583,True
186365,NANEGAON,MULSHI,4520,MULSHI,True,1.0,largest_overlap,4.0584,18.55966,73.56861,True
186364,NANGAON,MULSHI,4520,MULSHI,True,1.0,largest_overlap,4.8579,18.58972,73.557,True
186366,NERE,MULSHI,4520,MULSHI,True,1.0,largest_overlap,5.2977,18.63094,73.70153,True
186367,NIVE,MULSHI,4520,MULSHI,True,1.0,largest_overlap,17.6567,18.48445,73.4221,True
186368,PATHARSHET,MULSHI,4520,MULSHI,True,1.0,largest_overlap,6.6332,18.39208,73.55666,True
186369,PAUD,MULSHI,4520,MULSHI,True,1.0,largest_overlap,8.0986,18.51608,73.61564,True
186370,PIMPALOLI,MULSHI,4520,MULSHI,True,1.0,largest_overlap,4.9402,18.60388,73.61538,True
186371,PIRANGUT,MULSHI,4520,MULSHI,True,1.0,largest_overlap,14.175,18.49321,73.69659,True
186372,POMGAON,MULSHI,4520,MULSHI,True,1.0,largest_overlap,15.1244,18.59269,73.42613,True
186373,RAWADE,MULSHI,4520,MULSHI,True,1.0,largest_overlap,2.9336,18.53126,73.59605,True
186374,RIHE,MULSHI,4520,MULSHI,True,1.0,largest_overlap,14.8772,18.58005,73.63793,True
186375,SAMBHAVE,MULSHI,4520,MULSHI,True,1.0,largest_overlap,2.7733,18.53949,73.52418,True
186376,SATHESAI,MULSHI,4520,MULSHI,True,1.0,largest_overlap,3.4918,18.5883,73.54485,True
186377,SHEDANI,MULSHI,4520,MULSHI,True,1.0,largest_overlap,13.7125,18.56513,73.47471,True
186378,SHERE,MULSHI,4520,MULSHI,True,1.0,largest_overlap,7.3032,18.51757,73.55833,True
186379,SUS,MULSHI,4520,MULSHI,True,1.0,largest_overlap,9.1464,18.54635,73.75375,True
186380,TAMHINI BK.,MULSHI,4520,MULSHI,True,1.0,largest_overlap,32.4699,18.43512,73.42486,True
186381,TAV,MULSHI,4520,MULSHI,True,1.0,largest_overlap,16.9939,18.36465,73.5063,True
186382,TEMGHAR,MULSHI,4520,MULSHI,True,1.0,largest_overlap,9.4831,18.44094,73.52446,True
186384,URAWADE,MULSHI,4520,MULSHI,True,1.0,largest_overlap,11.6561,18.47741,73.66212,True
186386,VALANE,MULSHI,4520,MULSHI,True,1.0,largest_overlap,5.3738,18.54925,73.50494,True
186385,WADGAON,MULSHI,4520,MULSHI,True,1.0,largest_overlap,3.1093,18.49573,73.48874,True
186387,WALEN,MULSHI,4520,MULSHI,True,1.0,largest_overlap,7.1419,18.57561,73.50646,True
186388,WANDRE,MULSHI,4520,MULSHI,True,1.0,largest_overlap,35.779,18.5088,73.43711,True
186389,WANJALE,MULSHI,4520,MULSHI,True,1.0,largest_overlap,2.3913,18.44084,73.59489,True
186390,WARAK,MULSHI,4520,MULSHI,True,1.0,largest_overlap,12.6593,18.46301,73.46739,True
186391,WATUNDE,MULSHI,4520,MULSHI,True,1.0,largest_overlap,5.1902,18.4351,73.58322,True
186392,WEGARE,MULSHI,4520,MULSHI,True,1.0,largest_overlap,22.2357,18.45243,73.49635,True
185785,WAGHOLI,PUNE CITY,4521,PUNE CITY,True,1.0,largest_overlap,17.6935,18.59392,73.98866,False
186394,AMBLE,PURANDAR,4522,PURANDAR,True,1.0,largest_overlap,19.0334,18.40923,74.16679,True
186395,AMBODI,PURANDAR,4522,PURANDAR,True,1.0,largest_overlap,2.427,18.35496,74.04792,True
186396,ASKARWADI,PURANDAR,4522,PURANDAR,True,1.0,largest_overlap,4.3751,18.4011,73.89967,True
186397,BAHIRWADI*,PURANDAR,4522,PURANDAR,True,1.0,largest_overlap,2.9681,18.27153,73.98526,True
186398,BELSAR,PURANDAR,4522,PURANDAR,True,1.0,largest_overlap,17.616,18.31778,74.13697,True
186400,BHIVARI,PURANDAR,4522,PURANDAR,True,1.0,largest_overlap,20.9069,18.39041,73.91546,True
186399,BHIWADI,PURANDAR,4522,PURANDAR,True,1.0,largest_overlap,8.0237,18.31846,73.99182,True
186401,BHOSALEWADI,PURANDAR,4522,PURANDAR,True,1.0,largest_overlap,7.9997,18.34536,74.16393,True
186402,BOPGAON,PURANDAR,4522,PURANDAR,True,1.0,largest_overlap,13.34,18.38898,73.95483,True
186403,BORALEWADI,PURANDAR,4522,PURANDAR,True,1.0,largest_overlap,2.4472,18.31458,74.04835,True
186404,CHAMBALI,PURANDAR,4522,PURANDAR,True,1.0,largest_overlap,14.0192,18.37754,73.97567,True
186405,CHILHEWADI*,PURANDAR,4522,PURANDAR,True,1.0,largest_overlap,1.5207,18.28217,73.96183,True
186407,DAVANEWADI,PURANDAR,4522,PURANDAR,True,1.0,largest_overlap,5.3614,18.24231,74.0188,True
186408,DEWADI,PURANDAR,4522,PURANDAR,True,1.0,largest_overlap,13.2105,18.28513,73.9414,True
186409,DHALEWADI,PURANDAR,4522,PURANDAR,True,1.0,largest_overlap,8.128,18.30233,74.16559,True
186410,DHANKAWADI,PURANDAR,4522,PURANDAR,True,1.0,largest_overlap,5.2268,18.2256,73.9996,True
186411,DIVE,PURANDAR,4522,PURANDAR,True,1.0,largest_overlap,26.9779,18.39507,74.01524,True
186406,DOUNDAJ,PURANDAR,4522,PURANDAR,True,1.0,largest_overlap,15.1208,18.22892,74.15824,True
186413,GARDE,PURANDAR,4522,PURANDAR,True,1.0,largest_overlap,25.138,18.35053,73.93327,True
186414,GHERA PU.*,PURANDAR,4522,PURANDAR,True,1.0,largest_overlap,19.9497,18.27758,73.97422,True
186415,GULUNCHE,PURANDAR,4522,PURANDAR,True,1.0,largest_overlap,16.8201,18.15184,74.21571,True
186416,GURHOLI,PURANDAR,4522,PURANDAR,True,1.0,largest_overlap,9.6415,18.40462,74.08878,True
186418,HARGUDE,PURANDAR,4522,PURANDAR,True,1.0,largest_overlap,9.0942,18.22947,74.06596,True
186417,HARNI,PURANDAR,4522,PURANDAR,True,1.0,largest_overlap,11.3097,18.17927,74.12176,True
186419,HIVARE,PURANDAR,4522,PURANDAR,True,1.0,largest_overlap,7.7297,18.36463,73.99853,True
186420,JAVALAJUN,PURANDAR,4522,PURANDAR,True,1.0,largest_overlap,10.2822,18.29122,74.24795,True
186421,JEUOR,PURANDAR,4522,PURANDAR,True,1.0,largest_overlap,8.3752,18.12558,74.16533,True
186422,KALDARI,PURANDAR,4522,PURANDAR,True,1.0,largest_overlap,14.0673,18.25018,73.98847,True
186423,KARNALWADI,PURANDAR,4522,PURANDAR,True,1.0,largest_overlap,9.4711,18.17179,74.2221,True
186424,KETKAVALE,PURANDAR,4522,PURANDAR,True,1.0,largest_overlap,10.6396,18.25343,73.94518,True
186425,KHALAD,PURANDAR,4522,PURANDAR,True,1.0,largest_overlap,12.7739,18.32319,74.07264,True
186426,KHANWADI,PURANDAR,4522,PURANDAR,True,1.0,largest_overlap,7.7163,18.34394,74.09988,True
186427,KHENGAREWADI,PURANDAR,4522,PURANDAR,True,1.0,largest_overlap,7.8673,18.26001,74.08306,True
186428,KODIT BK.,PURANDAR,4522,PURANDAR,True,1.0,largest_overlap,13.4575,18.32497,73.96681,True
186429,KODIT KH.,PURANDAR,4522,PURANDAR,True,1.0,largest_overlap,4.1188,18.34863,73.97422,True
186430,KOLVIHIRE,PURANDAR,4522,PURANDAR,True,1.0,largest_overlap,18.6409,18.25365,74.20725,True
186431,KOTHALE,PURANDAR,4522,PURANDAR,True,1.0,largest_overlap,8.0137,18.33215,74.16695,True
186432,KUMBHARVALAN,PURANDAR,4522,PURANDAR,True,1.0,largest_overlap,4.8356,18.34895,74.06635,True
186434,MAHUR,PURANDAR,4522,PURANDAR,True,1.0,largest_overlap,16.2543,18.19412,74.0491,True
186435,MALSHIRAS,PURANDAR,4522,PURANDAR,True,1.0,largest_overlap,35.0716,18.40497,74.2407,True
186437,MANDAKI,PURANDAR,4522,PURANDAR,True,1.0,largest_overlap,18.033,18.14709,74.14,True
186436,MANDHAR,PURANDAR,4522,PURANDAR,True,1.0,largest_overlap,7.8597,18.21567,74.0204,True
186439,MAVDISUPE,PURANDAR,4522,PURANDAR,True,1.0,largest_overlap,10.8068,18.35746,74.2095,True
186438,MAWADI KP.,PURANDAR,4522,PURANDAR,True,1.0,largest_overlap,11.3569,18.26051,74.24285,True
186441,NAVLI,PURANDAR,4522,PURANDAR,True,1.0,largest_overlap,13.995,18.22553,74.22403,True
186442,NAYGAON,PURANDAR,4522,PURANDAR,True,1.0,largest_overlap,15.3585,18.35728,74.24042,True
186443,NAZARE SUPE,PURANDAR,4522,PURANDAR,True,1.0,largest_overlap,7.7837,18.30967,74.21427,True
186444,NAZRE K.,PURANDAR,4522,PURANDAR,True,1.0,largest_overlap,12.0994,18.2896,74.20648,True
186445,NILUNJ,PURANDAR,4522,PURANDAR,True,1.0,largest_overlap,2.1596,18.31126,74.11529,True
186447,PANDESHWAR,PURANDAR,4522,PURANDAR,True,1.0,largest_overlap,13.8405,18.31905,74.25491,True
186448,PANGARE,PURANDAR,4522,PURANDAR,True,1.0,largest_overlap,21.5072,18.26857,74.05236,True
186449,PANWADI,PURANDAR,4522,PURANDAR,True,1.0,largest_overlap,6.8556,18.2709,74.01853,True
186450,PARGOAN,PURANDAR,4522,PURANDAR,True,1.0,largest_overlap,19.883,18.35582,74.12816,True
186451,PARINCHE,PURANDAR,4522,PURANDAR,True,1.0,largest_overlap,5.3211,18.26779,74.10361,True
186453,PIMPALE,PURANDAR,4522,PURANDAR,True,1.0,largest_overlap,8.6661,18.30274,74.04252,True
186455,PIMPARI KH.,PURANDAR,4522,PURANDAR,True,1.0,largest_overlap,14.267,18.13141,74.19365,True
186454,PIMPRI,PURANDAR,4522,PURANDAR,True,1.0,largest_overlap,13.5568,18.32826,74.21485,True
186456,PINGORI,PURANDAR,4522,PURANDAR,True,1.0,largest_overlap,17.065,18.23383,74.12254,True
186458,PISE,PURANDAR,4522,PURANDAR,True,1.0,largest_overlap,4.9772,18.36443,74.30167,True
186457,PISRVE,PURANDAR,4522,PURANDAR,True,1.0,largest_overlap,17.4683,18.37321,74.18797,True
186459,PISURTI,PURANDAR,4522,PURANDAR,True,1.0,largest_overlap,4.9057,18.14766,74.16651,True
186452,PONDHE,PURANDAR,4522,PURANDAR,True,1.0,largest_overlap,11.0514,18.42597,74.28454,True
186460,PURPOKHAR,PURANDAR,4522,PURANDAR,True,1.0,largest_overlap,6.6301,18.30188,73.97124,True
186461,RAJEWADI,PURANDAR,4522,PURANDAR,True,1.0,largest_overlap,10.7058,18.37709,74.15067,True
186462,RAJURI,PURANDAR,4522,PURANDAR,True,1.0,largest_overlap,22.6881,18.37037,74.27117,True
186463,RAKH,PURANDAR,4522,PURANDAR,True,1.0,largest_overlap,18.9555,18.20088,74.22199,True
186464,RANMALA,PURANDAR,4522,PURANDAR,True,1.0,largest_overlap,5.5917,18.31082,74.18346,True
186465,RISE,PURANDAR,4522,PURANDAR,True,1.0,largest_overlap,9.3563,18.35601,74.28888,True
186466,SAKURDE,PURANDAR,4522,PURANDAR,True,1.0,largest_overlap,12.4135,18.2739,74.12002,True
186468,SHIVARI,PURANDAR,4522,PURANDAR,True,1.0,largest_overlap,15.1946,18.29165,74.08392,True
186469,SINGAPUR,PURANDAR,4522,PURANDAR,True,1.0,largest_overlap,6.7584,18.38655,74.10983,True
186470,SOMURDI,PURANDAR,4522,PURANDAR,True,1.0,largest_overlap,5.7601,18.31858,73.93623,True
186471,SONORI,PURANDAR,4522,PURANDAR,True,1.0,largest_overlap,13.0946,18.38685,74.05148,True
186472,SUPE KH.,PURANDAR,4522,PURANDAR,True,1.0,largest_overlap,11.8261,18.30564,74.01247,True
186473,TEKAWADI,PURANDAR,4522,PURANDAR,True,1.0,largest_overlap,12.5629,18.41287,74.20317,True
186474,THAPEWADI,PURANDAR,4522,PURANDAR,True,1.0,largest_overlap,9.7571,18.34918,73.89572,True
186475,TONDAL,PURANDAR,4522,PURANDAR,True,1.0,largest_overlap,6.9703,18.15491,74.05486,True
186476,UDACHIWADI,PURANDAR,4522,PURANDAR,True,1.0,largest_overlap,6.5832,18.37988,74.08532,True
186479,VAGHAPUR,PURANDAR,4522,PURANDAR,True,1.0,largest_overlap,11.2663,18.40278,74.1265,True
186480,VALHE,PURANDAR,4522,PURANDAR,True,1.0,largest_overlap,17.6312,18.19565,74.18532,True
186481,VALUNJ,PURANDAR,4522,PURANDAR,True,1.0,largest_overlap,4.2799,18.31623,74.1019,True
186477,VANPURI,PURANDAR,4522,PURANDAR,True,1.0,largest_overlap,7.3754,18.37577,74.06632,True
186478,VIR,PURANDAR,4522,PURANDAR,True,1.0,largest_overlap,18.4623,18.14798,74.08763,True
186412,YEKHATPUR,PURANDAR,4522,PURANDAR,True,1.0,largest_overlap,3.1818,18.34737,74.08245,True
186482,ZENDEWADI,PURANDAR,4522,PURANDAR,True,1.0,largest_overlap,5.3322,18.41569,74.01457,True
186483,ALEGAONPAGA,SHIRUR,4523,SHIRUR,True,1.0,largest_overlap,33.1735,18.6201,74.33585,True
186485,AMADABAD,SHIRUR,4523,SHIRUR,True,1.0,largest_overlap,12.9031,18.84101,74.25665,True
186484,AMBALE,SHIRUR,4523,SHIRUR,True,1.0,largest_overlap,25.0925,18.70128,74.33563,True
186487,ANDHALGAON,SHIRUR,4523,SHIRUR,True,1.0,largest_overlap,11.2245,18.61354,74.39351,True
186488,APTI,SHIRUR,4523,SHIRUR,True,1.0,largest_overlap,7.8932,18.67733,74.01288,True
186489,BABHULSAR BK.,SHIRUR,4523,SHIRUR,True,1.0,largest_overlap,7.5644,18.50913,74.51511,True
186490,BABHULSAR KH.,SHIRUR,4523,SHIRUR,True,1.0,largest_overlap,17.4711,18.75129,74.29672,True
186491,BHAMBARDE,SHIRUR,4523,SHIRUR,True,1.0,largest_overlap,12.6831,18.72906,74.28937,True
186492,BURUNJWADI,SHIRUR,4523,SHIRUR,True,1.0,largest_overlap,27.6917,18.74451,74.17507,True
186493,CHANDOH,SHIRUR,4523,SHIRUR,True,1.0,largest_overlap,10.2379,18.96753,74.16886,True
186494,CHAVHANWADI,SHIRUR,4523,SHIRUR,True,1.0,largest_overlap,14.3619,18.74597,74.38034,True
186495,CHINCHANI,SHIRUR,4523,SHIRUR,True,1.0,largest_overlap,13.7625,18.66657,74.48681,True
186496,CHINCHOLI MORACHI,SHIRUR,4523,SHIRUR,True,1.0,largest_overlap,13.2942,18.81775,74.16623,True
186497,DAHIWADI,SHIRUR,4523,SHIRUR,True,1.0,largest_overlap,10.0883,18.68945,74.28847,True
186498,DAREKARWADI,SHIRUR,4523,SHIRUR,True,1.0,largest_overlap,5.9156,18.64093,74.11821,True
186499,DHAMARI,SHIRUR,4523,SHIRUR,True,1.0,largest_overlap,28.2346,18.78946,74.09613,True
186500,DHANORE,SHIRUR,4523,SHIRUR,True,1.0,largest_overlap,7.5241,18.62357,74.12636,True
186501,DHOKSANGAVI,SHIRUR,4523,SHIRUR,True,1.0,largest_overlap,12.1657,18.79255,74.26696,True
186502,DIGRAJWADI*,SHIRUR,4523,SHIRUR,True,1.0,largest_overlap,6.3846,18.64051,74.0913,True
186504,GANEGAON DUMALA,SHIRUR,4523,SHIRUR,True,1.0,largest_overlap,13.1933,18.52739,74.53417,True
186506,GOLEGAON,SHIRUR,4523,SHIRUR,True,1.0,largest_overlap,14.2928,18.77873,74.36849,True
186507,GUNAT,SHIRUR,4523,SHIRUR,True,1.0,largest_overlap,19.6572,18.68533,74.42803,True
186508,HIVARE,SHIRUR,4523,SHIRUR,True,1.0,largest_overlap,11.2232,18.77129,74.13509,True
186509,INAMGOAN,SHIRUR,4523,SHIRUR,True,1.0,largest_overlap,21.5472,18.58312,74.5273,True
186511,JATEGAON BK.,SHIRUR,4523,SHIRUR,True,1.0,largest_overlap,10.0683,18.7243,74.12135,True
186512,JETEGAON KH.,SHIRUR,4523,SHIRUR,True,1.0,largest_overlap,6.4365,18.71231,74.09678,True
186514,KANHURMESAI,SHIRUR,4523,SHIRUR,True,1.0,largest_overlap,38.2799,18.82837,74.13705,True
186515,KARANDI,SHIRUR,4523,SHIRUR,True,1.0,largest_overlap,25.0506,18.7256,74.0634,True
186516,KARANJAVANE,SHIRUR,4523,SHIRUR,True,1.0,largest_overlap,11.6159,18.71312,74.26308,True
186517,KARDE,SHIRUR,4523,SHIRUR,True,1.0,largest_overlap,27.8057,18.75158,74.34116,True
186518,KAREGAON,SHIRUR,4523,SHIRUR,True,1.0,largest_overlap,12.9589,18.78885,74.30269,True
186520,KASARI,SHIRUR,4523,SHIRUR,True,1.0,largest_overlap,11.9637,18.69218,74.18159,True
186521,KATHAPUR KH.,SHIRUR,4523,SHIRUR,True,1.0,largest_overlap,6.7326,18.99571,74.11802,True
186522,KAWATHE,SHIRUR,4523,SHIRUR,True,1.0,largest_overlap,57.6085,18.90273,74.18801,True
186523,KENDUR,SHIRUR,4523,SHIRUR,True,1.0,largest_overlap,38.2872,18.78055,74.03964,True
186526,KHAIRENAGAR,SHIRUR,4523,SHIRUR,True,1.0,largest_overlap,7.6304,18.83003,74.10063,True
186525,KHANDALE,SHIRUR,4523,SHIRUR,True,1.0,largest_overlap,6.1373,18.74144,74.21552,True
186527,KOLGOAN DOLAS,SHIRUR,4523,SHIRUR,True,1.0,largest_overlap,7.4636,18.62103,74.42855,True
186528,KONDHAPURI,SHIRUR,4523,SHIRUR,True,1.0,largest_overlap,13.1638,18.72031,74.19399,True
186529,KOREGAON BHIMA,SHIRUR,4523,SHIRUR,True,1.0,largest_overlap,12.9123,18.65059,74.0693,True
186530,KURULI,SHIRUR,4523,SHIRUR,True,1.0,largest_overlap,6.5428,18.60159,74.42608,True
186531,MALTHAN,SHIRUR,4523,SHIRUR,True,1.0,largest_overlap,33.8652,18.83483,74.21051,True
186532,MANDAVGAN PHARATA,SHIRUR,4523,SHIRUR,True,1.0,largest_overlap,35.8537,18.55784,74.48833,True
298906,MHASE BK,SHIRUR,4523,SHIRUR,True,1.0,largest_overlap,5.4666,18.86208,74.29921,True
186534,MOTEWADI,SHIRUR,4523,SHIRUR,True,1.0,largest_overlap,3.4326,18.73449,74.40108,True
186535,MUKHAI,SHIRUR,4523,SHIRUR,True,1.0,largest_overlap,13.4028,18.74952,74.09996,True
186536,NAGARGAON,SHIRUR,4523,SHIRUR,True,1.0,largest_overlap,14.6261,18.58871,74.39172,True
186537,NHAVARE,SHIRUR,4523,SHIRUR,True,1.0,largest_overlap,43.4981,18.65761,74.3676,True
186538,NIMGAON BHOGI,SHIRUR,4523,SHIRUR,True,1.0,largest_overlap,7.9077,18.8245,74.27008,True
186539,NIMGAON DUDE,SHIRUR,4523,SHIRUR,True,1.0,largest_overlap,11.2124,18.88175,74.24613,True
186540,NIMGAON MHALUNGE,SHIRUR,4523,SHIRUR,True,1.0,largest_overlap,26.3982,18.70128,74.22304,True
186541,NIMONE,SHIRUR,4523,SHIRUR,True,1.0,largest_overlap,33.4778,18.71793,74.40948,True
186542,NIRVI,SHIRUR,4523,SHIRUR,True,1.0,largest_overlap,20.1248,18.65156,74.42317,True
186543,PABAL,SHIRUR,4523,SHIRUR,True,1.0,largest_overlap,12.1288,18.84175,74.05089,True
186544,PARODI,SHIRUR,4523,SHIRUR,True,1.0,largest_overlap,10.0895,18.67778,74.26021,True
186503,PHAKATE,SHIRUR,4523,SHIRUR,True,1.0,largest_overlap,14.3936,18.94726,74.2026,True
186545,PIMPALE JAGTAP,SHIRUR,4523,SHIRUR,True,1.0,largest_overlap,16.9857,18.7053,74.06258,True
186546,PIMPALEKHALSA,SHIRUR,4523,SHIRUR,True,1.0,largest_overlap,5.5306,18.75387,74.1348,True
186547,PIMPALSUTI,SHIRUR,4523,SHIRUR,True,1.0,largest_overlap,8.2492,18.6026,74.50908,True
186549,PIMPARKHED,SHIRUR,4523,SHIRUR,True,1.0,largest_overlap,20.0,18.99507,74.14846,True
186548,PIMPRI DUMALA,SHIRUR,4523,SHIRUR,True,1.0,largest_overlap,7.1715,18.77473,74.22159,True
186550,RANJANGAON GANPATI,SHIRUR,4523,SHIRUR,True,1.0,largest_overlap,30.0432,18.7515,74.25043,True
186551,RANJANGAON SANDAS,SHIRUR,4523,SHIRUR,True,1.0,largest_overlap,22.7825,18.58995,74.34659,True
186552,RAWADEWADI,SHIRUR,4523,SHIRUR,True,1.0,largest_overlap,7.1928,18.87559,74.22058,True
186553,SADALGAON,SHIRUR,4523,SHIRUR,True,1.0,largest_overlap,10.2559,18.5391,74.45503,True
186554,SANASWADI,SHIRUR,4523,SHIRUR,True,1.0,largest_overlap,17.1285,18.67497,74.10113,True
186556,SAVINDANE,SHIRUR,4523,SHIRUR,True,1.0,largest_overlap,19.456,18.89122,74.128,True
298905,SHARADWADI,SHIRUR,4523,SHIRUR,True,1.0,largest_overlap,18.9368,18.9904,74.19613,True
186557,SHIKRAPUR,SHIRUR,4523,SHIRUR,True,1.0,largest_overlap,25.1833,18.70787,74.14829,True
186558,SHINDODI,SHIRUR,4523,SHIRUR,True,1.0,largest_overlap,12.8223,18.70455,74.46474,True
186559,SHIRASGAON KATA,SHIRUR,4523,SHIRUR,True,1.0,largest_overlap,34.0873,18.63204,74.46127,True
186560,SHIRUR GRAMIN,SHIRUR,4523,SHIRUR,True,1.0,largest_overlap,35.5431,18.81692,74.36949,True
186561,SONESANGAVI,SHIRUR,4523,SHIRUR,True,1.0,largest_overlap,11.4602,18.80241,74.2384,True
186562,TAKALI BHIMA,SHIRUR,4523,SHIRUR,True,1.0,largest_overlap,18.107,18.65066,74.21747,True
186563,TAKALI HAJI,SHIRUR,4523,SHIRUR,True,1.0,largest_overlap,48.6844,18.90055,74.2694,True
186564,TALEGAON DHAMDHERE,SHIRUR,4523,SHIRUR,True,1.0,largest_overlap,45.2535,18.65567,74.16011,True
186565,TANDALI,SHIRUR,4523,SHIRUR,True,1.0,largest_overlap,10.044,18.54876,74.55985,True
186567,URALGAON,SHIRUR,4523,SHIRUR,True,1.0,largest_overlap,27.3072,18.66758,74.30956,True
186568,VITTHALWADI,SHIRUR,4523,SHIRUR,True,1.0,largest_overlap,11.5099,18.63089,74.18687,True
186570,WADGAON RASAI,SHIRUR,4523,SHIRUR,True,1.0,largest_overlap,24.7637,18.57333,74.43565,True
186571,WADHU BK.,SHIRUR,4523,SHIRUR,True,1.0,largest_overlap,14.6849,18.67264,74.05196,True
186572,WADNER KH.,SHIRUR,4523,SHIRUR,True,1.0,largest_overlap,5.646,18.95699,74.22705,True
186575,WAGHOLE,SHIRUR,4523,SHIRUR,True,1.0,largest_overlap,8.6087,18.78493,74.20377,True
186573,WAJEWADI,SHIRUR,4523,SHIRUR,True,1.0,largest_overlap,1.5349,18.69568,74.04739,True
186574,WARUDE,SHIRUR,4523,SHIRUR,True,1.0,largest_overlap,18.1596,18.79133,74.17123,True
186576,AMBAVANE GROUP,VELHE,4524,VELHE,True,1.0,largest_overlap,3.2334,18.26943,73.79585,True
186577,AMBED,VELHE,4524,VELHE,True,1.0,largest_overlap,2.9592,18.35689,73.6804,True
186578,AMBEGAON KH.,VELHE,4524,VELHE,True,1.0,largest_overlap,9.0357,18.36736,73.57677,True
186580,ASANI DAMGUDA,VELHE,4524,VELHE,True,1.0,largest_overlap,2.8025,18.24924,73.73967,True
186581,ASNI MANJAI,VELHE,4524,VELHE,True,1.0,largest_overlap,2.7989,18.25151,73.72767,True
186582,BALWAD,VELHE,4524,VELHE,True,1.0,largest_overlap,2.702,18.34461,73.52818,True
186583,BHATTI WAKDARA,VELHE,4524,VELHE,True,1.0,largest_overlap,9.1373,18.28211,73.6156,True
186584,BORAVALE GROUP,VELHE,4524,VELHE,True,1.0,largest_overlap,3.7727,18.29741,73.80213,True
186585,CHIRMODI,VELHE,4524,VELHE,True,1.0,largest_overlap,4.1102,18.26231,73.72417,True
186587,DAPODE,VELHE,4524,VELHE,True,1.0,largest_overlap,8.219,18.31143,73.68718,True
186586,DHANEP,VELHE,4524,VELHE,True,1.0,largest_overlap,11.7657,18.31759,73.63522,True
186588,GHISAR,VELHE,4524,VELHE,True,1.0,largest_overlap,10.6142,18.28964,73.54889,True
186589,GHOL,VELHE,4524,VELHE,True,1.0,largest_overlap,16.0279,18.3285,73.44078,True
186590,GIVSHI,VELHE,4524,VELHE,True,1.0,largest_overlap,9.8572,18.34626,73.58,True
186591,GONDEKHAL GROUP,VELHE,4524,VELHE,True,1.0,largest_overlap,14.3302,18.34456,73.47826,True
186592,GUNJAVANE,VELHE,4524,VELHE,True,1.0,largest_overlap,4.1211,18.24993,73.70904,True
186593,HARPUD,VELHE,4524,VELHE,True,1.0,largest_overlap,17.0987,18.25637,73.52968,True
186594,HIRPODI,VELHE,4524,VELHE,True,1.0,largest_overlap,2.9612,18.30795,73.65885,True
186595,JADHAVWADI,VELHE,4524,VELHE,True,1.0,largest_overlap,8.9302,18.2419,73.59674,True
186596,KADAVE,VELHE,4524,VELHE,True,1.0,largest_overlap,8.9341,18.35342,73.6198,True
186597,KANAND,VELHE,4524,VELHE,True,1.0,largest_overlap,8.6447,18.291,73.59871,True
186598,KARANJAVANE,VELHE,4524,VELHE,True,1.0,largest_overlap,2.679,18.27363,73.77903,True
186599,KATVADI,VELHE,4524,VELHE,True,1.0,largest_overlap,2.4535,18.30466,73.76549,True
186600,KELAD,VELHE,4524,VELHE,True,1.0,largest_overlap,39.9001,18.20995,73.59238,True
186601,KHAMGAON,VELHE,4524,VELHE,True,1.0,largest_overlap,3.4954,18.3531,73.69706,True
186602,KHARIV,VELHE,4524,VELHE,True,1.0,largest_overlap,2.1341,18.29039,73.67174,True
186603,KODAVADI,VELHE,4524,VELHE,True,1.0,largest_overlap,3.6863,18.25633,73.75712,True
186604,KOLAMBI,VELHE,4524,VELHE,True,1.0,largest_overlap,19.8485,18.25054,73.56902,True
186605,KOLWADI,VELHE,4524,VELHE,True,1.0,largest_overlap,6.042,18.30806,73.75038,True
186606,KONDGAON,VELHE,4524,VELHE,True,1.0,largest_overlap,3.3339,18.35126,73.70684,True
186607,KOSHIMGHAR,VELHE,4524,VELHE,True,1.0,largest_overlap,11.618,18.22752,73.6204,True
186608,KURAN BK.,VELHE,4524,VELHE,True,1.0,largest_overlap,4.8014,18.39561,73.63294,True
186609,KURAN KH.,VELHE,4524,VELHE,True,1.0,largest_overlap,4.4225,18.37826,73.62026,True
186610,LASHIRGAON,VELHE,4524,VELHE,True,1.0,largest_overlap,4.2828,18.30718,73.70096,True
186611,LAVHI BK.,VELHE,4524,VELHE,True,1.0,largest_overlap,4.2797,18.26999,73.68989,True
186612,MALAVALI,VELHE,4524,VELHE,True,1.0,largest_overlap,2.9206,18.30198,73.71057,True
186614,MANGAON,VELHE,4524,VELHE,True,1.0,largest_overlap,26.9744,18.30355,73.51875,True
186613,MANGDARI,VELHE,4524,VELHE,True,1.0,largest_overlap,5.3659,18.29092,73.77662,True
186615,MARGASANI,VELHE,4524,VELHE,True,1.0,largest_overlap,12.2659,18.27961,73.74982,True
186616,MERAVANE,VELHE,4524,VELHE,True,1.0,largest_overlap,3.4892,18.27023,73.70376,True
186617,METPILAWARE,VELHE,4524,VELHE,True,1.0,largest_overlap,11.5792,18.26162,73.63727,True
186618,MOSE BK.,VELHE,4524,VELHE,True,1.0,largest_overlap,9.2103,18.39773,73.57018,True
186619,NIGADE BK.,VELHE,4524,VELHE,True,1.0,largest_overlap,4.189,18.29371,73.79246,True
186620,NIGADE MOSE,VELHE,4524,VELHE,True,1.0,largest_overlap,3.3867,18.37796,73.69065,True
186621,NIVI GEVHANDE,VELHE,4524,VELHE,True,1.0,largest_overlap,9.6414,18.29331,73.57725,True
186623,PABE,VELHE,4524,VELHE,True,1.0,largest_overlap,12.1886,18.3193,73.66173,True
186624,PAL BK.,VELHE,4524,VELHE,True,1.0,largest_overlap,7.2072,18.26271,73.65888,True
186625,RANJANE,VELHE,4524,VELHE,True,1.0,largest_overlap,7.6149,18.3382,73.6884,True
186626,RULE,VELHE,4524,VELHE,True,1.0,largest_overlap,10.5118,18.36517,73.65553,True
186627,SAIV BK.,VELHE,4524,VELHE,True,1.0,largest_overlap,8.89,18.40862,73.59082,True
186628,SAKHAR,VELHE,4524,VELHE,True,1.0,largest_overlap,3.7272,18.28011,73.71332,True
186629,SHENVAD,VELHE,4524,VELHE,True,1.0,largest_overlap,4.968,18.2405,73.60601,True
186630,SHIRKOLI,VELHE,4524,VELHE,True,1.0,largest_overlap,18.5684,18.32771,73.55765,True
186631,SONDE HIROJI,VELHE,4524,VELHE,True,1.0,largest_overlap,2.1264,18.24776,73.81043,True
186632,SONDE KARLA,VELHE,4524,VELHE,True,1.0,largest_overlap,2.003,18.2509,73.79187,True
186633,SONDE MATHANA,VELHE,4524,VELHE,True,1.0,largest_overlap,1.9303,18.25474,73.78496,True
186634,SONDE SARPHALA,VELHE,4524,VELHE,True,1.0,largest_overlap,2.8326,18.24879,73.79916,True
186635,SURUVAD,VELHE,4524,VELHE,True,1.0,largest_overlap,1.3057,18.25449,73.76775,True
186636,TEKPOLE GROUP,VELHE,4524,VELHE,True,1.0,largest_overlap,20.2669,18.30351,73.46906,True
186639,VINZHAR,VELHE,4524,VELHE,True,1.0,largest_overlap,14.2808,18.30485,73.72921,True
186640,WADGAON ZANJE,VELHE,4524,VELHE,True,1.0,largest_overlap,2.1048,18.25417,73.7757,True
186641,WADGHAR,VELHE,4524,VELHE,True,1.0,largest_overlap,6.7191,18.35732,73.59981,True
186642,WAJEGHAR,VELHE,4524,VELHE,True,1.0,largest_overlap,5.3791,18.27149,73.67537,True
295550,WANGANIWADI,VELHE,4524,VELHE,True,1.0,largest_overlap,9.548,18.31266,73.78095,True
186644,WANJALE,VELHE,4524,VELHE,True,1.0,largest_overlap,2.4845,18.28843,73.68886,True
186645,WARASGAON,VELHE,4524,VELHE,True,1.0,largest_overlap,7.0529,18.40496,73.61122,True
186638,WELHE BK.,VELHE,4524,VELHE,True,1.0,largest_overlap,7.3569,18.29083,73.63885,True
186637,WELHE KH.,VELHE,4524,VELHE,True,1.0,largest_overlap,6.0064,18.2657,73.61134,True
