{
"type": "FeatureCollection",
"name": "non_gp_areas",
"crs": { "type": "name", "properties": { "name": "urn:ogc:def:crs:OGC:1.3:CRS84" } },
"xy_coordinate_resolution": 1e-05,
"features": [
{ "type": "Feature", "properties": { "lgd_block_name": "MAVAL", "area_km2": 9.23 }, "geometry": { "type": "Polygon", "coordinates": [ [ [ 73.37056, 18.79451 ], [ 73.36889, 18.79483 ], [ 73.36736, 18.79244 ], [ 73.36428, 18.78003 ], [ 73.364, 18.77439 ], [ 73.36231, 18.77089 ], [ 73.3509, 18.75763 ], [ 73.36023, 18.75119 ], [ 73.36993, 18.7466 ], [ 73.37334, 18.74733 ], [ 73.38093, 18.74703 ], [ 73.38431, 18.74604 ], [ 73.38733, 18.74806 ], [ 73.3868, 18.75435 ], [ 73.38778, 18.7621 ], [ 73.38185, 18.76243 ], [ 73.37934, 18.76482 ], [ 73.37719, 18.76433 ], [ 73.37672, 18.76535 ], [ 73.37365, 18.76674 ], [ 73.37203, 18.77457 ], [ 73.37553, 18.78696 ], [ 73.37375, 18.78829 ], [ 73.37056, 18.79451 ] ] ] } },
{ "type": "Feature", "properties": { "lgd_block_name": "MAVAL", "area_km2": 3.37 }, "geometry": { "type": "Polygon", "coordinates": [ [ [ 73.41507, 18.77225 ], [ 73.41076, 18.779 ], [ 73.4063, 18.77762 ], [ 73.40827, 18.7735 ], [ 73.4112, 18.7721 ], [ 73.41411, 18.76702 ], [ 73.41414, 18.76082 ], [ 73.41213, 18.75432 ], [ 73.41527, 18.74993 ], [ 73.41727, 18.75012 ], [ 73.41748, 18.75145 ], [ 73.41948, 18.75311 ], [ 73.42093, 18.753 ], [ 73.42204, 18.75453 ], [ 73.42513, 18.75592 ], [ 73.43142, 18.75644 ], [ 73.43166, 18.75968 ], [ 73.43079, 18.76036 ], [ 73.43095, 18.76449 ], [ 73.43014, 18.7644 ], [ 73.42953, 18.76718 ], [ 73.42196, 18.76633 ], [ 73.41723, 18.77126 ], [ 73.41507, 18.77225 ] ] ] } },
{ "type": "Feature", "properties": { "lgd_block_name": "MAVAL", "area_km2": 5.76 }, "geometry": { "type": "Polygon", "coordinates": [ [ [ 73.40827, 18.7735 ], [ 73.40347, 18.78448 ], [ 73.39958, 18.786 ], [ 73.3982, 18.7856 ], [ 73.39535, 18.77995 ], [ 73.39315, 18.77936 ], [ 73.39159, 18.77393 ], [ 73.39233, 18.77249 ], [ 73.39154, 18.76511 ], [ 73.38831, 18.76564 ], [ 73.38811, 18.76469 ], [ 73.38512, 18.76291 ], [ 73.38527, 18.76206 ], [ 73.39174, 18.76103 ], [ 73.39205, 18.75997 ], [ 73.39556, 18.75826 ], [ 73.39819, 18.76064 ], [ 73.39996, 18.75772 ], [ 73.40402, 18.75839 ], [ 73.40541, 18.75713 ], [ 73.40578, 18.75532 ], [ 73.40863, 18.75549 ], [ 73.41213, 18.75432 ], [ 73.41414, 18.76082 ], [ 73.41411, 18.76702 ], [ 73.4112, 18.7721 ], [ 73.40827, 18.7735 ] ] ] } },
{ "type": "Feature", "properties": { "lgd_block_name": "MAVAL", "area_km2": 8.56 }, "geometry": { "type": "Polygon", "coordinates": [ [ [ 73.41937, 18.80724 ], [ 73.40702, 18.80593 ], [ 73.39938, 18.81201 ], [ 73.39726, 18.8097 ], [ 73.38745, 18.80486 ], [ 73.38747, 18.80297 ], [ 73.39183, 18.80348 ], [ 73.40047, 18.80215 ], [ 73.40484, 18.80115 ], [ 73.40815, 18.79852 ], [ 73.41044, 18.79887 ], [ 73.41273, 18.79763 ], [ 73.4171, 18.79173 ], [ 73.42003, 18.78395 ], [ 73.42237, 18.7804 ], [ 73.42161, 18.7748 ], [ 73.41507, 18.77225 ], [ 73.41723, 18.77126 ], [ 73.42196, 18.76633 ], [ 73.43532, 18.7684 ], [ 73.43717, 18.76931 ], [ 73.43307, 18.77252 ], [ 73.43407, 18.77683 ], [ 73.43328, 18.77769 ], [ 73.43408, 18.78012 ], [ 73.43608, 18.78126 ], [ 73.43284, 18.78705 ], [ 73.43002, 18.78856 ], [ 73.42727, 18.79182 ], [ 73.43136, 18.79739 ], [ 73.43174, 18.80158 ], [ 73.42652, 18.80513 ], [ 73.42464, 18.80458 ], [ 73.41937, 18.80724 ] ] ] } },
{ "type": "Feature", "properties": { "lgd_block_name": "MAVAL", "area_km2": 3.4 }, "geometry": { "type": "Polygon", "coordinates": [ [ [ 73.43114, 18.80222 ], [ 73.43196, 18.80079 ], [ 73.43136, 18.79739 ], [ 73.42727, 18.79182 ], [ 73.42807, 18.79061 ], [ 73.43284, 18.78705 ], [ 73.43604, 18.78126 ], [ 73.44609, 18.7843 ], [ 73.44551, 18.78692 ], [ 73.44839, 18.7919 ], [ 73.44822, 18.79382 ], [ 73.45147, 18.79559 ], [ 73.44302, 18.79847 ], [ 73.43959, 18.80231 ], [ 73.43506, 18.80159 ], [ 73.43114, 18.80222 ] ] ] } },
{ "type": "Feature", "properties": { "lgd_block_name": "MAVAL", "area_km2": 1.68 }, "geometry": { "type": "Polygon", "coordinates": [ [ [ 73.44606, 18.78428 ], [ 73.43855, 18.78248 ], [ 73.43408, 18.78012 ], [ 73.43307, 18.77252 ], [ 73.43717, 18.76931 ], [ 73.44569, 18.77234 ], [ 73.4466, 18.77176 ], [ 73.44508, 18.77517 ], [ 73.44649, 18.78232 ], [ 73.44606, 18.78428 ] ] ] } },
{ "type": "Feature", "properties": { "lgd_block_name": "MAVAL", "area_km2": 2.23 }, "geometry": { "type": "Polygon", "coordinates": [ [ [ 73.54578, 18.76613 ], [ 73.53987, 18.76863 ], [ 73.53841, 18.76745 ], [ 73.53801, 18.7638 ], [ 73.53335, 18.76411 ], [ 73.53269, 18.76303 ], [ 73.53305, 18.75783 ], [ 73.53735, 18.7467 ], [ 73.53938, 18.74408 ], [ 73.54018, 18.744 ], [ 73.54263, 18.75031 ], [ 73.54578, 18.76613 ] ] ] } },
{ "type": "Feature", "properties": { "lgd_block_name": "MAVAL", "area_km2": 1.91 }, "geometry": { "type": "Polygon", "coordinates": [ [ [ 73.6146, 18.75494 ], [ 73.61273, 18.75583 ], [ 73.60939, 18.75456 ], [ 73.60755, 18.75514 ], [ 73.60617, 18.75368 ], [ 73.60491, 18.75414 ], [ 73.60553, 18.74603 ], [ 73.608, 18.74093 ], [ 73.60645, 18.74123 ], [ 73.60699, 18.7397 ], [ 73.60577, 18.73971 ], [ 73.60521, 18.73836 ], [ 73.60589, 18.73837 ], [ 73.60622, 18.7363 ], [ 73.60794, 18.73656 ], [ 73.60827, 18.73516 ], [ 73.60907, 18.735 ], [ 73.60931, 18.73595 ], [ 73.61319, 18.73447 ], [ 73.61266, 18.7388 ], [ 73.61325, 18.74063 ], [ 73.61494, 18.74151 ], [ 73.61519, 18.74323 ], [ 73.61553, 18.75258 ], [ 73.61351, 18.75272 ], [ 73.61439, 18.75292 ], [ 73.6146, 18.75494 ] ] ] } },
{ "type": "Feature", "properties": { "lgd_block_name": "MAVAL", "area_km2": 2.56 }, "geometry": { "type": "Polygon", "coordinates": [ [ [ 73.5883, 18.74821 ], [ 73.58385, 18.75195 ], [ 73.57821, 18.75019 ], [ 73.58289, 18.73641 ], [ 73.58122, 18.72748 ], [ 73.5889, 18.72472 ], [ 73.59281, 18.72471 ], [ 73.58873, 18.7426 ], [ 73.5883, 18.74821 ] ] ] } },
{ "type": "Feature", "properties": { "lgd_block_name": "MAVAL", "area_km2": 4.33 }, "geometry": { "type": "Polygon", "coordinates": [ [ [ 73.58129, 18.72778 ], [ 73.57368, 18.72929 ], [ 73.56969, 18.72804 ], [ 73.56577, 18.72896 ], [ 73.55604, 18.72796 ], [ 73.55516, 18.72328 ], [ 73.55804, 18.71369 ], [ 73.56077, 18.71406 ], [ 73.56268, 18.71236 ], [ 73.56279, 18.71308 ], [ 73.56451, 18.71321 ], [ 73.56589, 18.71229 ], [ 73.56577, 18.71617 ], [ 73.56861, 18.71599 ], [ 73.56856, 18.71523 ], [ 73.57083, 18.71365 ], [ 73.57092, 18.71183 ], [ 73.57233, 18.71311 ], [ 73.57417, 18.71275 ], [ 73.57448, 18.71177 ], [ 73.57828, 18.71 ], [ 73.57811, 18.70914 ], [ 73.57893, 18.70937 ], [ 73.5803, 18.7216 ], [ 73.58146, 18.72441 ], [ 73.58129, 18.72778 ] ] ] } },
{ "type": "Feature", "properties": { "lgd_block_name": "MAVAL", "area_km2": 1.4 }, "geometry": { "type": "Polygon", "coordinates": [ [ [ 73.47797, 18.75105 ], [ 73.4798, 18.74205 ], [ 73.48394, 18.73643 ], [ 73.48834, 18.74183 ], [ 73.48767, 18.75173 ], [ 73.48342, 18.753 ], [ 73.47797, 18.75105 ] ] ] } },
{ "type": "Feature", "properties": { "lgd_block_name": "MAVAL", "area_km2": 1.81 }, "geometry": { "type": "Polygon", "coordinates": [ [ [ 73.4297, 18.75596 ], [ 73.42513, 18.75592 ], [ 73.42204, 18.75453 ], [ 73.42093, 18.753 ], [ 73.41948, 18.75311 ], [ 73.41748, 18.75145 ], [ 73.41727, 18.75012 ], [ 73.41527, 18.74997 ], [ 73.41413, 18.74833 ], [ 73.41271, 18.74905 ], [ 73.41185, 18.74785 ], [ 73.41319, 18.74653 ], [ 73.41263, 18.74578 ], [ 73.41352, 18.74382 ], [ 73.416, 18.7432 ], [ 73.42945, 18.74587 ], [ 73.42975, 18.74969 ], [ 73.4314, 18.75093 ], [ 73.43219, 18.75298 ], [ 73.4297, 18.75596 ] ] ] } },
{ "type": "Feature", "properties": { "lgd_block_name": "MAVAL", "area_km2": 5.41 }, "geometry": { "type": "Polygon", "coordinates": [ [ [ 73.41213, 18.75432 ], [ 73.40863, 18.75549 ], [ 73.40578, 18.75532 ], [ 73.40541, 18.75713 ], [ 73.40402, 18.75839 ], [ 73.39996, 18.75772 ], [ 73.39819, 18.76064 ], [ 73.39556, 18.75826 ], [ 73.39205, 18.75997 ], [ 73.39174, 18.76103 ], [ 73.38949, 18.76091 ], [ 73.38778, 18.7621 ], [ 73.3868, 18.75435 ], [ 73.38733, 18.74806 ], [ 73.38431, 18.74604 ], [ 73.38709, 18.73821 ], [ 73.3906, 18.73723 ], [ 73.39174, 18.73806 ], [ 73.39103, 18.73876 ], [ 73.39192, 18.7397 ], [ 73.39297, 18.73788 ], [ 73.39357, 18.73919 ], [ 73.39384, 18.7385 ], [ 73.39586, 18.73932 ], [ 73.3972, 18.74163 ], [ 73.39993, 18.73981 ], [ 73.40044, 18.74138 ], [ 73.40151, 18.74133 ], [ 73.40226, 18.74306 ], [ 73.40331, 18.74209 ], [ 73.40409, 18.74374 ], [ 73.40514, 18.74293 ], [ 73.40618, 18.74376 ], [ 73.41006, 18.74251 ], [ 73.4118, 18.7434 ], [ 73.41224, 18.74267 ], [ 73.41235, 18.74375 ], [ 73.41361, 18.74448 ], [ 73.41187, 18.74839 ], [ 73.41271, 18.74905 ], [ 73.41413, 18.74833 ], [ 73.41527, 18.74997 ], [ 73.41213, 18.75432 ] ] ] } },
{ "type": "Feature", "properties": { "lgd_block_name": "MAVAL", "area_km2": 5.78 }, "geometry": { "type": "Polygon", "coordinates": [ [ [ 73.416, 18.7432 ], [ 73.41335, 18.74405 ], [ 73.41235, 18.74375 ], [ 73.41224, 18.74267 ], [ 73.4118, 18.7434 ], [ 73.41006, 18.74251 ], [ 73.40618, 18.74376 ], [ 73.40514, 18.74293 ], [ 73.40409, 18.74374 ], [ 73.40331, 18.74209 ], [ 73.40226, 18.74306 ], [ 73.40151, 18.74133 ], [ 73.40044, 18.74138 ], [ 73.39993, 18.73981 ], [ 73.3972, 18.74163 ], [ 73.39586, 18.73932 ], [ 73.39384, 18.7385 ], [ 73.39357, 18.73919 ], [ 73.39297, 18.73788 ], [ 73.39192, 18.7397 ], [ 73.39103, 18.73876 ], [ 73.39189, 18.73841 ], [ 73.39024, 18.73701 ], [ 73.39039, 18.736 ], [ 73.39264, 18.7318 ], [ 73.39171, 18.72947 ], [ 73.39311, 18.72906 ], [ 73.39316, 18.72671 ], [ 73.39552, 18.72391 ], [ 73.39596, 18.7198 ], [ 73.39906, 18.71749 ], [ 73.39994, 18.71306 ], [ 73.4116, 18.71471 ], [ 73.4093, 18.72569 ], [ 73.41096, 18.72825 ], [ 73.416, 18.7432 ] ] ] } },
{ "type": "Feature", "properties": { "lgd_block_name": "MULSHI", "area_km2": 3.2 }, "geometry": { "type": "Polygon", "coordinates": [ [ [ 73.41831, 18.6747 ], [ 73.40948, 18.67378 ], [ 73.39654, 18.67612 ], [ 73.39532, 18.67094 ], [ 73.39579, 18.66696 ], [ 73.40968, 18.66444 ], [ 73.41777, 18.66565 ], [ 73.42117, 18.66505 ], [ 73.42545, 18.66726 ], [ 73.42901, 18.66757 ], [ 73.42701, 18.66798 ], [ 73.42667, 18.6728 ], [ 73.4276, 18.67373 ], [ 73.42547, 18.67277 ], [ 73.41831, 18.6747 ] ] ] } },
{ "type": "Feature", "properties": { "lgd_block_name": "MAVAL", "area_km2": 1.69 }, "geometry": { "type": "Polygon", "coordinates": [ [ [ 73.49702, 18.67772 ], [ 73.49137, 18.67643 ], [ 73.48558, 18.67656 ], [ 73.48457, 18.67478 ], [ 73.48622, 18.67055 ], [ 73.48943, 18.66939 ], [ 73.48817, 18.66655 ], [ 73.48927, 18.66315 ], [ 73.4937, 18.6639 ], [ 73.49766, 18.66669 ], [ 73.49929, 18.66577 ], [ 73.49702, 18.67772 ] ] ] } },
{ "type": "Feature", "properties": { "lgd_block_name": "MAVAL", "area_km2": 0.76 }, "geometry": { "type": "Polygon", "coordinates": [ [ [ 73.49995, 18.62451 ], [ 73.49711, 18.62697 ], [ 73.49502, 18.62724 ], [ 73.49013, 18.62699 ], [ 73.49062, 18.62627 ], [ 73.48967, 18.62475 ], [ 73.48895, 18.62602 ], [ 73.48646, 18.62578 ], [ 73.48515, 18.62414 ], [ 73.487, 18.62386 ], [ 73.48699, 18.62324 ], [ 73.48471, 18.62055 ], [ 73.48498, 18.61829 ], [ 73.48396, 18.61734 ], [ 73.48449, 18.6158 ], [ 73.48547, 18.61621 ], [ 73.48462, 18.61787 ], [ 73.48682, 18.61774 ], [ 73.48776, 18.62013 ], [ 73.49031, 18.62065 ], [ 73.49446, 18.61387 ], [ 73.4939, 18.61886 ], [ 73.49171, 18.62008 ], [ 73.49089, 18.6218 ], [ 73.49161, 18.6223 ], [ 73.49167, 18.62172 ], [ 73.49206, 18.62148 ], [ 73.49227, 18.62381 ], [ 73.4938, 18.62439 ], [ 73.49367, 18.62548 ], [ 73.49514, 18.62639 ], [ 73.4989, 18.62415 ], [ 73.49891, 18.62107 ], [ 73.49995, 18.62451 ] ] ] } },
{ "type": "Feature", "properties": { "lgd_block_name": "MULSHI", "area_km2": 2.4 }, "geometry": { "type": "Polygon", "coordinates": [ [ [ 73.55559, 18.55675 ], [ 73.55458, 18.55771 ], [ 73.55088, 18.55732 ], [ 73.54694, 18.55956 ], [ 73.54254, 18.56002 ], [ 73.54199, 18.55469 ], [ 73.54001, 18.55184 ], [ 73.54089, 18.5499 ], [ 73.5397, 18.54783 ], [ 73.54029, 18.54528 ], [ 73.53939, 18.54488 ], [ 73.54035, 18.54409 ], [ 73.54124, 18.53957 ], [ 73.5412, 18.53819 ], [ 73.54017, 18.53777 ], [ 73.54123, 18.53427 ], [ 73.54462, 18.5354 ], [ 73.54547, 18.54334 ], [ 73.551, 18.54981 ], [ 73.55522, 18.55227 ], [ 73.55559, 18.55675 ] ] ] } },
{ "type": "Feature", "properties": { "lgd_block_name": "MULSHI", "area_km2": 7.36 }, "geometry": { "type": "Polygon", "coordinates": [ [ [ 73.53788, 18.62367 ], [ 73.53647, 18.62941 ], [ 73.53297, 18.6316 ], [ 73.52886, 18.63071 ], [ 73.523, 18.63098 ], [ 73.51885, 18.62734 ], [ 73.51134, 18.62387 ], [ 73.50832, 18.6205 ], [ 73.50635, 18.61956 ], [ 73.50312, 18.61481 ], [ 73.50088, 18.60694 ], [ 73.50293, 18.60699 ], [ 73.50244, 18.6049 ], [ 73.50836, 18.60398 ], [ 73.5068, 18.60564 ], [ 73.50862, 18.6057 ], [ 73.50999, 18.60411 ], [ 73.51189, 18.60472 ], [ 73.51202, 18.60347 ], [ 73.52127, 18.60228 ], [ 73.52477, 18.60596 ], [ 73.52598, 18.61331 ], [ 73.52869, 18.61597 ], [ 73.53094, 18.61675 ], [ 73.53788, 18.62367 ] ] ] } },
{ "type": "Feature", "properties": { "lgd_block_name": "VELHE", "area_km2": 10.45 }, "geometry": { "type": "Polygon", "coordinates": [ [ [ 73.61125, 18.33843 ], [ 73.60858, 18.33616 ], [ 73.60513, 18.33733 ], [ 73.59671, 18.33328 ], [ 73.59167, 18.33207 ], [ 73.58871, 18.32884 ], [ 73.58482, 18.32786 ], [ 73.58237, 18.32412 ], [ 73.5811, 18.3196 ], [ 73.57876, 18.31831 ], [ 73.57717, 18.31382 ], [ 73.579, 18.31088 ], [ 73.58046, 18.31012 ], [ 73.58081, 18.30825 ], [ 73.58763, 18.30728 ], [ 73.59074, 18.30806 ], [ 73.60122, 18.30591 ], [ 73.60316, 18.3066 ], [ 73.60561, 18.30614 ], [ 73.60843, 18.30775 ], [ 73.6113, 18.30551 ], [ 73.61386, 18.30727 ], [ 73.61548, 18.30996 ], [ 73.6166, 18.31035 ], [ 73.61569, 18.3114 ], [ 73.61655, 18.31193 ], [ 73.61542, 18.3143 ], [ 73.61605, 18.31552 ], [ 73.61513, 18.31621 ], [ 73.61547, 18.31828 ], [ 73.61386, 18.32413 ], [ 73.61597, 18.32582 ], [ 73.6143, 18.32812 ], [ 73.61284, 18.33284 ], [ 73.61301, 18.33755 ], [ 73.61125, 18.33843 ] ] ] } },
{ "type": "Feature", "properties": { "lgd_block_name": "MULSHI", "area_km2": 2.95 }, "geometry": { "type": "Polygon", "coordinates": [ [ [ 73.47832, 18.48643 ], [ 73.47673, 18.48726 ], [ 73.47768, 18.48914 ], [ 73.47675, 18.49696 ], [ 73.47769, 18.50259 ], [ 73.47719, 18.50426 ], [ 73.47366, 18.50405 ], [ 73.46995, 18.50019 ], [ 73.46421, 18.49982 ], [ 73.46484, 18.49646 ], [ 73.46276, 18.48674 ], [ 73.46325, 18.48131 ], [ 73.46478, 18.48124 ], [ 73.46504, 18.48319 ], [ 73.46688, 18.48202 ], [ 73.46779, 18.48335 ], [ 73.47022, 18.48085 ], [ 73.4703, 18.48229 ], [ 73.4715, 18.48299 ], [ 73.47262, 18.48217 ], [ 73.47397, 18.48488 ], [ 73.47682, 18.48514 ], [ 73.47832, 18.48643 ] ] ] } },
{ "type": "Feature", "properties": { "lgd_block_name": "BHOR", "area_km2": 2.41 }, "geometry": { "type": "Polygon", "coordinates": [ [ [ 73.62905, 18.09332 ], [ 73.62683, 18.0951 ], [ 73.62494, 18.09272 ], [ 73.62274, 18.09354 ], [ 73.62091, 18.09094 ], [ 73.61951, 18.09155 ], [ 73.61588, 18.09093 ], [ 73.61479, 18.08902 ], [ 73.61116, 18.08891 ], [ 73.61069, 18.08765 ], [ 73.61546, 18.08161 ], [ 73.62102, 18.07798 ], [ 73.63014, 18.07953 ], [ 73.63029, 18.08212 ], [ 73.62834, 18.08639 ], [ 73.62905, 18.09332 ] ] ] } },
{ "type": "Feature", "properties": { "lgd_block_name": "BHOR", "area_km2": 4.26 }, "geometry": { "type": "Polygon", "coordinates": [ [ [ 73.81739, 18.12647 ], [ 73.80256, 18.1226 ], [ 73.80358, 18.12095 ], [ 73.8022, 18.11652 ], [ 73.80309, 18.11412 ], [ 73.80278, 18.11095 ], [ 73.80424, 18.10721 ], [ 73.80804, 18.10589 ], [ 73.81285, 18.10182 ], [ 73.81575, 18.10169 ], [ 73.81728, 18.10349 ], [ 73.81584, 18.10443 ], [ 73.81934, 18.10867 ], [ 73.82143, 18.1095 ], [ 73.82139, 18.11065 ], [ 73.82026, 18.11128 ], [ 73.82224, 18.11225 ], [ 73.81996, 18.11415 ], [ 73.82233, 18.11472 ], [ 73.82278, 18.11595 ], [ 73.82063, 18.11765 ], [ 73.82294, 18.11945 ], [ 73.82281, 18.12147 ], [ 73.82143, 18.12187 ], [ 73.82066, 18.12509 ], [ 73.81739, 18.12647 ] ] ] } },
{ "type": "Feature", "properties": { "lgd_block_name": "BHOR", "area_km2": 1.8 }, "geometry": { "type": "Polygon", "coordinates": [ [ [ 73.78754, 18.15072 ], [ 73.78668, 18.15105 ], [ 73.78581, 18.15432 ], [ 73.78428, 18.15547 ], [ 73.78472, 18.15596 ], [ 73.78286, 18.15632 ], [ 73.78121, 18.1588 ], [ 73.78125, 18.16237 ], [ 73.78009, 18.16502 ], [ 73.78074, 18.16718 ], [ 73.77732, 18.17236 ], [ 73.77747, 18.17523 ], [ 73.7763, 18.17392 ], [ 73.77129, 18.17251 ], [ 73.77145, 18.16943 ], [ 73.7743, 18.1663 ], [ 73.77499, 18.16367 ], [ 73.77675, 18.16167 ], [ 73.77695, 18.15355 ], [ 73.7786, 18.15025 ], [ 73.78029, 18.15093 ], [ 73.78249, 18.14947 ], [ 73.78754, 18.15072 ] ] ] } },
{ "type": "Feature", "properties": { "lgd_block_name": "BHOR", "area_km2": 9.25 }, "geometry": { "type": "Polygon", "coordinates": [ [ [ 73.85771, 18.15648 ], [ 73.85323, 18.16075 ], [ 73.85001, 18.15579 ], [ 73.84861, 18.1552 ], [ 73.84504, 18.1549 ], [ 73.84328, 18.15331 ], [ 73.84127, 18.15323 ], [ 73.83908, 18.1554 ], [ 73.8363, 18.15634 ], [ 73.83431, 18.15486 ], [ 73.83292, 18.15221 ], [ 73.83079, 18.15182 ], [ 73.831, 18.14988 ], [ 73.8296, 18.14928 ], [ 73.83224, 18.14136 ], [ 73.83199, 18.13851 ], [ 73.82979, 18.1372 ], [ 73.82436, 18.12962 ], [ 73.82157, 18.1278 ], [ 73.82282, 18.12397 ], [ 73.83202, 18.11853 ], [ 73.8371, 18.11925 ], [ 73.83866, 18.12195 ], [ 73.84178, 18.12449 ], [ 73.84341, 18.12809 ], [ 73.84915, 18.13013 ], [ 73.849, 18.13255 ], [ 73.85032, 18.13247 ], [ 73.8517, 18.13719 ], [ 73.85254, 18.1369 ], [ 73.85289, 18.1412 ], [ 73.85454, 18.14147 ], [ 73.8526, 18.14304 ], [ 73.85477, 18.14552 ], [ 73.85771, 18.15648 ] ] ] } },
{ "type": "Feature", "properties": { "lgd_block_name": "BHOR", "area_km2": 19.75 }, "geometry": { "type": "Polygon", "coordinates": [ [ [ 73.81384, 18.22929 ], [ 73.81136, 18.23224 ], [ 73.806, 18.22569 ], [ 73.80322, 18.21933 ], [ 73.79875, 18.21379 ], [ 73.79724, 18.21313 ], [ 73.79647, 18.21009 ], [ 73.7938, 18.21279 ], [ 73.79411, 18.2144 ], [ 73.79295, 18.21616 ], [ 73.79172, 18.21641 ], [ 73.79042, 18.21469 ], [ 73.78951, 18.21604 ], [ 73.78738, 18.21677 ], [ 73.78617, 18.21305 ], [ 73.78362, 18.21377 ], [ 73.78448, 18.21078 ], [ 73.78192, 18.211 ], [ 73.77973, 18.21282 ], [ 73.7788, 18.21091 ], [ 73.77582, 18.21123 ], [ 73.77543, 18.21225 ], [ 73.77728, 18.21472 ], [ 73.77674, 18.21553 ], [ 73.77396, 18.21488 ], [ 73.77449, 18.21689 ], [ 73.77288, 18.2194 ], [ 73.77374, 18.22067 ], [ 73.77216, 18.22098 ], [ 73.77212, 18.22266 ], [ 73.77074, 18.22356 ], [ 73.77126, 18.22533 ], [ 73.76752, 18.22523 ], [ 73.76673, 18.22674 ], [ 73.76709, 18.22842 ], [ 73.76622, 18.22859 ], [ 73.76486, 18.2311 ], [ 73.76362, 18.22947 ], [ 73.76172, 18.23213 ], [ 73.75779, 18.22927 ], [ 73.75531, 18.2316 ], [ 73.75395, 18.22995 ], [ 73.75198, 18.22988 ], [ 73.75103, 18.22784 ], [ 73.74817, 18.22826 ], [ 73.74724, 18.22984 ], [ 73.74667, 18.22791 ], [ 73.7455, 18.22719 ], [ 73.74453, 18.22767 ], [ 73.74356, 18.22591 ], [ 73.74194, 18.22751 ], [ 73.74181, 18.22892 ], [ 73.74155, 18.22226 ], [ 73.73987, 18.22318 ], [ 73.7388, 18.22589 ], [ 73.7379, 18.22223 ], [ 73.73563, 18.2244 ], [ 73.73469, 18.22426 ], [ 73.736, 18.2213 ], [ 73.73362, 18.22091 ], [ 73.73557, 18.21922 ], [ 73.73558, 18.21788 ], [ 73.73357, 18.21909 ], [ 73.73275, 18.21774 ], [ 73.7314, 18.21747 ], [ 73.73176, 18.21833 ], [ 73.73029, 18.21796 ], [ 73.72959, 18.21914 ], [ 73.7285, 18.21763 ], [ 73.72891, 18.21578 ], [ 73.72737, 18.21417 ], [ 73.7259, 18.21538 ], [ 73.72553, 18.21364 ], [ 73.7238, 18.21344 ], [ 73.72365, 18.2124 ], [ 73.72221, 18.21294 ], [ 73.72027, 18.21229 ], [ 73.71982, 18.21376 ], [ 73.71891, 18.21264 ], [ 73.71728, 18.21273 ], [ 73.71471, 18.21078 ], [ 73.7151, 18.20978 ], [ 73.71424, 18.20944 ], [ 73.71365, 18.2061 ], [ 73.71131, 18.20666 ], [ 73.71148, 18.20387 ], [ 73.71069, 18.20406 ], [ 73.71028, 18.20846 ], [ 73.70627, 18.2093 ], [ 73.70642, 18.21133 ], [ 73.70344, 18.21083 ], [ 73.70335, 18.21453 ], [ 73.70235, 18.21262 ], [ 73.70018, 18.21363 ], [ 73.69914, 18.21285 ], [ 73.69759, 18.21355 ], [ 73.69623, 18.21339 ], [ 73.69555, 18.2123 ], [ 73.70103, 18.211 ], [ 73.70145, 18.20922 ], [ 73.70347, 18.20871 ], [ 73.70443, 18.20754 ], [ 73.70444, 18.20585 ], [ 73.70622, 18.20636 ], [ 73.70451, 18.20372 ], [ 73.7031, 18.20392 ], [ 73.703, 18.20125 ], [ 73.70116, 18.20101 ], [ 73.70204, 18.19987 ], [ 73.70148, 18.19552 ], [ 73.70406, 18.19483 ], [ 73.70523, 18.19591 ], [ 73.70605, 18.19561 ], [ 73.70503, 18.19831 ], [ 73.70735, 18.19782 ], [ 73.70686, 18.19891 ], [ 73.70809, 18.20083 ], [ 73.71394, 18.20129 ], [ 73.71533, 18.20679 ], [ 73.71786, 18.20964 ], [ 73.72529, 18.21012 ], [ 73.72781, 18.2119 ], [ 73.73016, 18.21219 ], [ 73.73085, 18.21399 ], [ 73.733, 18.2128 ], [ 73.73344, 18.21424 ], [ 73.73715, 18.21385 ], [ 73.74072, 18.21659 ], [ 73.74306, 18.21496 ], [ 73.74341, 18.21689 ], [ 73.74219, 18.21843 ], [ 73.74488, 18.22069 ], [ 73.74659, 18.22014 ], [ 73.7491, 18.22239 ], [ 73.75037, 18.22127 ], [ 73.75182, 18.22164 ], [ 73.75254, 18.22011 ], [ 73.7534, 18.22032 ], [ 73.75465, 18.2209 ], [ 73.7533, 18.22376 ], [ 73.75763, 18.22344 ], [ 73.75843, 18.22467 ], [ 73.75999, 18.22416 ], [ 73.76109, 18.22256 ], [ 73.76194, 18.22323 ], [ 73.76287, 18.2218 ], [ 73.76528, 18.22204 ], [ 73.76638, 18.22083 ], [ 73.76529, 18.21871 ], [ 73.76704, 18.21951 ], [ 73.76855, 18.21889 ], [ 73.76841, 18.21769 ], [ 73.76635, 18.21564 ], [ 73.76848, 18.2157 ], [ 73.76722, 18.21333 ], [ 73.76955, 18.21417 ], [ 73.7707, 18.21065 ], [ 73.77263, 18.20987 ], [ 73.77208, 18.20864 ], [ 73.77428, 18.20823 ], [ 73.77508, 18.20702 ], [ 73.77589, 18.20731 ], [ 73.77574, 18.20618 ], [ 73.77889, 18.20436 ], [ 73.7829, 18.20481 ], [ 73.78535, 18.20351 ], [ 73.78448, 18.2017 ], [ 73.7826, 18.20099 ], [ 73.783, 18.20019 ], [ 73.78129, 18.19815 ], [ 73.78019, 18.1981 ], [ 73.78117, 18.197 ], [ 73.77971, 18.19581 ], [ 73.78018, 18.19428 ], [ 73.77927, 18.19203 ], [ 73.78045, 18.19306 ], [ 73.78167, 18.1923 ], [ 73.78185, 18.19102 ], [ 73.78479, 18.19007 ], [ 73.78457, 18.19108 ], [ 73.78355, 18.19077 ], [ 73.78312, 18.19189 ], [ 73.78218, 18.19174 ], [ 73.78131, 18.19421 ], [ 73.78217, 18.19553 ], [ 73.78541, 18.19603 ], [ 73.7851, 18.19755 ], [ 73.7859, 18.19867 ], [ 73.78816, 18.19865 ], [ 73.78909, 18.20105 ], [ 73.79124, 18.20077 ], [ 73.79056, 18.20306 ], [ 73.79242, 18.2028 ], [ 73.79367, 18.20357 ], [ 73.79558, 18.20275 ], [ 73.79762, 18.19754 ], [ 73.79832, 18.20077 ], [ 73.80022, 18.20193 ], [ 73.8022, 18.20055 ], [ 73.80476, 18.20123 ], [ 73.80607, 18.19891 ], [ 73.80822, 18.19744 ], [ 73.80792, 18.1943 ], [ 73.81118, 18.19559 ], [ 73.81382, 18.19162 ], [ 73.81556, 18.19266 ], [ 73.81852, 18.19051 ], [ 73.821, 18.19112 ], [ 73.82143, 18.19008 ], [ 73.81976, 18.1859 ], [ 73.82068, 18.18428 ], [ 73.82327, 18.18686 ], [ 73.82485, 18.18505 ], [ 73.82888, 18.18446 ], [ 73.83078, 18.18273 ], [ 73.83219, 18.18309 ], [ 73.83261, 18.18141 ], [ 73.83068, 18.17896 ], [ 73.83151, 18.17802 ], [ 73.83141, 18.17607 ], [ 73.83372, 18.17818 ], [ 73.83656, 18.17836 ], [ 73.83623, 18.17571 ], [ 73.83797, 18.17512 ], [ 73.83754, 18.17454 ], [ 73.83937, 18.17497 ], [ 73.83991, 18.17276 ], [ 73.84147, 18.17296 ], [ 73.84375, 18.17107 ], [ 73.8475, 18.17319 ], [ 73.84733, 18.17563 ], [ 73.85271, 18.17816 ], [ 73.86101, 18.17476 ], [ 73.86728, 18.17603 ], [ 73.86939, 18.17395 ], [ 73.87141, 18.17385 ], [ 73.87129, 18.18015 ], [ 73.86876, 18.18354 ], [ 73.8682, 18.18288 ], [ 73.86607, 18.18506 ], [ 73.86585, 18.18805 ], [ 73.86392, 18.18768 ], [ 73.86294, 18.18934 ], [ 73.86311, 18.18736 ], [ 73.86155, 18.18591 ], [ 73.86141, 18.18793 ], [ 73.85952, 18.18697 ], [ 73.85821, 18.1893 ], [ 73.85693, 18.1858 ], [ 73.85514, 18.18668 ], [ 73.85334, 18.18561 ], [ 73.85277, 18.18811 ], [ 73.85158, 18.1877 ], [ 73.8528, 18.18989 ], [ 73.85189, 18.19224 ], [ 73.85246, 18.1899 ], [ 73.85044, 18.18784 ], [ 73.85099, 18.18711 ], [ 73.84862, 18.18603 ], [ 73.84756, 18.18429 ], [ 73.8465, 18.18512 ], [ 73.84553, 18.18328 ], [ 73.84428, 18.1828 ], [ 73.84331, 18.18618 ], [ 73.84114, 18.1868 ], [ 73.842, 18.18845 ], [ 73.84052, 18.1888 ], [ 73.83868, 18.19127 ], [ 73.8375, 18.19022 ], [ 73.83601, 18.19159 ], [ 73.83469, 18.19085 ], [ 73.83295, 18.19266 ], [ 73.83235, 18.19598 ], [ 73.82894, 18.19346 ], [ 73.82755, 18.19596 ], [ 73.82227, 18.19797 ], [ 73.82191, 18.20006 ], [ 73.81894, 18.19993 ], [ 73.81824, 18.20194 ], [ 73.81435, 18.20274 ], [ 73.81242, 18.20901 ], [ 73.81291, 18.20962 ], [ 73.81239, 18.20955 ], [ 73.81129, 18.20718 ], [ 73.81164, 18.20633 ], [ 73.80964, 18.20478 ], [ 73.80914, 18.20727 ], [ 73.80854, 18.20673 ], [ 73.80726, 18.20767 ], [ 73.80706, 18.20683 ], [ 73.80581, 18.20686 ], [ 73.80344, 18.20845 ], [ 73.80079, 18.20876 ], [ 73.80046, 18.21091 ], [ 73.80531, 18.21644 ], [ 73.80548, 18.21828 ], [ 73.80717, 18.21945 ], [ 73.80876, 18.22384 ], [ 73.81384, 18.22929 ] ] ] } },
{ "type": "Feature", "properties": { "lgd_block_name": "BHOR", "area_km2": 11.75 }, "geometry": { "type": "Polygon", "coordinates": [ [ [ 73.68304, 18.25999 ], [ 73.68217, 18.26124 ], [ 73.68095, 18.26087 ], [ 73.6797, 18.25958 ], [ 73.67949, 18.2576 ], [ 73.67539, 18.25704 ], [ 73.67728, 18.25278 ], [ 73.67691, 18.25178 ], [ 73.67429, 18.25425 ], [ 73.67201, 18.25395 ], [ 73.67436, 18.2499 ], [ 73.67461, 18.2478 ], [ 73.67132, 18.25002 ], [ 73.66927, 18.24663 ], [ 73.67014, 18.24254 ], [ 73.66039, 18.24398 ], [ 73.66173, 18.23333 ], [ 73.66097, 18.23027 ], [ 73.66245, 18.22756 ], [ 73.66512, 18.22708 ], [ 73.66666, 18.22451 ], [ 73.67357, 18.22651 ], [ 73.67285, 18.23003 ], [ 73.67621, 18.22983 ], [ 73.67762, 18.23089 ], [ 73.67822, 18.23331 ], [ 73.67966, 18.23203 ], [ 73.68076, 18.22724 ], [ 73.68247, 18.22535 ], [ 73.68355, 18.22556 ], [ 73.68574, 18.23013 ], [ 73.6877, 18.22825 ], [ 73.68932, 18.2279 ], [ 73.69164, 18.2312 ], [ 73.69188, 18.23307 ], [ 73.69287, 18.23227 ], [ 73.69405, 18.23305 ], [ 73.69514, 18.23208 ], [ 73.69526, 18.22961 ], [ 73.69725, 18.2285 ], [ 73.69816, 18.22886 ], [ 73.70029, 18.2336 ], [ 73.69969, 18.23924 ], [ 73.7112, 18.23989 ], [ 73.7087, 18.24455 ], [ 73.70359, 18.24609 ], [ 73.69932, 18.2447 ], [ 73.69907, 18.24801 ], [ 73.69726, 18.2492 ], [ 73.69812, 18.25095 ], [ 73.69698, 18.25742 ], [ 73.69174, 18.25804 ], [ 73.69034, 18.25704 ], [ 73.68871, 18.25909 ], [ 73.68596, 18.257 ], [ 73.68453, 18.25815 ], [ 73.68423, 18.26006 ], [ 73.68304, 18.25999 ] ] ] } },
{ "type": "Feature", "properties": { "lgd_block_name": "MULSHI", "area_km2": 1.62 }, "geometry": { "type": "Polygon", "coordinates": [ [ [ 73.63632, 18.4572 ], [ 73.63483, 18.45552 ], [ 73.6323, 18.45923 ], [ 73.63038, 18.45962 ], [ 73.6293, 18.45715 ], [ 73.62964, 18.45397 ], [ 73.63276, 18.45457 ], [ 73.63372, 18.45145 ], [ 73.6309, 18.45106 ], [ 73.62714, 18.44694 ], [ 73.62787, 18.44621 ], [ 73.6274, 18.44535 ], [ 73.62964, 18.44331 ], [ 73.63363, 18.44237 ], [ 73.63798, 18.44424 ], [ 73.64234, 18.44741 ], [ 73.64292, 18.44956 ], [ 73.63945, 18.45226 ], [ 73.63815, 18.4509 ], [ 73.63696, 18.45172 ], [ 73.63543, 18.45087 ], [ 73.63827, 18.45443 ], [ 73.63791, 18.45581 ], [ 73.63651, 18.45562 ], [ 73.63632, 18.4572 ] ] ] } },
{ "type": "Feature", "properties": { "lgd_block_name": "MULSHI", "area_km2": 3.11 }, "geometry": { "type": "Polygon", "coordinates": [ [ [ 73.64984, 18.46593 ], [ 73.6363, 18.46714 ], [ 73.63648, 18.46368 ], [ 73.63575, 18.46411 ], [ 73.63515, 18.46209 ], [ 73.63746, 18.45783 ], [ 73.63632, 18.45721 ], [ 73.63651, 18.45562 ], [ 73.63759, 18.456 ], [ 73.63831, 18.45483 ], [ 73.63543, 18.45087 ], [ 73.63696, 18.45172 ], [ 73.63815, 18.4509 ], [ 73.63945, 18.45226 ], [ 73.64408, 18.44876 ], [ 73.64771, 18.4486 ], [ 73.64892, 18.45104 ], [ 73.6515, 18.45087 ], [ 73.65506, 18.45393 ], [ 73.6554, 18.45475 ], [ 73.64984, 18.46593 ] ] ] } },
{ "type": "Feature", "properties": { "lgd_block_name": "HAVELI", "area_km2": 1.18 }, "geometry": { "type": "Polygon", "coordinates": [ [ [ 73.65988, 18.45452 ], [ 73.65796, 18.45533 ], [ 73.6554, 18.45475 ], [ 73.6515, 18.45087 ], [ 73.65033, 18.45079 ], [ 73.65476, 18.44264 ], [ 73.65473, 18.4336 ], [ 73.65521, 18.43592 ], [ 73.6592, 18.43532 ], [ 73.66019, 18.43761 ], [ 73.65858, 18.43866 ], [ 73.65896, 18.43955 ], [ 73.65713, 18.44437 ], [ 73.65776, 18.44441 ], [ 73.65988, 18.45452 ] ] ] } },
{ "type": "Feature", "properties": { "lgd_block_name": "HAVELI", "area_km2": 7.12 }, "geometry": { "type": "Polygon", "coordinates": [ [ [ 73.73173, 18.47303 ], [ 73.72913, 18.4718 ], [ 73.72535, 18.47186 ], [ 73.72316, 18.47006 ], [ 73.72157, 18.46711 ], [ 73.72053, 18.46755 ], [ 73.7144, 18.46617 ], [ 73.71366, 18.46268 ], [ 73.71465, 18.46032 ], [ 73.71379, 18.45884 ], [ 73.71456, 18.4545 ], [ 73.71271, 18.45153 ], [ 73.71231, 18.44565 ], [ 73.72123, 18.44425 ], [ 73.72773, 18.44569 ], [ 73.73548, 18.44527 ], [ 73.73711, 18.44742 ], [ 73.74315, 18.45645 ], [ 73.74046, 18.46177 ], [ 73.73493, 18.46457 ], [ 73.73303, 18.47125 ], [ 73.73173, 18.47303 ] ] ] } },
{ "type": "Feature", "properties": { "lgd_block_name": "HAVELI", "area_km2": 7.85 }, "geometry": { "type": "Polygon", "coordinates": [ [ [ 73.79854, 18.4666 ], [ 73.79625, 18.47187 ], [ 73.79618, 18.47505 ], [ 73.79289, 18.47886 ], [ 73.77778, 18.48058 ], [ 73.77764, 18.48435 ], [ 73.77531, 18.48857 ], [ 73.77412, 18.4888 ], [ 73.77015, 18.48505 ], [ 73.76596, 18.48292 ], [ 73.76234, 18.48343 ], [ 73.76334, 18.47132 ], [ 73.76725, 18.46114 ], [ 73.77246, 18.45954 ], [ 73.77306, 18.45854 ], [ 73.77606, 18.46051 ], [ 73.782, 18.46137 ], [ 73.78495, 18.46283 ], [ 73.79387, 18.46268 ], [ 73.79633, 18.46393 ], [ 73.79854, 18.4666 ] ] ] } },
{ "type": "Feature", "properties": { "lgd_block_name": "PUNE CITY", "area_km2": 7.48 }, "geometry": { "type": "Polygon", "coordinates": [ [ [ 73.80188, 18.49173 ], [ 73.79597, 18.49324 ], [ 73.78481, 18.50053 ], [ 73.78359, 18.50044 ], [ 73.78086, 18.49771 ], [ 73.77923, 18.4977 ], [ 73.77716, 18.49608 ], [ 73.77738, 18.49395 ], [ 73.77411, 18.4888 ], [ 73.77531, 18.48857 ], [ 73.7775, 18.48475 ], [ 73.77778, 18.48058 ], [ 73.79289, 18.47886 ], [ 73.79618, 18.47505 ], [ 73.79625, 18.47187 ], [ 73.79854, 18.4666 ], [ 73.80806, 18.47177 ], [ 73.81214, 18.47883 ], [ 73.80987, 18.48441 ], [ 73.80615, 18.48958 ], [ 73.8018, 18.49049 ], [ 73.80188, 18.49173 ] ] ] } },
{ "type": "Feature", "properties": { "lgd_block_name": "PUNE CITY", "area_km2": 1.56 }, "geometry": { "type": "Polygon", "coordinates": [ [ [ 73.80806, 18.47177 ], [ 73.79854, 18.4666 ], [ 73.80011, 18.46607 ], [ 73.79969, 18.46342 ], [ 73.80148, 18.46165 ], [ 73.80051, 18.46046 ], [ 73.80185, 18.45707 ], [ 73.8132, 18.45944 ], [ 73.80904, 18.47115 ], [ 73.80806, 18.47177 ] ] ] } },
{ "type": "Feature", "properties": { "lgd_block_name": "PUNE CITY", "area_km2": 3.63 }, "geometry": { "type": "Polygon", "coordinates": [ [ [ 73.82563, 18.48412 ], [ 73.83315, 18.49622 ], [ 73.83623, 18.49934 ], [ 73.83709, 18.50283 ], [ 73.83435, 18.50219 ], [ 73.83352, 18.49967 ], [ 73.83185, 18.49811 ], [ 73.8299, 18.49764 ], [ 73.82781, 18.49905 ], [ 73.82106, 18.49759 ], [ 73.81793, 18.49409 ], [ 73.81245, 18.49252 ], [ 73.80731, 18.49234 ], [ 73.80632, 18.49077 ], [ 73.80188, 18.49173 ], [ 73.8018, 18.49049 ], [ 73.80615, 18.48958 ], [ 73.80987, 18.48441 ], [ 73.81214, 18.47884 ], [ 73.82563, 18.48412 ] ] ] } },
{ "type": "Feature", "properties": { "lgd_block_name": "PUNE CITY", "area_km2": 2.05 }, "geometry": { "type": "Polygon", "coordinates": [ [ [ 73.82178, 18.48284 ], [ 73.82283, 18.48184 ], [ 73.82141, 18.48072 ], [ 73.82143, 18.47398 ], [ 73.82792, 18.47335 ], [ 73.82797, 18.47526 ], [ 73.82857, 18.47397 ], [ 73.83195, 18.4727 ], [ 73.83691, 18.47329 ], [ 73.83789, 18.47259 ], [ 73.8404, 18.47524 ], [ 73.84016, 18.47647 ], [ 73.83549, 18.47704 ], [ 73.83414, 18.47807 ], [ 73.83741, 18.48109 ], [ 73.83686, 18.48328 ], [ 73.83119, 18.48449 ], [ 73.83095, 18.48666 ], [ 73.82777, 18.48818 ], [ 73.82667, 18.48501 ], [ 73.82337, 18.48283 ], [ 73.82178, 18.48284 ] ] ] } },
{ "type": "Feature", "properties": { "lgd_block_name": "PUNE CITY", "area_km2": 3.06 }, "geometry": { "type": "Polygon", "coordinates": [ [ [ 73.84618, 18.46472 ], [ 73.84665, 18.45756 ], [ 73.84875, 18.4578 ], [ 73.8499, 18.45643 ], [ 73.8528, 18.45754 ], [ 73.85747, 18.45761 ], [ 73.85741, 18.45912 ], [ 73.85831, 18.45976 ], [ 73.86338, 18.45952 ], [ 73.86342, 18.46342 ], [ 73.86228, 18.46418 ], [ 73.86056, 18.46996 ], [ 73.85724, 18.47239 ], [ 73.85727, 18.47537 ], [ 73.85598, 18.476 ], [ 73.85479, 18.47453 ], [ 73.84383, 18.47454 ], [ 73.84358, 18.47216 ], [ 73.84618, 18.46472 ] ] ] } },
{ "type": "Feature", "properties": { "lgd_block_name": "PUNE CITY", "area_km2": 4.3 }, "geometry": { "type": "Polygon", "coordinates": [ [ [ 73.84618, 18.46472 ], [ 73.84242, 18.46429 ], [ 73.8427, 18.46262 ], [ 73.84077, 18.46241 ], [ 73.83942, 18.46428 ], [ 73.83715, 18.46522 ], [ 73.83255, 18.46425 ], [ 73.83209, 18.46155 ], [ 73.82603, 18.46145 ], [ 73.82607, 18.45825 ], [ 73.82883, 18.4563 ], [ 73.82843, 18.45451 ], [ 73.83037, 18.45129 ], [ 73.83419, 18.45047 ], [ 73.83467, 18.44547 ], [ 73.83948, 18.44497 ], [ 73.84162, 18.44591 ], [ 73.84307, 18.44437 ], [ 73.84687, 18.4448 ], [ 73.85165, 18.44299 ], [ 73.85223, 18.44691 ], [ 73.85123, 18.44803 ], [ 73.85082, 18.45697 ], [ 73.8499, 18.45643 ], [ 73.84875, 18.4578 ], [ 73.84666, 18.45755 ], [ 73.84618, 18.46472 ] ] ] } },
{ "type": "Feature", "properties": { "lgd_block_name": "HAVELI", "area_km2": 3.92 }, "geometry": { "type": "Polygon", "coordinates": [ [ [ 73.85165, 18.44299 ], [ 73.84687, 18.4448 ], [ 73.84307, 18.44437 ], [ 73.84162, 18.44591 ], [ 73.83948, 18.44497 ], [ 73.83514, 18.44551 ], [ 73.83608, 18.43707 ], [ 73.83484, 18.42941 ], [ 73.83346, 18.42747 ], [ 73.82997, 18.42606 ], [ 73.82955, 18.42463 ], [ 73.82862, 18.42448 ], [ 73.82706, 18.4199 ], [ 73.82505, 18.4179 ], [ 73.83151, 18.41824 ], [ 73.82792, 18.41944 ], [ 73.82853, 18.42054 ], [ 73.83324, 18.42128 ], [ 73.83394, 18.42407 ], [ 73.83581, 18.42645 ], [ 73.83581, 18.42834 ], [ 73.83742, 18.42958 ], [ 73.8371, 18.43142 ], [ 73.83889, 18.43274 ], [ 73.83922, 18.43176 ], [ 73.84083, 18.43306 ], [ 73.84269, 18.42929 ], [ 73.84759, 18.42489 ], [ 73.85005, 18.42378 ], [ 73.85451, 18.43441 ], [ 73.85165, 18.44299 ] ] ] } },
{ "type": "Feature", "properties": { "lgd_block_name": "HAVELI", "area_km2": 12.33 }, "geometry": { "type": "Polygon", "coordinates": [ [ [ 73.81756, 18.45643 ], [ 73.81319, 18.45945 ], [ 73.8052, 18.45744 ], [ 73.79681, 18.4565 ], [ 73.79717, 18.45466 ], [ 73.7949, 18.45293 ], [ 73.79484, 18.45152 ], [ 73.79596, 18.45125 ], [ 73.79709, 18.4456 ], [ 73.79812, 18.44544 ], [ 73.80138, 18.43399 ], [ 73.80163, 18.427 ], [ 73.80623, 18.42056 ], [ 73.80932, 18.41802 ], [ 73.80938, 18.41519 ], [ 73.81252, 18.40999 ], [ 73.81612, 18.40905 ], [ 73.82124, 18.40493 ], [ 73.82167, 18.41558 ], [ 73.82706, 18.4199 ], [ 73.82877, 18.42599 ], [ 73.82518, 18.43745 ], [ 73.82259, 18.44165 ], [ 73.81756, 18.45643 ] ] ] } },
{ "type": "Feature", "properties": { "lgd_block_name": "HAVELI", "area_km2": 3.27 }, "geometry": { "type": "Polygon", "coordinates": [ [ [ 73.85356, 18.35725 ], [ 73.85004, 18.35817 ], [ 73.84578, 18.36081 ], [ 73.84216, 18.35643 ], [ 73.83404, 18.35133 ], [ 73.82964, 18.34998 ], [ 73.8308, 18.3467 ], [ 73.83307, 18.34652 ], [ 73.83608, 18.3414 ], [ 73.84045, 18.34009 ], [ 73.8424, 18.339 ], [ 73.84254, 18.33714 ], [ 73.84371, 18.33721 ], [ 73.84478, 18.34262 ], [ 73.84834, 18.34348 ], [ 73.84864, 18.34475 ], [ 73.85091, 18.34427 ], [ 73.85113, 18.34568 ], [ 73.84892, 18.34574 ], [ 73.85013, 18.34789 ], [ 73.85169, 18.34818 ], [ 73.85356, 18.35725 ] ] ] } },
{ "type": "Feature", "properties": { "lgd_block_name": "HAVELI", "area_km2": 3.92 }, "geometry": { "type": "Polygon", "coordinates": [ [ [ 73.86589, 18.35372 ], [ 73.85356, 18.35725 ], [ 73.85169, 18.34818 ], [ 73.85013, 18.34789 ], [ 73.84892, 18.34574 ], [ 73.85113, 18.34568 ], [ 73.85091, 18.34427 ], [ 73.84864, 18.34475 ], [ 73.84834, 18.34348 ], [ 73.84478, 18.34262 ], [ 73.84371, 18.33719 ], [ 73.84615, 18.33391 ], [ 73.84526, 18.33282 ], [ 73.8466, 18.33187 ], [ 73.84767, 18.32926 ], [ 73.84834, 18.32329 ], [ 73.85026, 18.32387 ], [ 73.85476, 18.32774 ], [ 73.86324, 18.33626 ], [ 73.85902, 18.34152 ], [ 73.85522, 18.34145 ], [ 73.85292, 18.34312 ], [ 73.85386, 18.34438 ], [ 73.85522, 18.34358 ], [ 73.85467, 18.34541 ], [ 73.85526, 18.34663 ], [ 73.85639, 18.34591 ], [ 73.85817, 18.3472 ], [ 73.86013, 18.35147 ], [ 73.86122, 18.35127 ], [ 73.86589, 18.35372 ] ] ] } },
{ "type": "Feature", "properties": { "lgd_block_name": "HAVELI", "area_km2": 1.99 }, "geometry": { "type": "Polygon", "coordinates": [ [ [ 73.8308, 18.3467 ], [ 73.83124, 18.34361 ], [ 73.83209, 18.34298 ], [ 73.83164, 18.33764 ], [ 73.83292, 18.33799 ], [ 73.83896, 18.33351 ], [ 73.8398, 18.33188 ], [ 73.8393, 18.33119 ], [ 73.84125, 18.32883 ], [ 73.84058, 18.32803 ], [ 73.84155, 18.32478 ], [ 73.84338, 18.32387 ], [ 73.84553, 18.31906 ], [ 73.84821, 18.31947 ], [ 73.84904, 18.32146 ], [ 73.84767, 18.32926 ], [ 73.8466, 18.33187 ], [ 73.84526, 18.33282 ], [ 73.84615, 18.33391 ], [ 73.84521, 18.33555 ], [ 73.84371, 18.33721 ], [ 73.84254, 18.33714 ], [ 73.8424, 18.339 ], [ 73.83608, 18.3414 ], [ 73.83307, 18.34652 ], [ 73.8308, 18.3467 ] ] ] } },
{ "type": "Feature", "properties": { "lgd_block_name": "HAVELI", "area_km2": 1.59 }, "geometry": { "type": "Polygon", "coordinates": [ [ [ 73.80111, 18.3582 ], [ 73.7991, 18.35754 ], [ 73.7998, 18.35593 ], [ 73.7974, 18.35356 ], [ 73.79744, 18.35243 ], [ 73.79467, 18.35207 ], [ 73.7952, 18.35092 ], [ 73.79395, 18.34931 ], [ 73.79449, 18.34809 ], [ 73.79581, 18.34785 ], [ 73.79564, 18.3466 ], [ 73.79879, 18.3446 ], [ 73.80097, 18.34526 ], [ 73.80087, 18.34348 ], [ 73.80351, 18.34489 ], [ 73.80525, 18.34372 ], [ 73.80662, 18.34568 ], [ 73.80765, 18.3447 ], [ 73.80944, 18.34527 ], [ 73.80886, 18.34378 ], [ 73.81147, 18.34489 ], [ 73.81253, 18.34408 ], [ 73.81056, 18.34817 ], [ 73.81178, 18.34878 ], [ 73.81165, 18.3498 ], [ 73.80564, 18.35062 ], [ 73.80111, 18.3582 ] ] ] } },
{ "type": "Feature", "properties": { "lgd_block_name": "BHOR", "area_km2": 13.47 }, "geometry": { "type": "Polygon", "coordinates": [ [ [ 73.90195, 18.32532 ], [ 73.90122, 18.32846 ], [ 73.89758, 18.32254 ], [ 73.89393, 18.32005 ], [ 73.89133, 18.31419 ], [ 73.88734, 18.30931 ], [ 73.88301, 18.30181 ], [ 73.88142, 18.29698 ], [ 73.88234, 18.29187 ], [ 73.88507, 18.29232 ], [ 73.88853, 18.29049 ], [ 73.89116, 18.29093 ], [ 73.89263, 18.29028 ], [ 73.89446, 18.29109 ], [ 73.89755, 18.2906 ], [ 73.90127, 18.2915 ], [ 73.90657, 18.2901 ], [ 73.91025, 18.29514 ], [ 73.92457, 18.30498 ], [ 73.93296, 18.3091 ], [ 73.93245, 18.31234 ], [ 73.92903, 18.31311 ], [ 73.92423, 18.31668 ], [ 73.92357, 18.31807 ], [ 73.92432, 18.32089 ], [ 73.92244, 18.32414 ], [ 73.92019, 18.32301 ], [ 73.91482, 18.32584 ], [ 73.91006, 18.32354 ], [ 73.90985, 18.32267 ], [ 73.90195, 18.32532 ] ] ] } },
{ "type": "Feature", "properties": { "lgd_block_name": "HAVELI", "area_km2": 6.78 }, "geometry": { "type": "Polygon", "coordinates": [ [ [ 73.90036, 18.44092 ], [ 73.8952, 18.43947 ], [ 73.89361, 18.44353 ], [ 73.89017, 18.44514 ], [ 73.88986, 18.44141 ], [ 73.8841, 18.44004 ], [ 73.88471, 18.44163 ], [ 73.88136, 18.43749 ], [ 73.88109, 18.43273 ], [ 73.87965, 18.42838 ], [ 73.8827, 18.42208 ], [ 73.89198, 18.4102 ], [ 73.90258, 18.40951 ], [ 73.90485, 18.41433 ], [ 73.90399, 18.41439 ], [ 73.90219, 18.41836 ], [ 73.90212, 18.4358 ], [ 73.90036, 18.44092 ] ] ] } },
{ "type": "Feature", "properties": { "lgd_block_name": "PUNE CITY", "area_km2": 6.56 }, "geometry": { "type": "Polygon", "coordinates": [ [ [ 73.86739, 18.45858 ], [ 73.85831, 18.45976 ], [ 73.85741, 18.45912 ], [ 73.85747, 18.45761 ], [ 73.85082, 18.45697 ], [ 73.85123, 18.44803 ], [ 73.85223, 18.44691 ], [ 73.85152, 18.44331 ], [ 73.85277, 18.44141 ], [ 73.85413, 18.43496 ], [ 73.85555, 18.43355 ], [ 73.85949, 18.43316 ], [ 73.86129, 18.43469 ], [ 73.86152, 18.436 ], [ 73.86414, 18.43404 ], [ 73.8653, 18.43178 ], [ 73.86761, 18.43252 ], [ 73.86751, 18.43389 ], [ 73.87018, 18.43876 ], [ 73.87337, 18.43752 ], [ 73.8765, 18.43938 ], [ 73.87804, 18.43782 ], [ 73.87989, 18.42993 ], [ 73.88109, 18.43273 ], [ 73.88154, 18.43744 ], [ 73.87878, 18.43815 ], [ 73.87495, 18.44519 ], [ 73.87325, 18.45889 ], [ 73.86739, 18.45858 ] ] ] } },
{ "type": "Feature", "properties": { "lgd_block_name": "PUNE CITY", "area_km2": 6.62 }, "geometry": { "type": "Polygon", "coordinates": [ [ [ 73.9005, 18.46504 ], [ 73.87752, 18.46425 ], [ 73.87781, 18.46034 ], [ 73.87464, 18.4603 ], [ 73.87466, 18.45871 ], [ 73.87328, 18.45839 ], [ 73.87473, 18.4459 ], [ 73.87878, 18.43815 ], [ 73.88147, 18.43751 ], [ 73.88471, 18.44163 ], [ 73.8841, 18.44004 ], [ 73.88986, 18.44141 ], [ 73.89017, 18.44514 ], [ 73.89361, 18.44353 ], [ 73.8952, 18.43947 ], [ 73.90036, 18.44092 ], [ 73.8979, 18.44464 ], [ 73.89782, 18.44647 ], [ 73.89897, 18.45948 ], [ 73.89971, 18.45995 ], [ 73.9005, 18.46504 ] ] ] } },
{ "type": "Feature", "properties": { "lgd_block_name": "PUNE CITY", "area_km2": 4.92 }, "geometry": { "type": "Polygon", "coordinates": [ [ [ 73.9005, 18.46504 ], [ 73.90426, 18.46752 ], [ 73.90606, 18.47576 ], [ 73.90841, 18.4803 ], [ 73.8906, 18.48326 ], [ 73.88804, 18.48144 ], [ 73.88863, 18.48061 ], [ 73.88723, 18.47913 ], [ 73.88116, 18.47862 ], [ 73.87963, 18.47571 ], [ 73.87957, 18.47149 ], [ 73.87814, 18.47051 ], [ 73.87947, 18.4667 ], [ 73.87866, 18.4644 ], [ 73.9005, 18.46504 ] ] ] } },
{ "type": "Feature", "properties": { "lgd_block_name": "PUNE CITY", "area_km2": 6.92 }, "geometry": { "type": "Polygon", "coordinates": [ [ [ 73.91163, 18.4898 ], [ 73.91156, 18.48429 ], [ 73.91006, 18.48343 ], [ 73.90606, 18.47576 ], [ 73.90426, 18.46752 ], [ 73.9005, 18.46504 ], [ 73.90428, 18.46361 ], [ 73.91837, 18.46274 ], [ 73.92079, 18.46008 ], [ 73.92299, 18.46003 ], [ 73.92451, 18.45774 ], [ 73.9289, 18.46304 ], [ 73.92805, 18.47239 ], [ 73.92967, 18.48405 ], [ 73.92651, 18.48478 ], [ 73.92809, 18.48869 ], [ 73.91163, 18.4898 ] ] ] } },
{ "type": "Feature", "properties": { "lgd_block_name": "HAVELI", "area_km2": 4.85 }, "geometry": { "type": "Polygon", "coordinates": [ [ [ 73.9005, 18.46504 ], [ 73.89971, 18.45995 ], [ 73.90169, 18.46045 ], [ 73.90413, 18.45927 ], [ 73.90423, 18.45848 ], [ 73.91093, 18.45627 ], [ 73.91162, 18.45438 ], [ 73.91057, 18.45073 ], [ 73.91087, 18.4458 ], [ 73.90927, 18.43862 ], [ 73.90944, 18.43546 ], [ 73.91234, 18.43579 ], [ 73.91428, 18.43358 ], [ 73.91767, 18.43504 ], [ 73.91801, 18.43738 ], [ 73.9252, 18.44249 ], [ 73.9254, 18.45815 ], [ 73.92451, 18.45774 ], [ 73.92299, 18.46003 ], [ 73.92079, 18.46008 ], [ 73.91837, 18.46274 ], [ 73.90428, 18.46361 ], [ 73.9005, 18.46504 ] ] ] } },
{ "type": "Feature", "properties": { "lgd_block_name": "PUNE CITY", "area_km2": 20.45 }, "geometry": { "type": "Polygon", "coordinates": [ [ [ 73.95681, 18.49349 ], [ 73.95877, 18.50416 ], [ 73.9514, 18.50434 ], [ 73.9499, 18.51095 ], [ 73.95088, 18.52411 ], [ 73.94049, 18.52485 ], [ 73.9313, 18.5239 ], [ 73.91746, 18.51992 ], [ 73.90936, 18.5197 ], [ 73.90842, 18.50994 ], [ 73.91284, 18.50633 ], [ 73.91291, 18.4953 ], [ 73.9114, 18.49134 ], [ 73.91206, 18.49097 ], [ 73.91163, 18.4898 ], [ 73.92809, 18.48869 ], [ 73.92651, 18.48478 ], [ 73.92967, 18.48405 ], [ 73.92805, 18.47239 ], [ 73.9289, 18.46299 ], [ 73.93054, 18.46502 ], [ 73.93751, 18.46608 ], [ 73.93989, 18.46833 ], [ 73.94222, 18.47211 ], [ 73.9451, 18.48379 ], [ 73.94739, 18.48701 ], [ 73.94971, 18.4937 ], [ 73.95681, 18.49349 ] ] ] } },
{ "type": "Feature", "properties": { "lgd_block_name": "HAVELI", "area_km2": 17.59 }, "geometry": { "type": "Polygon", "coordinates": [ [ [ 73.96455, 18.49289 ], [ 73.94971, 18.4937 ], [ 73.94739, 18.48701 ], [ 73.9451, 18.48379 ], [ 73.94257, 18.47367 ], [ 73.94645, 18.46975 ], [ 73.964, 18.4653 ], [ 73.96574, 18.46122 ], [ 73.96677, 18.46159 ], [ 73.97101, 18.46019 ], [ 73.97072, 18.45836 ], [ 73.99627, 18.45734 ], [ 74.00254, 18.47348 ], [ 74.00635, 18.48808 ], [ 73.99831, 18.4914 ], [ 73.98923, 18.49207 ], [ 73.98971, 18.48965 ], [ 73.98819, 18.48873 ], [ 73.9874, 18.48667 ], [ 73.9857, 18.48641 ], [ 73.98505, 18.48526 ], [ 73.98336, 18.48588 ], [ 73.97888, 18.47967 ], [ 73.97599, 18.48162 ], [ 73.97373, 18.48096 ], [ 73.97102, 18.48239 ], [ 73.96722, 18.48137 ], [ 73.96546, 18.48201 ], [ 73.96224, 18.48575 ], [ 73.96263, 18.48788 ], [ 73.96571, 18.49099 ], [ 73.9657, 18.492 ], [ 73.96455, 18.49289 ] ] ] } },
{ "type": "Feature", "properties": { "lgd_block_name": "HAVELI", "area_km2": 10.69 }, "geometry": { "type": "Polygon", "coordinates": [ [ [ 73.94257, 18.47367 ], [ 73.94139, 18.47059 ], [ 73.93818, 18.46686 ], [ 73.93889, 18.4583 ], [ 73.9357, 18.45842 ], [ 73.93576, 18.4567 ], [ 73.9349, 18.45635 ], [ 73.93699, 18.44676 ], [ 73.94484, 18.44643 ], [ 73.94506, 18.44132 ], [ 73.9471, 18.43928 ], [ 73.9478, 18.436 ], [ 73.95044, 18.43431 ], [ 73.95289, 18.43321 ], [ 73.96202, 18.43493 ], [ 73.96446, 18.43719 ], [ 73.96437, 18.44151 ], [ 73.96781, 18.443 ], [ 73.9684, 18.44618 ], [ 73.97068, 18.45004 ], [ 73.96953, 18.45678 ], [ 73.97101, 18.46019 ], [ 73.96677, 18.46159 ], [ 73.96574, 18.46122 ], [ 73.964, 18.4653 ], [ 73.94645, 18.46975 ], [ 73.94257, 18.47367 ] ] ] } },
{ "type": "Feature", "properties": { "lgd_block_name": "HAVELI", "area_km2": 9.92 }, "geometry": { "type": "Polygon", "coordinates": [ [ [ 74.08868, 18.42507 ], [ 74.07377, 18.41917 ], [ 74.07315, 18.42121 ], [ 74.0721, 18.42089 ], [ 74.06624, 18.41876 ], [ 74.06321, 18.41625 ], [ 74.0646, 18.42154 ], [ 74.06446, 18.42489 ], [ 74.06806, 18.42495 ], [ 74.07038, 18.42609 ], [ 74.07218, 18.42519 ], [ 74.07339, 18.42616 ], [ 74.07011, 18.42834 ], [ 74.06984, 18.43576 ], [ 74.06777, 18.43916 ], [ 74.06874, 18.44144 ], [ 74.06701, 18.44036 ], [ 74.0632, 18.44114 ], [ 74.06341, 18.44332 ], [ 74.05441, 18.44074 ], [ 74.04917, 18.44104 ], [ 74.04963, 18.44514 ], [ 74.04651, 18.43906 ], [ 74.04699, 18.43313 ], [ 74.04531, 18.43062 ], [ 74.04171, 18.42854 ], [ 74.03698, 18.42372 ], [ 74.03837, 18.41754 ], [ 74.0487, 18.41254 ], [ 74.05111, 18.41215 ], [ 74.05857, 18.41343 ], [ 74.06191, 18.41145 ], [ 74.06908, 18.41086 ], [ 74.07079, 18.41423 ], [ 74.07198, 18.41488 ], [ 74.08242, 18.41822 ], [ 74.08535, 18.41853 ], [ 74.08713, 18.41781 ], [ 74.08861, 18.41989 ], [ 74.08868, 18.42507 ] ] ] } },
{ "type": "Feature", "properties": { "lgd_block_name": "PURANDAR", "area_km2": 2.46 }, "geometry": { "type": "Polygon", "coordinates": [ [ [ 74.09646, 18.36402 ], [ 74.09232, 18.3637 ], [ 74.09102, 18.3628 ], [ 74.09115, 18.36051 ], [ 74.08894, 18.35436 ], [ 74.08873, 18.34746 ], [ 74.08462, 18.34302 ], [ 74.08115, 18.33611 ], [ 74.081, 18.33271 ], [ 74.08239, 18.33299 ], [ 74.08599, 18.33137 ], [ 74.08867, 18.32895 ], [ 74.09232, 18.33773 ], [ 74.09381, 18.35601 ], [ 74.09646, 18.36402 ] ] ] } },
{ "type": "Feature", "properties": { "lgd_block_name": "PURANDAR", "area_km2": 22.76 }, "geometry": { "type": "Polygon", "coordinates": [ [ [ 74.02724, 18.36984 ], [ 74.023, 18.36809 ], [ 74.02091, 18.36582 ], [ 74.016, 18.36454 ], [ 74.01496, 18.36246 ], [ 74.01198, 18.36419 ], [ 74.00571, 18.34538 ], [ 74.00428, 18.34538 ], [ 74.00338, 18.34399 ], [ 74.00119, 18.34533 ], [ 73.9934, 18.34629 ], [ 73.99337, 18.3423 ], [ 73.99732, 18.34061 ], [ 73.99689, 18.33297 ], [ 73.99919, 18.33266 ], [ 73.99998, 18.32889 ], [ 73.99948, 18.32305 ], [ 74.0085, 18.32485 ], [ 74.01654, 18.32479 ], [ 74.02423, 18.32643 ], [ 74.02713, 18.32564 ], [ 74.02686, 18.32455 ], [ 74.02988, 18.32391 ], [ 74.02861, 18.31941 ], [ 74.0323, 18.32111 ], [ 74.05083, 18.31937 ], [ 74.05371, 18.3405 ], [ 74.0554, 18.34056 ], [ 74.05653, 18.34189 ], [ 74.05503, 18.35265 ], [ 74.0486, 18.34749 ], [ 74.04479, 18.34571 ], [ 74.04252, 18.34744 ], [ 74.04317, 18.35034 ], [ 74.04101, 18.35153 ], [ 74.04145, 18.35477 ], [ 74.04081, 18.35572 ], [ 74.04196, 18.35724 ], [ 74.0387, 18.36017 ], [ 74.03835, 18.36208 ], [ 74.03687, 18.36219 ], [ 74.03069, 18.36704 ], [ 74.03043, 18.36889 ], [ 74.02898, 18.36915 ], [ 74.02853, 18.36818 ], [ 74.02724, 18.36984 ] ] ] } },
{ "type": "Feature", "properties": { "lgd_block_name": "PURANDAR", "area_km2": 7.56 }, "geometry": { "type": "Polygon", "coordinates": [ [ [ 74.04512, 18.24314 ], [ 74.04145, 18.24247 ], [ 74.03683, 18.24396 ], [ 74.03219, 18.2436 ], [ 74.03273, 18.24279 ], [ 74.03008, 18.23944 ], [ 74.02431, 18.23776 ], [ 74.02027, 18.23549 ], [ 74.01731, 18.2311 ], [ 74.01981, 18.2324 ], [ 74.01972, 18.23051 ], [ 74.0213, 18.22953 ], [ 74.0236, 18.23374 ], [ 74.02505, 18.23264 ], [ 74.0261, 18.23337 ], [ 74.02849, 18.23229 ], [ 74.0349, 18.22316 ], [ 74.03423, 18.22039 ], [ 74.03485, 18.22014 ], [ 74.03299, 18.21433 ], [ 74.03505, 18.21362 ], [ 74.0374, 18.21078 ], [ 74.04281, 18.20867 ], [ 74.0444, 18.21119 ], [ 74.04999, 18.21582 ], [ 74.05025, 18.21756 ], [ 74.05306, 18.22161 ], [ 74.05296, 18.22478 ], [ 74.05389, 18.22701 ], [ 74.0537, 18.23098 ], [ 74.04885, 18.23457 ], [ 74.04953, 18.2381 ], [ 74.04645, 18.24025 ], [ 74.04512, 18.24314 ] ] ] } },
{ "type": "Feature", "properties": { "lgd_block_name": "PURANDAR", "area_km2": 32.08 }, "geometry": { "type": "Polygon", "coordinates": [ [ [ 74.09642, 18.2593 ], [ 74.09308, 18.25987 ], [ 74.0855, 18.25605 ], [ 74.08611, 18.25542 ], [ 74.08365, 18.25242 ], [ 74.07375, 18.25003 ], [ 74.07198, 18.2488 ], [ 74.07083, 18.24613 ], [ 74.07277, 18.24294 ], [ 74.07513, 18.2345 ], [ 74.07781, 18.23059 ], [ 74.07881, 18.22524 ], [ 74.07824, 18.21664 ], [ 74.06997, 18.2156 ], [ 74.0671, 18.21103 ], [ 74.07124, 18.20618 ], [ 74.07008, 18.2027 ], [ 74.07074, 18.19898 ], [ 74.06824, 18.19623 ], [ 74.068, 18.19415 ], [ 74.0713, 18.18953 ], [ 74.07159, 18.186 ], [ 74.0732, 18.18212 ], [ 74.07196, 18.18093 ], [ 74.07183, 18.17823 ], [ 74.07205, 18.17734 ], [ 74.07318, 18.17719 ], [ 74.07387, 18.17491 ], [ 74.08721, 18.17426 ], [ 74.09214, 18.17763 ], [ 74.093, 18.17752 ], [ 74.09356, 18.1759 ], [ 74.1011, 18.17568 ], [ 74.10365, 18.18099 ], [ 74.10629, 18.1816 ], [ 74.10461, 18.18763 ], [ 74.10698, 18.19126 ], [ 74.10746, 18.19407 ], [ 74.10861, 18.19445 ], [ 74.11132, 18.19805 ], [ 74.11445, 18.19916 ], [ 74.11813, 18.20214 ], [ 74.11716, 18.20347 ], [ 74.11767, 18.20615 ], [ 74.11664, 18.20752 ], [ 74.11694, 18.21034 ], [ 74.11391, 18.21479 ], [ 74.11455, 18.21729 ], [ 74.11257, 18.21976 ], [ 74.1134, 18.22213 ], [ 74.11166, 18.22588 ], [ 74.10872, 18.2277 ], [ 74.10695, 18.23092 ], [ 74.1051, 18.23117 ], [ 74.10126, 18.23469 ], [ 74.10224, 18.23785 ], [ 74.10017, 18.23942 ], [ 74.10056, 18.24078 ], [ 74.09627, 18.24808 ], [ 74.09856, 18.25197 ], [ 74.09814, 18.25566 ], [ 74.09642, 18.2593 ] ] ] } },
{ "type": "Feature", "properties": { "lgd_block_name": "PURANDAR", "area_km2": 1.01 }, "geometry": { "type": "Polygon", "coordinates": [ [ [ 74.07641, 18.14636 ], [ 74.07081, 18.14386 ], [ 74.07222, 18.14265 ], [ 74.07579, 18.14284 ], [ 74.07625, 18.14163 ], [ 74.08021, 18.14044 ], [ 74.08267, 18.13637 ], [ 74.08902, 18.13691 ], [ 74.09083, 18.13855 ], [ 74.09087, 18.14037 ], [ 74.08917, 18.14212 ], [ 74.0803, 18.14328 ], [ 74.07983, 18.14557 ], [ 74.07887, 18.14471 ], [ 74.07641, 18.14636 ] ] ] } },
{ "type": "Feature", "properties": { "lgd_block_name": "PURANDAR", "area_km2": 2.35 }, "geometry": { "type": "Polygon", "coordinates": [ [ [ 74.12693, 18.14238 ], [ 74.12446, 18.14693 ], [ 74.12493, 18.15203 ], [ 74.12362, 18.156 ], [ 74.11425, 18.15608 ], [ 74.11277, 18.15902 ], [ 74.10952, 18.15965 ], [ 74.10848, 18.15476 ], [ 74.10935, 18.15089 ], [ 74.11414, 18.14923 ], [ 74.11462, 18.14734 ], [ 74.11817, 18.14567 ], [ 74.11346, 18.14442 ], [ 74.11266, 18.14247 ], [ 74.11646, 18.14161 ], [ 74.11676, 18.13592 ], [ 74.11778, 18.13658 ], [ 74.11855, 18.14096 ], [ 74.11787, 18.14206 ], [ 74.12693, 18.14238 ] ] ] } },
{ "type": "Feature", "properties": { "lgd_block_name": "PURANDAR", "area_km2": 7.88 }, "geometry": { "type": "Polygon", "coordinates": [ [ [ 74.08284, 18.17468 ], [ 74.08256, 18.16782 ], [ 74.08485, 18.16066 ], [ 74.0843, 18.15859 ], [ 74.08735, 18.15244 ], [ 74.08971, 18.1507 ], [ 74.0954, 18.15217 ], [ 74.10165, 18.14997 ], [ 74.10713, 18.15024 ], [ 74.11203, 18.14481 ], [ 74.11345, 18.14442 ], [ 74.11811, 18.14549 ], [ 74.11462, 18.14734 ], [ 74.11414, 18.14923 ], [ 74.10935, 18.15089 ], [ 74.10848, 18.15476 ], [ 74.10885, 18.15772 ], [ 74.10952, 18.15965 ], [ 74.11155, 18.15925 ], [ 74.10823, 18.16978 ], [ 74.10881, 18.1754 ], [ 74.10629, 18.1816 ], [ 74.10365, 18.18099 ], [ 74.10102, 18.17565 ], [ 74.09356, 18.1759 ], [ 74.093, 18.17752 ], [ 74.09214, 18.17763 ], [ 74.08721, 18.17426 ], [ 74.08284, 18.17468 ] ] ] } },
{ "type": "Feature", "properties": { "lgd_block_name": "PURANDAR", "area_km2": 5.4 }, "geometry": { "type": "Polygon", "coordinates": [ [ [ 74.14732, 18.21489 ], [ 74.14549, 18.21845 ], [ 74.14278, 18.22097 ], [ 74.13993, 18.22051 ], [ 74.13822, 18.21874 ], [ 74.13354, 18.21729 ], [ 74.13213, 18.21482 ], [ 74.12736, 18.21139 ], [ 74.12193, 18.21113 ], [ 74.11708, 18.20977 ], [ 74.11716, 18.20347 ], [ 74.11803, 18.20235 ], [ 74.12137, 18.2017 ], [ 74.12262, 18.19889 ], [ 74.12869, 18.19671 ], [ 74.1311, 18.1926 ], [ 74.13647, 18.18686 ], [ 74.1363, 18.18882 ], [ 74.13727, 18.19091 ], [ 74.13894, 18.19141 ], [ 74.13868, 18.19282 ], [ 74.13364, 18.19251 ], [ 74.1335, 18.19441 ], [ 74.13518, 18.19468 ], [ 74.13654, 18.19696 ], [ 74.13951, 18.19717 ], [ 74.138, 18.201 ], [ 74.14146, 18.20777 ], [ 74.14318, 18.20816 ], [ 74.14406, 18.20979 ], [ 74.1456, 18.20988 ], [ 74.14732, 18.21489 ] ] ] } },
{ "type": "Feature", "properties": { "lgd_block_name": "PURANDAR", "area_km2": 15.01 }, "geometry": { "type": "Polygon", "coordinates": [ [ [ 74.20067, 18.23069 ], [ 74.19334, 18.23239 ], [ 74.19075, 18.23497 ], [ 74.18822, 18.23555 ], [ 74.18475, 18.2348 ], [ 74.1816, 18.23813 ], [ 74.1718, 18.23383 ], [ 74.1704, 18.23519 ], [ 74.17019, 18.23283 ], [ 74.17168, 18.23108 ], [ 74.17034, 18.22122 ], [ 74.17103, 18.21748 ], [ 74.16825, 18.21511 ], [ 74.1676, 18.21177 ], [ 74.16285, 18.20213 ], [ 74.16036, 18.2019 ], [ 74.16051, 18.20079 ], [ 74.16309, 18.19966 ], [ 74.16288, 18.19872 ], [ 74.16188, 18.19849 ], [ 74.16125, 18.19613 ], [ 74.16012, 18.19694 ], [ 74.15898, 18.19382 ], [ 74.15782, 18.19381 ], [ 74.15507, 18.19033 ], [ 74.15471, 18.18772 ], [ 74.15583, 18.18619 ], [ 74.159, 18.18671 ], [ 74.16183, 18.18911 ], [ 74.17242, 18.19052 ], [ 74.17296, 18.19179 ], [ 74.17407, 18.19123 ], [ 74.1747, 18.19588 ], [ 74.17673, 18.19672 ], [ 74.17565, 18.19862 ], [ 74.17747, 18.19836 ], [ 74.17789, 18.20088 ], [ 74.17877, 18.20075 ], [ 74.17895, 18.19877 ], [ 74.18096, 18.20018 ], [ 74.18339, 18.1999 ], [ 74.18395, 18.20131 ], [ 74.18483, 18.20122 ], [ 74.18437, 18.20215 ], [ 74.18538, 18.20232 ], [ 74.1857, 18.2043 ], [ 74.18632, 18.20232 ], [ 74.18774, 18.20475 ], [ 74.18855, 18.20263 ], [ 74.18972, 18.20305 ], [ 74.19151, 18.20692 ], [ 74.18901, 18.20648 ], [ 74.18869, 18.20826 ], [ 74.18931, 18.20725 ], [ 74.19239, 18.20752 ], [ 74.19236, 18.20861 ], [ 74.19401, 18.20809 ], [ 74.19454, 18.20319 ], [ 74.19638, 18.20244 ], [ 74.19699, 18.20485 ], [ 74.19903, 18.20224 ], [ 74.20139, 18.20377 ], [ 74.20319, 18.2119 ], [ 74.20284, 18.21348 ], [ 74.20455, 18.21881 ], [ 74.20413, 18.22223 ], [ 74.20096, 18.22371 ], [ 74.20234, 18.22809 ], [ 74.20067, 18.23069 ] ] ] } },
{ "type": "Feature", "properties": { "lgd_block_name": "PURANDAR", "area_km2": 8.35 }, "geometry": { "type": "Polygon", "coordinates": [ [ [ 74.1978, 18.18035 ], [ 74.19663, 18.18155 ], [ 74.1969, 18.18607 ], [ 74.19596, 18.18761 ], [ 74.19529, 18.18744 ], [ 74.19627, 18.18852 ], [ 74.19561, 18.1919 ], [ 74.19559, 18.1902 ], [ 74.19306, 18.18859 ], [ 74.19138, 18.1885 ], [ 74.18902, 18.19042 ], [ 74.18829, 18.18933 ], [ 74.18541, 18.18979 ], [ 74.18576, 18.18878 ], [ 74.1887, 18.18751 ], [ 74.18771, 18.1861 ], [ 74.18633, 18.18667 ], [ 74.18584, 18.18385 ], [ 74.18366, 18.18435 ], [ 74.18341, 18.18274 ], [ 74.17794, 18.18469 ], [ 74.17692, 18.18608 ], [ 74.1725, 18.18825 ], [ 74.17114, 18.19037 ], [ 74.16682, 18.19005 ], [ 74.1673, 18.18864 ], [ 74.16524, 18.18754 ], [ 74.16808, 18.18717 ], [ 74.16589, 18.18614 ], [ 74.16561, 18.1849 ], [ 74.16802, 18.18432 ], [ 74.17037, 18.18233 ], [ 74.16935, 18.17827 ], [ 74.16505, 18.17509 ], [ 74.16749, 18.16954 ], [ 74.16672, 18.16951 ], [ 74.16686, 18.16879 ], [ 74.16844, 18.16795 ], [ 74.16809, 18.16699 ], [ 74.16858, 18.16762 ], [ 74.17164, 18.15875 ], [ 74.17715, 18.16006 ], [ 74.18335, 18.15881 ], [ 74.18365, 18.16019 ], [ 74.18591, 18.16014 ], [ 74.18766, 18.16121 ], [ 74.1889, 18.16406 ], [ 74.19041, 18.16468 ], [ 74.1946, 18.16958 ], [ 74.19375, 18.17339 ], [ 74.19606, 18.17463 ], [ 74.1978, 18.18035 ] ] ] } },
{ "type": "Feature", "properties": { "lgd_block_name": "BARAMATI", "area_km2": 21.32 }, "geometry": { "type": "Polygon", "coordinates": [ [ [ 74.56718, 18.17116 ], [ 74.558, 18.16875 ], [ 74.5532, 18.16568 ], [ 74.55267, 18.16621 ], [ 74.55001, 18.16345 ], [ 74.5329, 18.15831 ], [ 74.53215, 18.15332 ], [ 74.53396, 18.14094 ], [ 74.53867, 18.12578 ], [ 74.54552, 18.12571 ], [ 74.55811, 18.13128 ], [ 74.56795, 18.13327 ], [ 74.57414, 18.13621 ], [ 74.57798, 18.13365 ], [ 74.58024, 18.13507 ], [ 74.58215, 18.13913 ], [ 74.58519, 18.13978 ], [ 74.58972, 18.14471 ], [ 74.58982, 18.14672 ], [ 74.58596, 18.14695 ], [ 74.58443, 18.15326 ], [ 74.58699, 18.16673 ], [ 74.56718, 18.17116 ] ] ] } },
{ "type": "Feature", "properties": { "lgd_block_name": "BARAMATI", "area_km2": 15.99 }, "geometry": { "type": "Polygon", "coordinates": [ [ [ 74.38812, 18.2658 ], [ 74.38787, 18.2446 ], [ 74.39552, 18.24323 ], [ 74.39877, 18.24179 ], [ 74.39596, 18.23923 ], [ 74.40081, 18.23797 ], [ 74.40058, 18.23722 ], [ 74.3996, 18.23732 ], [ 74.399, 18.2354 ], [ 74.39706, 18.23572 ], [ 74.39589, 18.23246 ], [ 74.39741, 18.23182 ], [ 74.3989, 18.23299 ], [ 74.40628, 18.23251 ], [ 74.4105, 18.23078 ], [ 74.41641, 18.23135 ], [ 74.42414, 18.22931 ], [ 74.42523, 18.22796 ], [ 74.43199, 18.22879 ], [ 74.43174, 18.22769 ], [ 74.43277, 18.22718 ], [ 74.43322, 18.22858 ], [ 74.43496, 18.22809 ], [ 74.43701, 18.23468 ], [ 74.44063, 18.2421 ], [ 74.44184, 18.24724 ], [ 74.4384, 18.24904 ], [ 74.43492, 18.25384 ], [ 74.42845, 18.25805 ], [ 74.42106, 18.25756 ], [ 74.41819, 18.25614 ], [ 74.41629, 18.25617 ], [ 74.41252, 18.25885 ], [ 74.40645, 18.26096 ], [ 74.40342, 18.26366 ], [ 74.39993, 18.26447 ], [ 74.39593, 18.26358 ], [ 74.39317, 18.26732 ], [ 74.39103, 18.26814 ], [ 74.38812, 18.2658 ] ] ] } },
{ "type": "Feature", "properties": { "lgd_block_name": "DAUND", "area_km2": 10.92 }, "geometry": { "type": "Polygon", "coordinates": [ [ [ 74.48762, 18.46848 ], [ 74.48775, 18.46694 ], [ 74.48571, 18.46248 ], [ 74.48198, 18.46107 ], [ 74.48219, 18.45596 ], [ 74.47784, 18.45281 ], [ 74.48116, 18.44873 ], [ 74.48311, 18.44238 ], [ 74.48562, 18.44 ], [ 74.48285, 18.43291 ], [ 74.48117, 18.43098 ], [ 74.48008, 18.4266 ], [ 74.48244, 18.426 ], [ 74.48269, 18.42327 ], [ 74.48086, 18.42248 ], [ 74.48045, 18.42124 ], [ 74.48209, 18.41886 ], [ 74.48832, 18.42022 ], [ 74.49616, 18.41786 ], [ 74.49532, 18.42008 ], [ 74.49787, 18.43065 ], [ 74.49784, 18.43394 ], [ 74.51056, 18.44591 ], [ 74.50436, 18.45696 ], [ 74.5021, 18.46394 ], [ 74.49849, 18.46449 ], [ 74.48762, 18.46848 ] ] ] } },
{ "type": "Feature", "properties": { "lgd_block_name": "PURANDAR", "area_km2": 24.66 }, "geometry": { "type": "Polygon", "coordinates": [ [ [ 74.14684, 18.29646 ], [ 74.1455, 18.295 ], [ 74.144, 18.29688 ], [ 74.13913, 18.29164 ], [ 74.13599, 18.28191 ], [ 74.13546, 18.26878 ], [ 74.1345, 18.26648 ], [ 74.13799, 18.26236 ], [ 74.14011, 18.25774 ], [ 74.14246, 18.25594 ], [ 74.14839, 18.2549 ], [ 74.1499, 18.25228 ], [ 74.15798, 18.25383 ], [ 74.1603, 18.25239 ], [ 74.16732, 18.2512 ], [ 74.17086, 18.25453 ], [ 74.17493, 18.25029 ], [ 74.17755, 18.244 ], [ 74.17987, 18.24502 ], [ 74.18465, 18.25188 ], [ 74.19073, 18.26485 ], [ 74.19746, 18.27652 ], [ 74.19935, 18.27642 ], [ 74.18569, 18.28152 ], [ 74.1849, 18.28703 ], [ 74.14684, 18.29646 ] ] ] } },
{ "type": "Feature", "properties": { "lgd_block_name": "HAVELI", "area_km2": 2.51 }, "geometry": { "type": "Polygon", "coordinates": [ [ [ 74.1417, 18.46069 ], [ 74.13941, 18.46114 ], [ 74.13915, 18.45986 ], [ 74.12397, 18.46072 ], [ 74.12476, 18.45229 ], [ 74.12768, 18.45327 ], [ 74.12823, 18.45277 ], [ 74.12492, 18.45101 ], [ 74.12519, 18.4488 ], [ 74.12765, 18.44871 ], [ 74.12873, 18.44759 ], [ 74.14287, 18.44865 ], [ 74.1417, 18.46069 ] ] ] } },
{ "type": "Feature", "properties": { "lgd_block_name": "DAUND", "area_km2": 6.36 }, "geometry": { "type": "Polygon", "coordinates": [ [ [ 74.30752, 18.53442 ], [ 74.29771, 18.53744 ], [ 74.28911, 18.53757 ], [ 74.2897, 18.53226 ], [ 74.28909, 18.53209 ], [ 74.28912, 18.52885 ], [ 74.29248, 18.52795 ], [ 74.29255, 18.52567 ], [ 74.29104, 18.52574 ], [ 74.291, 18.51867 ], [ 74.28946, 18.51887 ], [ 74.28861, 18.51805 ], [ 74.28655, 18.51974 ], [ 74.28534, 18.51263 ], [ 74.29999, 18.50506 ], [ 74.30569, 18.50457 ], [ 74.30738, 18.50899 ], [ 74.30904, 18.52002 ], [ 74.30608, 18.52191 ], [ 74.30752, 18.53442 ] ] ] } },
{ "type": "Feature", "properties": { "lgd_block_name": "DAUND", "area_km2": 5.07 }, "geometry": { "type": "Polygon", "coordinates": [ [ [ 74.2897, 18.53226 ], [ 74.28934, 18.5419 ], [ 74.28696, 18.54314 ], [ 74.28677, 18.54501 ], [ 74.28368, 18.54482 ], [ 74.27387, 18.54117 ], [ 74.27521, 18.53012 ], [ 74.27503, 18.51651 ], [ 74.27591, 18.51358 ], [ 74.28195, 18.51429 ], [ 74.28534, 18.51263 ], [ 74.28655, 18.51974 ], [ 74.28861, 18.51805 ], [ 74.28946, 18.51887 ], [ 74.291, 18.51867 ], [ 74.29104, 18.52574 ], [ 74.29255, 18.52567 ], [ 74.29248, 18.52795 ], [ 74.28912, 18.52885 ], [ 74.28909, 18.53209 ], [ 74.2897, 18.53226 ] ] ] } },
{ "type": "Feature", "properties": { "lgd_block_name": "DAUND", "area_km2": 3.48 }, "geometry": { "type": "Polygon", "coordinates": [ [ [ 74.33673, 18.53784 ], [ 74.3329, 18.53838 ], [ 74.333, 18.53904 ], [ 74.32515, 18.53918 ], [ 74.32522, 18.53991 ], [ 74.32387, 18.5404 ], [ 74.32379, 18.53767 ], [ 74.31666, 18.53896 ], [ 74.31585, 18.53002 ], [ 74.31691, 18.51949 ], [ 74.32382, 18.51734 ], [ 74.32859, 18.52632 ], [ 74.3348, 18.53247 ], [ 74.33673, 18.53784 ] ] ] } },
{ "type": "Feature", "properties": { "lgd_block_name": "DAUND", "area_km2": 6.45 }, "geometry": { "type": "Polygon", "coordinates": [ [ [ 74.35823, 18.51609 ], [ 74.34833, 18.51714 ], [ 74.34738, 18.50951 ], [ 74.33767, 18.5095 ], [ 74.3345, 18.50034 ], [ 74.32932, 18.49498 ], [ 74.3239, 18.48579 ], [ 74.34155, 18.4847 ], [ 74.34665, 18.48843 ], [ 74.34824, 18.49259 ], [ 74.35176, 18.49474 ], [ 74.35276, 18.5008 ], [ 74.35373, 18.50059 ], [ 74.35521, 18.5025 ], [ 74.34652, 18.5044 ], [ 74.3558, 18.50311 ], [ 74.35823, 18.51609 ] ] ] } },
{ "type": "Feature", "properties": { "lgd_block_name": "SHIRUR", "area_km2": 1.37 }, "geometry": { "type": "Polygon", "coordinates": [ [ [ 74.56731, 18.52776 ], [ 74.56449, 18.52867 ], [ 74.56419, 18.52794 ], [ 74.5613, 18.52839 ], [ 74.56113, 18.52766 ], [ 74.55164, 18.5287 ], [ 74.55349, 18.51541 ], [ 74.55865, 18.51786 ], [ 74.56119, 18.52191 ], [ 74.56584, 18.52472 ], [ 74.56731, 18.52776 ] ] ] } },
{ "type": "Feature", "properties": { "lgd_block_name": "SHIRUR", "area_km2": 10.77 }, "geometry": { "type": "Polygon", "coordinates": [ [ [ 74.31601, 18.79883 ], [ 74.31747, 18.79782 ], [ 74.32009, 18.79239 ], [ 74.31985, 18.78982 ], [ 74.32146, 18.78904 ], [ 74.32472, 18.78213 ], [ 74.32888, 18.77924 ], [ 74.3447, 18.78315 ], [ 74.34832, 18.78549 ], [ 74.34966, 18.78819 ], [ 74.34925, 18.79504 ], [ 74.34583, 18.79386 ], [ 74.34652, 18.79944 ], [ 74.34564, 18.80293 ], [ 74.3474, 18.8148 ], [ 74.34567, 18.81793 ], [ 74.34417, 18.81964 ], [ 74.34141, 18.81837 ], [ 74.33789, 18.81851 ], [ 74.3381, 18.82088 ], [ 74.33399, 18.81678 ], [ 74.32991, 18.81769 ], [ 74.31601, 18.79883 ] ] ] } },
{ "type": "Feature", "properties": { "lgd_block_name": "SHIRUR", "area_km2": 15.22 }, "geometry": { "type": "Polygon", "coordinates": [ [ [ 74.29956, 18.84427 ], [ 74.28984, 18.85132 ], [ 74.28423, 18.85764 ], [ 74.28309, 18.85752 ], [ 74.2804, 18.85302 ], [ 74.27942, 18.84838 ], [ 74.27531, 18.84428 ], [ 74.27612, 18.84281 ], [ 74.27826, 18.84252 ], [ 74.27613, 18.8389 ], [ 74.27702, 18.83674 ], [ 74.2767, 18.83482 ], [ 74.27864, 18.83435 ], [ 74.27903, 18.83121 ], [ 74.28046, 18.83033 ], [ 74.27959, 18.82691 ], [ 74.28131, 18.82448 ], [ 74.27868, 18.82062 ], [ 74.28008, 18.81988 ], [ 74.2814, 18.81685 ], [ 74.28227, 18.81205 ], [ 74.28477, 18.81058 ], [ 74.2879, 18.80563 ], [ 74.29152, 18.80653 ], [ 74.29203, 18.80893 ], [ 74.29468, 18.81212 ], [ 74.29666, 18.81228 ], [ 74.29813, 18.81378 ], [ 74.3035, 18.81473 ], [ 74.30654, 18.81928 ], [ 74.30644, 18.82144 ], [ 74.30569, 18.8212 ], [ 74.3071, 18.82234 ], [ 74.30797, 18.82506 ], [ 74.30661, 18.82596 ], [ 74.30695, 18.83027 ], [ 74.30584, 18.82996 ], [ 74.30331, 18.83219 ], [ 74.30448, 18.83325 ], [ 74.30543, 18.83181 ], [ 74.30641, 18.83254 ], [ 74.31092, 18.831 ], [ 74.31165, 18.83229 ], [ 74.31871, 18.83599 ], [ 74.3189, 18.83701 ], [ 74.32185, 18.83689 ], [ 74.32305, 18.83908 ], [ 74.32314, 18.84038 ], [ 74.32006, 18.84426 ], [ 74.31379, 18.84845 ], [ 74.30629, 18.85532 ], [ 74.30312, 18.85197 ], [ 74.30308, 18.8464 ], [ 74.3019, 18.84459 ], [ 74.29956, 18.84427 ] ] ] } },
{ "type": "Feature", "properties": { "lgd_block_name": "SHIRUR", "area_km2": 9.64 }, "geometry": { "type": "Polygon", "coordinates": [ [ [ 74.21174, 18.93879 ], [ 74.20897, 18.9361 ], [ 74.19898, 18.93026 ], [ 74.1947, 18.92651 ], [ 74.19258, 18.92301 ], [ 74.18616, 18.92062 ], [ 74.18175, 18.91754 ], [ 74.18596, 18.91458 ], [ 74.19127, 18.91492 ], [ 74.19487, 18.91289 ], [ 74.2038, 18.91563 ], [ 74.21489, 18.9079 ], [ 74.2222, 18.90621 ], [ 74.22334, 18.90675 ], [ 74.22437, 18.91018 ], [ 74.22311, 18.9109 ], [ 74.22333, 18.91607 ], [ 74.22008, 18.91677 ], [ 74.22154, 18.92016 ], [ 74.22391, 18.91883 ], [ 74.22416, 18.92362 ], [ 74.22533, 18.92353 ], [ 74.22687, 18.92652 ], [ 74.23033, 18.92421 ], [ 74.23206, 18.92532 ], [ 74.23103, 18.92797 ], [ 74.23371, 18.9289 ], [ 74.23263, 18.93219 ], [ 74.22818, 18.93122 ], [ 74.22282, 18.93251 ], [ 74.22308, 18.93829 ], [ 74.2165, 18.93971 ], [ 74.21524, 18.93656 ], [ 74.21174, 18.93879 ] ] ] } },
{ "type": "Feature", "properties": { "lgd_block_name": "AMBEGAON", "area_km2": 9.73 }, "geometry": { "type": "Polygon", "coordinates": [ [ [ 73.99357, 18.92943 ], [ 73.9945, 18.93808 ], [ 73.99686, 18.93811 ], [ 73.99816, 18.94102 ], [ 73.99588, 18.94402 ], [ 73.99579, 18.94816 ], [ 73.99805, 18.94824 ], [ 73.99807, 18.94672 ], [ 74.0003, 18.94661 ], [ 74.00058, 18.94916 ], [ 73.99642, 18.95102 ], [ 74.00022, 18.95682 ], [ 74.00024, 18.95808 ], [ 73.99796, 18.95788 ], [ 73.99803, 18.95896 ], [ 73.99618, 18.95886 ], [ 73.99569, 18.96032 ], [ 73.99732, 18.96306 ], [ 73.99905, 18.96325 ], [ 73.99988, 18.96626 ], [ 74.00118, 18.96523 ], [ 74.00313, 18.96704 ], [ 74.00278, 18.96778 ], [ 73.99749, 18.96583 ], [ 73.99399, 18.96736 ], [ 73.99486, 18.96445 ], [ 73.97929, 18.96544 ], [ 73.97746, 18.96248 ], [ 73.97367, 18.94983 ], [ 73.96737, 18.94353 ], [ 73.96706, 18.93995 ], [ 73.97479, 18.93759 ], [ 73.97602, 18.93548 ], [ 73.97808, 18.93592 ], [ 73.97859, 18.93364 ], [ 73.97793, 18.93146 ], [ 73.97957, 18.92987 ], [ 73.97902, 18.92645 ], [ 73.9831, 18.9262 ], [ 73.98512, 18.92852 ], [ 73.98814, 18.92984 ], [ 73.99357, 18.92943 ] ] ] } },
{ "type": "Feature", "properties": { "lgd_block_name": "KHED", "area_km2": 3.96 }, "geometry": { "type": "Polygon", "coordinates": [ [ [ 73.91224, 18.90986 ], [ 73.91061, 18.90524 ], [ 73.90718, 18.90384 ], [ 73.90601, 18.90515 ], [ 73.9033, 18.90059 ], [ 73.90144, 18.90555 ], [ 73.90297, 18.90798 ], [ 73.8996, 18.90783 ], [ 73.90071, 18.9059 ], [ 73.8979, 18.90354 ], [ 73.89853, 18.9022 ], [ 73.89529, 18.90107 ], [ 73.89952, 18.9005 ], [ 73.90145, 18.89762 ], [ 73.90132, 18.8954 ], [ 73.89869, 18.89486 ], [ 73.89839, 18.89154 ], [ 73.89738, 18.89126 ], [ 73.89757, 18.88892 ], [ 73.89412, 18.8851 ], [ 73.88954, 18.88362 ], [ 73.88789, 18.87763 ], [ 73.88901, 18.87679 ], [ 73.8872, 18.87071 ], [ 73.88995, 18.87235 ], [ 73.89278, 18.87236 ], [ 73.89332, 18.87212 ], [ 73.89221, 18.8694 ], [ 73.89574, 18.86839 ], [ 73.90074, 18.88089 ], [ 73.90724, 18.89392 ], [ 73.90517, 18.89689 ], [ 73.90695, 18.89901 ], [ 73.90712, 18.90123 ], [ 73.90996, 18.90261 ], [ 73.91012, 18.90082 ], [ 73.91227, 18.90077 ], [ 73.91502, 18.90297 ], [ 73.91576, 18.90533 ], [ 73.91382, 18.90563 ], [ 73.91344, 18.90865 ], [ 73.91224, 18.90986 ] ] ] } },
{ "type": "Feature", "properties": { "lgd_block_name": "KHED", "area_km2": 0.91 }, "geometry": { "type": "Polygon", "coordinates": [ [ [ 73.91306, 18.8635 ], [ 73.90461, 18.8621 ], [ 73.90087, 18.85996 ], [ 73.89963, 18.85452 ], [ 73.90559, 18.85456 ], [ 73.90934, 18.85548 ], [ 73.91306, 18.8635 ] ] ] } },
{ "type": "Feature", "properties": { "lgd_block_name": "KHED", "area_km2": 4.89 }, "geometry": { "type": "Polygon", "coordinates": [ [ [ 73.88691, 18.87093 ], [ 73.88595, 18.868 ], [ 73.88376, 18.86826 ], [ 73.88311, 18.86437 ], [ 73.8791, 18.86524 ], [ 73.87686, 18.86055 ], [ 73.8761, 18.86122 ], [ 73.8734, 18.85821 ], [ 73.87159, 18.85983 ], [ 73.87085, 18.85871 ], [ 73.87459, 18.85305 ], [ 73.87879, 18.85102 ], [ 73.88577, 18.84935 ], [ 73.88795, 18.84728 ], [ 73.88875, 18.84822 ], [ 73.89004, 18.84747 ], [ 73.89078, 18.84973 ], [ 73.89324, 18.84925 ], [ 73.89367, 18.85106 ], [ 73.89129, 18.85173 ], [ 73.89204, 18.85522 ], [ 73.89506, 18.85843 ], [ 73.89718, 18.85875 ], [ 73.89763, 18.86063 ], [ 73.90072, 18.85983 ], [ 73.90461, 18.8621 ], [ 73.90955, 18.86243 ], [ 73.9102, 18.86385 ], [ 73.90537, 18.86413 ], [ 73.90232, 18.86243 ], [ 73.90315, 18.866 ], [ 73.89833, 18.86843 ], [ 73.89221, 18.8694 ], [ 73.89332, 18.87212 ], [ 73.88995, 18.87235 ], [ 73.88691, 18.87093 ] ] ] } },
{ "type": "Feature", "properties": { "lgd_block_name": "KHED", "area_km2": 18.04 }, "geometry": { "type": "Polygon", "coordinates": [ [ [ 73.86222, 18.78479 ], [ 73.85523, 18.78499 ], [ 73.85528, 18.78614 ], [ 73.85366, 18.78619 ], [ 73.85059, 18.78591 ], [ 73.85013, 18.78459 ], [ 73.84788, 18.78468 ], [ 73.84773, 18.78363 ], [ 73.84926, 18.78308 ], [ 73.84706, 18.77051 ], [ 73.84422, 18.77201 ], [ 73.84428, 18.76619 ], [ 73.84544, 18.76599 ], [ 73.84436, 18.75984 ], [ 73.84829, 18.75895 ], [ 73.84761, 18.7561 ], [ 73.85359, 18.75485 ], [ 73.8592, 18.75504 ], [ 73.86058, 18.75421 ], [ 73.85932, 18.74181 ], [ 73.85617, 18.73073 ], [ 73.86031, 18.73662 ], [ 73.86175, 18.74373 ], [ 73.86903, 18.74591 ], [ 73.86897, 18.74854 ], [ 73.87044, 18.74865 ], [ 73.87047, 18.75177 ], [ 73.87475, 18.75182 ], [ 73.87498, 18.75675 ], [ 73.88358, 18.7543 ], [ 73.8863, 18.75514 ], [ 73.88895, 18.75465 ], [ 73.89043, 18.74961 ], [ 73.88891, 18.74961 ], [ 73.88915, 18.74856 ], [ 73.88652, 18.74903 ], [ 73.88491, 18.74563 ], [ 73.8888, 18.74331 ], [ 73.88962, 18.74651 ], [ 73.89111, 18.74671 ], [ 73.89358, 18.74932 ], [ 73.89707, 18.75118 ], [ 73.90402, 18.74812 ], [ 73.90603, 18.74836 ], [ 73.90739, 18.76156 ], [ 73.90316, 18.76226 ], [ 73.90104, 18.76761 ], [ 73.89893, 18.76981 ], [ 73.89627, 18.76788 ], [ 73.89147, 18.76676 ], [ 73.88716, 18.76794 ], [ 73.88892, 18.77825 ], [ 73.87874, 18.7823 ], [ 73.87723, 18.78173 ], [ 73.87657, 18.78019 ], [ 73.87484, 18.77995 ], [ 73.87291, 18.77718 ], [ 73.86879, 18.77774 ], [ 73.8684, 18.77647 ], [ 73.86672, 18.776 ], [ 73.86377, 18.77663 ], [ 73.86124, 18.77755 ], [ 73.86222, 18.78479 ] ] ] } },
{ "type": "Feature", "properties": { "lgd_block_name": "SHIRUR", "area_km2": 2.35 }, "geometry": { "type": "Polygon", "coordinates": [ [ [ 74.04941, 18.82309 ], [ 74.04545, 18.82374 ], [ 74.04354, 18.81966 ], [ 74.04206, 18.8199 ], [ 74.04303, 18.82385 ], [ 74.04459, 18.82563 ], [ 74.0441, 18.82619 ], [ 74.0405, 18.82347 ], [ 74.03399, 18.82389 ], [ 74.03191, 18.8182 ], [ 74.03181, 18.81229 ], [ 74.03681, 18.8114 ], [ 74.04068, 18.8084 ], [ 74.0449, 18.81037 ], [ 74.04843, 18.81083 ], [ 74.04939, 18.81583 ], [ 74.04808, 18.81522 ], [ 74.04672, 18.81614 ], [ 74.04584, 18.8154 ], [ 74.04645, 18.81898 ], [ 74.04941, 18.82309 ] ] ] } },
{ "type": "Feature", "properties": { "lgd_block_name": "SHIRUR", "area_km2": 5.22 }, "geometry": { "type": "Polygon", "coordinates": [ [ [ 74.07313, 18.83014 ], [ 74.07287, 18.829 ], [ 74.06576, 18.83019 ], [ 74.06413, 18.82931 ], [ 74.06333, 18.83003 ], [ 74.06042, 18.82656 ], [ 74.05888, 18.82737 ], [ 74.05573, 18.8254 ], [ 74.05529, 18.83048 ], [ 74.0522, 18.82751 ], [ 74.04645, 18.81898 ], [ 74.04584, 18.8154 ], [ 74.04672, 18.81614 ], [ 74.04808, 18.81522 ], [ 74.04939, 18.81583 ], [ 74.04843, 18.81083 ], [ 74.0513, 18.81005 ], [ 74.05935, 18.81284 ], [ 74.0744, 18.81226 ], [ 74.07882, 18.81115 ], [ 74.08078, 18.81801 ], [ 74.07555, 18.81862 ], [ 74.07683, 18.82283 ], [ 74.07512, 18.82202 ], [ 74.0745, 18.82027 ], [ 74.07479, 18.82288 ], [ 74.06858, 18.82339 ], [ 74.06876, 18.82694 ], [ 74.07682, 18.82653 ], [ 74.07683, 18.82876 ], [ 74.07319, 18.82903 ], [ 74.07313, 18.83014 ] ] ] } },
{ "type": "Feature", "properties": { "lgd_block_name": "SHIRUR", "area_km2": 9.14 }, "geometry": { "type": "Polygon", "coordinates": [ [ [ 74.06452, 18.86855 ], [ 74.0612, 18.87131 ], [ 74.05946, 18.8743 ], [ 74.06032, 18.87564 ], [ 74.05673, 18.87861 ], [ 74.04446, 18.88445 ], [ 74.04404, 18.88039 ], [ 74.04237, 18.87624 ], [ 74.043, 18.87327 ], [ 74.04222, 18.87009 ], [ 74.04005, 18.86856 ], [ 74.03907, 18.86553 ], [ 74.03639, 18.86337 ], [ 74.03164, 18.85461 ], [ 74.02539, 18.85423 ], [ 74.02349, 18.85549 ], [ 74.02306, 18.85283 ], [ 74.02753, 18.85149 ], [ 74.02791, 18.84918 ], [ 74.02972, 18.85181 ], [ 74.03046, 18.84868 ], [ 74.0322, 18.84951 ], [ 74.03419, 18.84898 ], [ 74.03404, 18.85145 ], [ 74.03604, 18.85114 ], [ 74.03783, 18.85266 ], [ 74.03837, 18.85464 ], [ 74.03739, 18.85645 ], [ 74.03487, 18.85715 ], [ 74.03833, 18.86281 ], [ 74.04091, 18.86364 ], [ 74.04236, 18.86228 ], [ 74.04526, 18.86174 ], [ 74.04592, 18.85884 ], [ 74.04366, 18.85632 ], [ 74.04486, 18.85463 ], [ 74.04142, 18.85418 ], [ 74.04243, 18.8516 ], [ 74.0414, 18.84924 ], [ 74.04318, 18.84624 ], [ 74.04299, 18.84287 ], [ 74.05022, 18.84223 ], [ 74.05117, 18.84715 ], [ 74.0532, 18.84578 ], [ 74.05753, 18.84585 ], [ 74.0576, 18.84389 ], [ 74.06361, 18.85271 ], [ 74.06207, 18.86346 ], [ 74.06452, 18.86855 ] ] ] } },
{ "type": "Feature", "properties": { "lgd_block_name": "SHIRUR", "area_km2": 10.54 }, "geometry": { "type": "Polygon", "coordinates": [ [ [ 74.07129, 18.86673 ], [ 74.06429, 18.87039 ], [ 74.06318, 18.87009 ], [ 74.06452, 18.86855 ], [ 74.06207, 18.86346 ], [ 74.06301, 18.85833 ], [ 74.06625, 18.85805 ], [ 74.06475, 18.85554 ], [ 74.06738, 18.85501 ], [ 74.06748, 18.85268 ], [ 74.07097, 18.8519 ], [ 74.07012, 18.8445 ], [ 74.07068, 18.84011 ], [ 74.07529, 18.8409 ], [ 74.07492, 18.83608 ], [ 74.07567, 18.8357 ], [ 74.07671, 18.83065 ], [ 74.07313, 18.83037 ], [ 74.07319, 18.82903 ], [ 74.07683, 18.82876 ], [ 74.07682, 18.82653 ], [ 74.06876, 18.82694 ], [ 74.06858, 18.82339 ], [ 74.07479, 18.82288 ], [ 74.0745, 18.82027 ], [ 74.07512, 18.82202 ], [ 74.07683, 18.82283 ], [ 74.07555, 18.81862 ], [ 74.08078, 18.81801 ], [ 74.08473, 18.83227 ], [ 74.08903, 18.83532 ], [ 74.09703, 18.83833 ], [ 74.10016, 18.84072 ], [ 74.10321, 18.84739 ], [ 74.09835, 18.84747 ], [ 74.09854, 18.8494 ], [ 74.09565, 18.85243 ], [ 74.0932, 18.85253 ], [ 74.08792, 18.85704 ], [ 74.07903, 18.86017 ], [ 74.07684, 18.86539 ], [ 74.07523, 18.86647 ], [ 74.07129, 18.86673 ] ] ] } },
{ "type": "Feature", "properties": { "lgd_block_name": "SHIRUR", "area_km2": 5.19 }, "geometry": { "type": "Polygon", "coordinates": [ [ [ 74.06831, 18.81268 ], [ 74.05935, 18.81284 ], [ 74.0513, 18.81005 ], [ 74.04763, 18.81087 ], [ 74.0449, 18.81037 ], [ 74.04121, 18.80845 ], [ 74.0386, 18.80983 ], [ 74.03718, 18.80024 ], [ 74.04192, 18.79943 ], [ 74.04248, 18.79794 ], [ 74.04701, 18.79396 ], [ 74.04597, 18.78912 ], [ 74.04873, 18.79214 ], [ 74.048, 18.79051 ], [ 74.05271, 18.79073 ], [ 74.05312, 18.79478 ], [ 74.06255, 18.79373 ], [ 74.06259, 18.79803 ], [ 74.05862, 18.79808 ], [ 74.06132, 18.80202 ], [ 74.0651, 18.80232 ], [ 74.06813, 18.80452 ], [ 74.06831, 18.81268 ] ] ] } },
{ "type": "Feature", "properties": { "lgd_block_name": "PUNE CITY", "area_km2": 10.71 }, "geometry": { "type": "Polygon", "coordinates": [ [ [ 74.00497, 18.57672 ], [ 73.99303, 18.57848 ], [ 73.9889, 18.58059 ], [ 73.98883, 18.58238 ], [ 73.98347, 18.58015 ], [ 73.97841, 18.58068 ], [ 73.95912, 18.57401 ], [ 73.9624, 18.57597 ], [ 73.96228, 18.5771 ], [ 73.95639, 18.57758 ], [ 73.95072, 18.56909 ], [ 73.95447, 18.56259 ], [ 73.95904, 18.55737 ], [ 73.96001, 18.55261 ], [ 73.95951, 18.55166 ], [ 73.96175, 18.54988 ], [ 73.96254, 18.55015 ], [ 73.96285, 18.5484 ], [ 73.96074, 18.54583 ], [ 73.96946, 18.54327 ], [ 73.97303, 18.54087 ], [ 73.97619, 18.54929 ], [ 73.9746, 18.55827 ], [ 73.97739, 18.56439 ], [ 73.9788, 18.57151 ], [ 73.98128, 18.57167 ], [ 73.98151, 18.57271 ], [ 73.98464, 18.57266 ], [ 73.98463, 18.57202 ], [ 73.98965, 18.57088 ], [ 73.99423, 18.56728 ], [ 74.00228, 18.56705 ], [ 74.00497, 18.57672 ] ] ] } },
{ "type": "Feature", "properties": { "lgd_block_name": "PUNE CITY", "area_km2": 7.84 }, "geometry": { "type": "Polygon", "coordinates": [ [ [ 73.95072, 18.56909 ], [ 73.94364, 18.56503 ], [ 73.92767, 18.56333 ], [ 73.92857, 18.55202 ], [ 73.93142, 18.54213 ], [ 73.93181, 18.53703 ], [ 73.93654, 18.5364 ], [ 73.93947, 18.5371 ], [ 73.94335, 18.54404 ], [ 73.94541, 18.54596 ], [ 73.95166, 18.54599 ], [ 73.95636, 18.54739 ], [ 73.95905, 18.54701 ], [ 73.96074, 18.54583 ], [ 73.96285, 18.5484 ], [ 73.96254, 18.55015 ], [ 73.96175, 18.54988 ], [ 73.95951, 18.55166 ], [ 73.96001, 18.55261 ], [ 73.95852, 18.55831 ], [ 73.95447, 18.56259 ], [ 73.95072, 18.56909 ] ] ] } },
{ "type": "Feature", "properties": { "lgd_block_name": "PUNE CITY", "area_km2": 6.07 }, "geometry": { "type": "Polygon", "coordinates": [ [ [ 73.92767, 18.56333 ], [ 73.91891, 18.56158 ], [ 73.91154, 18.56194 ], [ 73.90776, 18.56102 ], [ 73.90596, 18.56169 ], [ 73.9053, 18.55094 ], [ 73.90626, 18.5447 ], [ 73.9053, 18.54369 ], [ 73.9064, 18.54179 ], [ 73.92226, 18.53976 ], [ 73.93181, 18.53703 ], [ 73.93142, 18.54213 ], [ 73.92857, 18.55202 ], [ 73.92767, 18.56333 ] ] ] } },
{ "type": "Feature", "properties": { "lgd_block_name": "PUNE CITY", "area_km2": 159.23 }, "geometry": { "type": "Polygon", "coordinates": [ [ [ 73.93403, 18.61992 ], [ 73.92313, 18.62093 ], [ 73.92109, 18.61903 ], [ 73.91185, 18.61866 ], [ 73.90585, 18.61715 ], [ 73.90611, 18.61018 ], [ 73.90836, 18.60295 ], [ 73.90754, 18.60126 ], [ 73.90809, 18.59846 ], [ 73.90424, 18.59385 ], [ 73.9027, 18.59311 ], [ 73.90264, 18.59017 ], [ 73.90013, 18.5889 ], [ 73.89798, 18.58375 ], [ 73.89699, 18.58327 ], [ 73.89593, 18.5756 ], [ 73.88837, 18.57529 ], [ 73.87817, 18.56879 ], [ 73.8742, 18.57132 ], [ 73.87205, 18.57613 ], [ 73.86706, 18.58011 ], [ 73.86549, 18.58257 ], [ 73.86154, 18.58368 ], [ 73.85424, 18.58151 ], [ 73.85066, 18.57445 ], [ 73.84718, 18.57245 ], [ 73.84346, 18.5726 ], [ 73.83652, 18.5757 ], [ 73.83197, 18.57361 ], [ 73.82986, 18.56946 ], [ 73.82776, 18.56812 ], [ 73.82217, 18.5696 ], [ 73.81062, 18.56803 ], [ 73.80246, 18.56965 ], [ 73.80268, 18.56272 ], [ 73.80479, 18.55159 ], [ 73.80963, 18.55048 ], [ 73.80958, 18.54397 ], [ 73.81171, 18.53634 ], [ 73.81834, 18.53189 ], [ 73.81549, 18.5256 ], [ 73.81763, 18.52188 ], [ 73.81796, 18.51562 ], [ 73.82188, 18.50593 ], [ 73.82491, 18.50205 ], [ 73.82603, 18.49876 ], [ 73.82781, 18.49905 ], [ 73.8299, 18.49764 ], [ 73.83352, 18.49967 ], [ 73.83435, 18.50219 ], [ 73.83709, 18.50283 ], [ 73.83623, 18.49934 ], [ 73.83315, 18.49622 ], [ 73.82777, 18.48818 ], [ 73.83095, 18.48666 ], [ 73.83119, 18.48449 ], [ 73.83686, 18.48328 ], [ 73.83741, 18.48109 ], [ 73.83432, 18.47858 ], [ 73.83444, 18.47754 ], [ 73.84038, 18.47626 ], [ 73.84032, 18.47511 ], [ 73.83789, 18.47259 ], [ 73.83691, 18.47329 ], [ 73.83195, 18.4727 ], [ 73.82857, 18.47397 ], [ 73.82797, 18.47526 ], [ 73.82792, 18.47335 ], [ 73.82149, 18.47397 ], [ 73.82141, 18.48072 ], [ 73.82283, 18.48184 ], [ 73.82178, 18.48284 ], [ 73.81307, 18.47957 ], [ 73.81133, 18.47812 ], [ 73.80806, 18.47177 ], [ 73.80904, 18.47115 ], [ 73.81391, 18.45897 ], [ 73.82627, 18.4615 ], [ 73.83209, 18.46155 ], [ 73.83255, 18.46425 ], [ 73.83587, 18.4651 ], [ 73.83942, 18.46428 ], [ 73.84014, 18.46249 ], [ 73.8427, 18.46262 ], [ 73.84242, 18.46429 ], [ 73.84618, 18.46472 ], [ 73.84358, 18.47216 ], [ 73.84383, 18.47454 ], [ 73.85479, 18.47453 ], [ 73.85598, 18.476 ], [ 73.85727, 18.47537 ], [ 73.85724, 18.47239 ], [ 73.86056, 18.46996 ], [ 73.86228, 18.46418 ], [ 73.86342, 18.46342 ], [ 73.86338, 18.45952 ], [ 73.86739, 18.45858 ], [ 73.87466, 18.45871 ], [ 73.87464, 18.4603 ], [ 73.87781, 18.46034 ], [ 73.87752, 18.46425 ], [ 73.87866, 18.4644 ], [ 73.87947, 18.4667 ], [ 73.87814, 18.47051 ], [ 73.87957, 18.47149 ], [ 73.87963, 18.47571 ], [ 73.88184, 18.4791 ], [ 73.88723, 18.47913 ], [ 73.88863, 18.48061 ], [ 73.88804, 18.48144 ], [ 73.8906, 18.48326 ], [ 73.90841, 18.4803 ], [ 73.91006, 18.48343 ], [ 73.91156, 18.48429 ], [ 73.91113, 18.48671 ], [ 73.91185, 18.48723 ], [ 73.91206, 18.49097 ], [ 73.9114, 18.49134 ], [ 73.91291, 18.4953 ], [ 73.91284, 18.50633 ], [ 73.90842, 18.50994 ], [ 73.90936, 18.5197 ], [ 73.91746, 18.51992 ], [ 73.92984, 18.52371 ], [ 73.94049, 18.52485 ], [ 73.94893, 18.52438 ], [ 73.95395, 18.52315 ], [ 73.95604, 18.53424 ], [ 73.9593, 18.53865 ], [ 73.9614, 18.54531 ], [ 73.95905, 18.54701 ], [ 73.95636, 18.54739 ], [ 73.95166, 18.54599 ], [ 73.94541, 18.54596 ], [ 73.94335, 18.54404 ], [ 73.93947, 18.5371 ], [ 73.93828, 18.53646 ], [ 73.93049, 18.53727 ], [ 73.92226, 18.53976 ], [ 73.9064, 18.54179 ], [ 73.9053, 18.54369 ], [ 73.90626, 18.5447 ], [ 73.9053, 18.55094 ], [ 73.90596, 18.56169 ], [ 73.90776, 18.56102 ], [ 73.91154, 18.56194 ], [ 73.91891, 18.56158 ], [ 73.92459, 18.56307 ], [ 73.93786, 18.56403 ], [ 73.94364, 18.56503 ], [ 73.95072, 18.56909 ], [ 73.95639, 18.57758 ], [ 73.95769, 18.59001 ], [ 73.9591, 18.59228 ], [ 73.96002, 18.59757 ], [ 73.96226, 18.59789 ], [ 73.96252, 18.60641 ], [ 73.96671, 18.6073 ], [ 73.96679, 18.60985 ], [ 73.96471, 18.61723 ], [ 73.96763, 18.62006 ], [ 73.96368, 18.62124 ], [ 73.95887, 18.62014 ], [ 73.94954, 18.62095 ], [ 73.94049, 18.61977 ], [ 73.93889, 18.62066 ], [ 73.93403, 18.61992 ] ] ] } },
{ "type": "Feature", "properties": { "lgd_block_name": "PUNE CITY", "area_km2": 5.33 }, "geometry": { "type": "Polygon", "coordinates": [ [ [ 73.86878, 18.60167 ], [ 73.86439, 18.59517 ], [ 73.8626, 18.58772 ], [ 73.85954, 18.58743 ], [ 73.86064, 18.58357 ], [ 73.86376, 18.58353 ], [ 73.86549, 18.58257 ], [ 73.86706, 18.58011 ], [ 73.87205, 18.57613 ], [ 73.8738, 18.57189 ], [ 73.87787, 18.5725 ], [ 73.88073, 18.57683 ], [ 73.88249, 18.58244 ], [ 73.8827, 18.58816 ], [ 73.88125, 18.59075 ], [ 73.8849, 18.59907 ], [ 73.86878, 18.60167 ] ] ] } },
{ "type": "Feature", "properties": { "lgd_block_name": "PUNE CITY", "area_km2": 9.77 }, "geometry": { "type": "Polygon", "coordinates": [ [ [ 73.90582, 18.61664 ], [ 73.89688, 18.62112 ], [ 73.89332, 18.62195 ], [ 73.8911, 18.61448 ], [ 73.88886, 18.61111 ], [ 73.88557, 18.60067 ], [ 73.88153, 18.59179 ], [ 73.88275, 18.58459 ], [ 73.88073, 18.57683 ], [ 73.87787, 18.5725 ], [ 73.8738, 18.57189 ], [ 73.87553, 18.57022 ], [ 73.87817, 18.56879 ], [ 73.88837, 18.57529 ], [ 73.89593, 18.5756 ], [ 73.89699, 18.58327 ], [ 73.89798, 18.58375 ], [ 73.90013, 18.5889 ], [ 73.90264, 18.59017 ], [ 73.9027, 18.59311 ], [ 73.90424, 18.59385 ], [ 73.90809, 18.59846 ], [ 73.90754, 18.60126 ], [ 73.90836, 18.60295 ], [ 73.90611, 18.61018 ], [ 73.90582, 18.61664 ] ] ] } },
{ "type": "Feature", "properties": { "lgd_block_name": "HAVELI", "area_km2": 8.7 }, "geometry": { "type": "Polygon", "coordinates": [ [ [ 73.87896, 18.62916 ], [ 73.87311, 18.63453 ], [ 73.86884, 18.62954 ], [ 73.86358, 18.61848 ], [ 73.86211, 18.60527 ], [ 73.86255, 18.60156 ], [ 73.8654, 18.60158 ], [ 73.86771, 18.60059 ], [ 73.86878, 18.60167 ], [ 73.8849, 18.59907 ], [ 73.89332, 18.62195 ], [ 73.89162, 18.62254 ], [ 73.88799, 18.62637 ], [ 73.87896, 18.62916 ] ] ] } },
{ "type": "Feature", "properties": { "lgd_block_name": "HAVELI", "area_km2": 6.03 }, "geometry": { "type": "Polygon", "coordinates": [ [ [ 73.8956, 18.65698 ], [ 73.88611, 18.65735 ], [ 73.8865, 18.65942 ], [ 73.88579, 18.65986 ], [ 73.87734, 18.66157 ], [ 73.87453, 18.65981 ], [ 73.87473, 18.65761 ], [ 73.86772, 18.65429 ], [ 73.86402, 18.65509 ], [ 73.86044, 18.64993 ], [ 73.85799, 18.64855 ], [ 73.85815, 18.64552 ], [ 73.86579, 18.63958 ], [ 73.87271, 18.63576 ], [ 73.87464, 18.6328 ], [ 73.87579, 18.63831 ], [ 73.88067, 18.64567 ], [ 73.88437, 18.6449 ], [ 73.88664, 18.64713 ], [ 73.88999, 18.64697 ], [ 73.89281, 18.65119 ], [ 73.89459, 18.65179 ], [ 73.8956, 18.65698 ] ] ] } },
{ "type": "Feature", "properties": { "lgd_block_name": "HAVELI", "area_km2": 3.59 }, "geometry": { "type": "Polygon", "coordinates": [ [ [ 73.87195, 18.68717 ], [ 73.86856, 18.68708 ], [ 73.86626, 18.6859 ], [ 73.8681, 18.67485 ], [ 73.86802, 18.66874 ], [ 73.87315, 18.66692 ], [ 73.88428, 18.66899 ], [ 73.88702, 18.67227 ], [ 73.8881, 18.67789 ], [ 73.88422, 18.67806 ], [ 73.87845, 18.68461 ], [ 73.87195, 18.68717 ] ] ] } },
{ "type": "Feature", "properties": { "lgd_block_name": "HAVELI", "area_km2": 4.61 }, "geometry": { "type": "Polygon", "coordinates": [ [ [ 73.8996, 18.66836 ], [ 73.89572, 18.67713 ], [ 73.8881, 18.67789 ], [ 73.88702, 18.67227 ], [ 73.88376, 18.6687 ], [ 73.87315, 18.66692 ], [ 73.86944, 18.6681 ], [ 73.86615, 18.66131 ], [ 73.86417, 18.65998 ], [ 73.86491, 18.65687 ], [ 73.86402, 18.65509 ], [ 73.86772, 18.65429 ], [ 73.87473, 18.65761 ], [ 73.87453, 18.65981 ], [ 73.87734, 18.66157 ], [ 73.88579, 18.65986 ], [ 73.8865, 18.65942 ], [ 73.88611, 18.65735 ], [ 73.8956, 18.65698 ], [ 73.89656, 18.65967 ], [ 73.89478, 18.66037 ], [ 73.8955, 18.66483 ], [ 73.8967, 18.66818 ], [ 73.8996, 18.66836 ] ] ] } },
{ "type": "Feature", "properties": { "lgd_block_name": "HAVELI", "area_km2": 20.8 }, "geometry": { "type": "Polygon", "coordinates": [ [ [ 73.90115, 18.66557 ], [ 73.8996, 18.66836 ], [ 73.8967, 18.66818 ], [ 73.89478, 18.66037 ], [ 73.89654, 18.65953 ], [ 73.89459, 18.65179 ], [ 73.89283, 18.65121 ], [ 73.88974, 18.64681 ], [ 73.88664, 18.64713 ], [ 73.88437, 18.6449 ], [ 73.88067, 18.64567 ], [ 73.87579, 18.63831 ], [ 73.87464, 18.6328 ], [ 73.87896, 18.62916 ], [ 73.88799, 18.62637 ], [ 73.89162, 18.62254 ], [ 73.89688, 18.62112 ], [ 73.90554, 18.61667 ], [ 73.91185, 18.61866 ], [ 73.92109, 18.61903 ], [ 73.92313, 18.62093 ], [ 73.929, 18.62089 ], [ 73.93185, 18.62548 ], [ 73.93285, 18.634 ], [ 73.93265, 18.63898 ], [ 73.93072, 18.64762 ], [ 73.9316, 18.64949 ], [ 73.93075, 18.65164 ], [ 73.92681, 18.65306 ], [ 73.92492, 18.65159 ], [ 73.92022, 18.65197 ], [ 73.91738, 18.65559 ], [ 73.91269, 18.65794 ], [ 73.90864, 18.65809 ], [ 73.90713, 18.65915 ], [ 73.90115, 18.66557 ] ] ] } },
{ "type": "Feature", "properties": { "lgd_block_name": "KHED", "area_km2": 7.21 }, "geometry": { "type": "Polygon", "coordinates": [ [ [ 73.90731, 18.71266 ], [ 73.90264, 18.71516 ], [ 73.89676, 18.70664 ], [ 73.89534, 18.70184 ], [ 73.89504, 18.69621 ], [ 73.89339, 18.69147 ], [ 73.89246, 18.68304 ], [ 73.89121, 18.68158 ], [ 73.89127, 18.67968 ], [ 73.88925, 18.67796 ], [ 73.89572, 18.67713 ], [ 73.90115, 18.66557 ], [ 73.90797, 18.67943 ], [ 73.91058, 18.68908 ], [ 73.91167, 18.69049 ], [ 73.91196, 18.69619 ], [ 73.90987, 18.70471 ], [ 73.91019, 18.70718 ], [ 73.9086, 18.70771 ], [ 73.90709, 18.71015 ], [ 73.90731, 18.71266 ] ] ] } },
{ "type": "Feature", "properties": { "lgd_block_name": "HAVELI", "area_km2": 4.07 }, "geometry": { "type": "Polygon", "coordinates": [ [ [ 73.76198, 18.71839 ], [ 73.75939, 18.71796 ], [ 73.75452, 18.72142 ], [ 73.75082, 18.72016 ], [ 73.74934, 18.71648 ], [ 73.74467, 18.71004 ], [ 73.74432, 18.70333 ], [ 73.74327, 18.70209 ], [ 73.75372, 18.6976 ], [ 73.76096, 18.69655 ], [ 73.76253, 18.70813 ], [ 73.76208, 18.71043 ], [ 73.76338, 18.71024 ], [ 73.76398, 18.7128 ], [ 73.76225, 18.71289 ], [ 73.76441, 18.714 ], [ 73.7642, 18.71484 ], [ 73.76296, 18.71489 ], [ 73.76198, 18.71839 ] ] ] } },
{ "type": "Feature", "properties": { "lgd_block_name": "HAVELI", "area_km2": 3.59 }, "geometry": { "type": "Polygon", "coordinates": [ [ [ 73.7879, 18.72089 ], [ 73.78524, 18.72658 ], [ 73.77927, 18.7249 ], [ 73.77723, 18.71817 ], [ 73.77322, 18.71483 ], [ 73.77409, 18.71277 ], [ 73.76706, 18.71293 ], [ 73.76855, 18.70957 ], [ 73.76947, 18.70303 ], [ 73.77224, 18.70272 ], [ 73.77182, 18.69681 ], [ 73.77026, 18.69707 ], [ 73.76971, 18.69388 ], [ 73.77119, 18.69352 ], [ 73.77043, 18.68802 ], [ 73.77566, 18.68721 ], [ 73.78363, 18.72037 ], [ 73.7879, 18.72089 ] ] ] } },
{ "type": "Feature", "properties": { "lgd_block_name": "HAVELI", "area_km2": 9.76 }, "geometry": { "type": "Polygon", "coordinates": [ [ [ 73.7879, 18.72089 ], [ 73.78363, 18.72037 ], [ 73.77212, 18.67382 ], [ 73.77667, 18.67293 ], [ 73.78855, 18.66688 ], [ 73.79126, 18.67803 ], [ 73.79483, 18.68759 ], [ 73.79857, 18.69388 ], [ 73.79908, 18.69887 ], [ 73.80088, 18.70318 ], [ 73.78816, 18.71634 ], [ 73.7879, 18.72089 ] ] ] } },
{ "type": "Feature", "properties": { "lgd_block_name": "HAVELI", "area_km2": 3.79 }, "geometry": { "type": "Polygon", "coordinates": [ [ [ 73.77212, 18.67382 ], [ 73.76869, 18.67302 ], [ 73.76132, 18.67346 ], [ 73.75714, 18.67133 ], [ 73.7613, 18.66288 ], [ 73.76359, 18.66007 ], [ 73.77738, 18.65963 ], [ 73.78756, 18.66289 ], [ 73.79062, 18.66573 ], [ 73.77667, 18.67293 ], [ 73.77212, 18.67382 ] ] ] } },
{ "type": "Feature", "properties": { "lgd_block_name": "HAVELI", "area_km2": 7.47 }, "geometry": { "type": "Polygon", "coordinates": [ [ [ 73.76096, 18.69655 ], [ 73.75315, 18.69784 ], [ 73.74874, 18.69568 ], [ 73.74499, 18.68829 ], [ 73.74084, 18.68326 ], [ 73.74552, 18.6781 ], [ 73.74882, 18.67281 ], [ 73.75718, 18.67134 ], [ 73.76132, 18.67346 ], [ 73.76869, 18.67302 ], [ 73.77212, 18.67382 ], [ 73.77566, 18.68721 ], [ 73.77043, 18.68802 ], [ 73.77119, 18.69352 ], [ 73.76096, 18.69655 ] ] ] } },
{ "type": "Feature", "properties": { "lgd_block_name": "HAVELI", "area_km2": 9.48 }, "geometry": { "type": "Polygon", "coordinates": [ [ [ 73.7488, 18.67287 ], [ 73.74797, 18.67116 ], [ 73.74276, 18.66659 ], [ 73.73496, 18.66237 ], [ 73.73358, 18.65862 ], [ 73.7256, 18.64701 ], [ 73.72899, 18.64616 ], [ 73.73447, 18.64191 ], [ 73.73807, 18.64541 ], [ 73.74319, 18.64115 ], [ 73.74756, 18.64046 ], [ 73.7524, 18.64193 ], [ 73.75364, 18.64139 ], [ 73.75378, 18.63987 ], [ 73.75579, 18.63916 ], [ 73.76048, 18.64232 ], [ 73.76359, 18.66007 ], [ 73.7613, 18.66288 ], [ 73.75718, 18.67134 ], [ 73.7488, 18.67287 ] ] ] } },
{ "type": "Feature", "properties": { "lgd_block_name": "HAVELI", "area_km2": 11.06 }, "geometry": { "type": "Polygon", "coordinates": [ [ [ 73.80195, 18.64546 ], [ 73.79588, 18.64201 ], [ 73.78474, 18.6448 ], [ 73.77119, 18.64525 ], [ 73.76984, 18.65254 ], [ 73.76681, 18.65508 ], [ 73.76359, 18.66007 ], [ 73.76048, 18.64233 ], [ 73.75705, 18.63962 ], [ 73.75567, 18.63915 ], [ 73.75378, 18.63987 ], [ 73.75336, 18.63251 ], [ 73.75772, 18.62911 ], [ 73.76765, 18.62452 ], [ 73.77632, 18.6283 ], [ 73.77793, 18.62795 ], [ 73.77883, 18.62253 ], [ 73.78231, 18.61736 ], [ 73.78389, 18.61635 ], [ 73.78566, 18.61683 ], [ 73.78824, 18.61975 ], [ 73.78913, 18.62173 ], [ 73.78859, 18.62595 ], [ 73.78995, 18.62827 ], [ 73.79523, 18.62486 ], [ 73.79641, 18.62549 ], [ 73.79588, 18.62647 ], [ 73.79914, 18.6329 ], [ 73.79859, 18.63332 ], [ 73.80016, 18.63345 ], [ 73.80217, 18.63562 ], [ 73.80195, 18.64546 ] ] ] } },
{ "type": "Feature", "properties": { "lgd_block_name": "HAVELI", "area_km2": 8.21 }, "geometry": { "type": "Polygon", "coordinates": [ [ [ 73.81216, 18.6577 ], [ 73.80427, 18.66015 ], [ 73.79835, 18.66361 ], [ 73.79169, 18.66487 ], [ 73.79062, 18.66573 ], [ 73.78756, 18.66289 ], [ 73.77738, 18.65963 ], [ 73.76359, 18.66007 ], [ 73.76681, 18.65508 ], [ 73.76984, 18.65254 ], [ 73.77099, 18.64534 ], [ 73.7787, 18.64447 ], [ 73.78474, 18.6448 ], [ 73.79481, 18.64204 ], [ 73.80063, 18.64461 ], [ 73.80967, 18.6512 ], [ 73.81216, 18.6577 ] ] ] } },
{ "type": "Feature", "properties": { "lgd_block_name": "HAVELI", "area_km2": 13.55 }, "geometry": { "type": "Polygon", "coordinates": [ [ [ 73.82565, 18.65643 ], [ 73.8147, 18.65695 ], [ 73.81222, 18.6578 ], [ 73.80967, 18.6512 ], [ 73.80195, 18.64546 ], [ 73.80217, 18.63561 ], [ 73.80016, 18.63345 ], [ 73.7986, 18.63333 ], [ 73.79915, 18.63291 ], [ 73.79754, 18.63084 ], [ 73.79562, 18.6247 ], [ 73.79687, 18.624 ], [ 73.79804, 18.62155 ], [ 73.79645, 18.6169 ], [ 73.7972, 18.6117 ], [ 73.79633, 18.60808 ], [ 73.79773, 18.60414 ], [ 73.79939, 18.60313 ], [ 73.80776, 18.60326 ], [ 73.80951, 18.60386 ], [ 73.81059, 18.60554 ], [ 73.81572, 18.60556 ], [ 73.81602, 18.60891 ], [ 73.81796, 18.60927 ], [ 73.81756, 18.61137 ], [ 73.81848, 18.61495 ], [ 73.82262, 18.61938 ], [ 73.82334, 18.62142 ], [ 73.82261, 18.62339 ], [ 73.82473, 18.62405 ], [ 73.82186, 18.62653 ], [ 73.82433, 18.63053 ], [ 73.82364, 18.63257 ], [ 73.824, 18.63707 ], [ 73.82624, 18.64114 ], [ 73.82456, 18.64393 ], [ 73.82588, 18.64641 ], [ 73.82503, 18.65081 ], [ 73.82565, 18.65643 ] ] ] } },
{ "type": "Feature", "properties": { "lgd_block_name": "HAVELI", "area_km2": 16.44 }, "geometry": { "type": "Polygon", "coordinates": [ [ [ 73.8379, 18.68871 ], [ 73.831, 18.6905 ], [ 73.81988, 18.68669 ], [ 73.8166, 18.68689 ], [ 73.8146, 18.68948 ], [ 73.81456, 18.69699 ], [ 73.8127, 18.7033 ], [ 73.80899, 18.70463 ], [ 73.80318, 18.70245 ], [ 73.80088, 18.70318 ], [ 73.79908, 18.69887 ], [ 73.79857, 18.69388 ], [ 73.79483, 18.68759 ], [ 73.79126, 18.67803 ], [ 73.78855, 18.66688 ], [ 73.79169, 18.66487 ], [ 73.79835, 18.66361 ], [ 73.80427, 18.66015 ], [ 73.81395, 18.65706 ], [ 73.82615, 18.65631 ], [ 73.82883, 18.66674 ], [ 73.83102, 18.67052 ], [ 73.83511, 18.68318 ], [ 73.8379, 18.68871 ] ] ] } },
{ "type": "Feature", "properties": { "lgd_block_name": "HAVELI", "area_km2": 7.6 }, "geometry": { "type": "Polygon", "coordinates": [ [ [ 73.85058, 18.64802 ], [ 73.84836, 18.66005 ], [ 73.84915, 18.66731 ], [ 73.84847, 18.67024 ], [ 73.84997, 18.67851 ], [ 73.84741, 18.68274 ], [ 73.84674, 18.68898 ], [ 73.84219, 18.68754 ], [ 73.8379, 18.68871 ], [ 73.83511, 18.68318 ], [ 73.83102, 18.67052 ], [ 73.82883, 18.66674 ], [ 73.82615, 18.65631 ], [ 73.8354, 18.65299 ], [ 73.83979, 18.65277 ], [ 73.84264, 18.64842 ], [ 73.84455, 18.64764 ], [ 73.85058, 18.64802 ] ] ] } },
{ "type": "Feature", "properties": { "lgd_block_name": "HAVELI", "area_km2": 7.33 }, "geometry": { "type": "Polygon", "coordinates": [ [ [ 73.85243, 18.68788 ], [ 73.84674, 18.68898 ], [ 73.84662, 18.687 ], [ 73.84741, 18.68274 ], [ 73.84997, 18.67851 ], [ 73.84847, 18.67024 ], [ 73.84915, 18.66731 ], [ 73.84874, 18.65511 ], [ 73.85058, 18.64802 ], [ 73.85821, 18.64743 ], [ 73.85799, 18.64855 ], [ 73.86044, 18.64993 ], [ 73.8646, 18.656 ], [ 73.86417, 18.65998 ], [ 73.86615, 18.66131 ], [ 73.86944, 18.6681 ], [ 73.86802, 18.66874 ], [ 73.86831, 18.67234 ], [ 73.86671, 18.68468 ], [ 73.86626, 18.6859 ], [ 73.86209, 18.68062 ], [ 73.86026, 18.68047 ], [ 73.8569, 18.68284 ], [ 73.85243, 18.68788 ] ] ] } },
{ "type": "Feature", "properties": { "lgd_block_name": "HAVELI", "area_km2": 28.09 }, "geometry": { "type": "Polygon", "coordinates": [ [ [ 73.82615, 18.65631 ], [ 73.82503, 18.65081 ], [ 73.82588, 18.64641 ], [ 73.82456, 18.64393 ], [ 73.82624, 18.64114 ], [ 73.824, 18.63707 ], [ 73.82364, 18.63257 ], [ 73.82433, 18.63053 ], [ 73.82186, 18.62653 ], [ 73.82473, 18.62405 ], [ 73.82261, 18.62339 ], [ 73.82334, 18.62142 ], [ 73.82262, 18.61938 ], [ 73.81848, 18.61495 ], [ 73.81756, 18.61135 ], [ 73.81807, 18.60954 ], [ 73.81602, 18.60891 ], [ 73.81572, 18.60556 ], [ 73.81973, 18.60531 ], [ 73.82147, 18.6036 ], [ 73.82133, 18.60177 ], [ 73.81843, 18.59765 ], [ 73.81908, 18.59505 ], [ 73.82555, 18.59377 ], [ 73.83036, 18.58588 ], [ 73.83192, 18.58665 ], [ 73.83714, 18.58578 ], [ 73.84722, 18.59491 ], [ 73.84841, 18.59828 ], [ 73.85015, 18.59837 ], [ 73.85075, 18.60227 ], [ 73.86255, 18.60156 ], [ 73.86211, 18.60527 ], [ 73.86358, 18.61848 ], [ 73.86707, 18.62676 ], [ 73.87339, 18.63519 ], [ 73.85995, 18.64393 ], [ 73.85815, 18.64552 ], [ 73.85821, 18.64743 ], [ 73.85423, 18.64825 ], [ 73.84471, 18.64759 ], [ 73.84264, 18.64842 ], [ 73.83979, 18.65277 ], [ 73.8354, 18.65299 ], [ 73.82615, 18.65631 ] ] ] } },
{ "type": "Feature", "properties": { "lgd_block_name": "HAVELI", "area_km2": 1.79 }, "geometry": { "type": "Polygon", "coordinates": [ [ [ 73.83714, 18.58578 ], [ 73.83192, 18.58665 ], [ 73.83036, 18.58588 ], [ 73.82973, 18.58738 ], [ 73.82879, 18.5875 ], [ 73.82518, 18.58169 ], [ 73.82147, 18.58016 ], [ 73.82076, 18.5782 ], [ 73.82377, 18.57607 ], [ 73.82846, 18.57693 ], [ 73.83185, 18.57362 ], [ 73.83294, 18.5735 ], [ 73.83561, 18.57546 ], [ 73.83733, 18.57542 ], [ 73.83805, 18.5764 ], [ 73.83714, 18.58578 ] ] ] } },
{ "type": "Feature", "properties": { "lgd_block_name": "HAVELI", "area_km2": 3.75 }, "geometry": { "type": "Polygon", "coordinates": [ [ [ 73.80118, 18.58407 ], [ 73.80054, 18.5799 ], [ 73.80673, 18.57397 ], [ 73.80668, 18.56858 ], [ 73.81062, 18.56803 ], [ 73.82024, 18.56969 ], [ 73.82776, 18.56812 ], [ 73.82986, 18.56946 ], [ 73.83197, 18.57361 ], [ 73.82846, 18.57693 ], [ 73.8247, 18.57597 ], [ 73.82181, 18.5768 ], [ 73.82047, 18.58096 ], [ 73.80791, 18.58423 ], [ 73.80477, 18.58632 ], [ 73.80118, 18.58407 ] ] ] } },
{ "type": "Feature", "properties": { "lgd_block_name": "HAVELI", "area_km2": 5.93 }, "geometry": { "type": "Polygon", "coordinates": [ [ [ 73.86772, 18.60061 ], [ 73.85075, 18.60227 ], [ 73.85015, 18.59837 ], [ 73.84841, 18.59828 ], [ 73.84722, 18.59491 ], [ 73.83714, 18.58578 ], [ 73.83805, 18.5764 ], [ 73.83733, 18.57542 ], [ 73.84346, 18.5726 ], [ 73.84718, 18.57245 ], [ 73.85066, 18.57445 ], [ 73.85424, 18.58151 ], [ 73.86064, 18.58357 ], [ 73.85954, 18.58743 ], [ 73.8626, 18.58772 ], [ 73.86439, 18.59517 ], [ 73.86772, 18.60061 ] ] ] } },
{ "type": "Feature", "properties": { "lgd_block_name": "PUNE CITY", "area_km2": 11.73 }, "geometry": { "type": "Polygon", "coordinates": [ [ [ 73.82603, 18.49876 ], [ 73.81903, 18.51248 ], [ 73.81785, 18.51604 ], [ 73.81763, 18.52188 ], [ 73.81549, 18.5256 ], [ 73.81241, 18.52435 ], [ 73.80457, 18.5245 ], [ 73.79897, 18.52333 ], [ 73.79282, 18.51645 ], [ 73.787, 18.51695 ], [ 73.78699, 18.51355 ], [ 73.78362, 18.50661 ], [ 73.78167, 18.49998 ], [ 73.77923, 18.4977 ], [ 73.78086, 18.49771 ], [ 73.78359, 18.50044 ], [ 73.78481, 18.50053 ], [ 73.79597, 18.49324 ], [ 73.80632, 18.49077 ], [ 73.80731, 18.49234 ], [ 73.81245, 18.49252 ], [ 73.81793, 18.49409 ], [ 73.82052, 18.49732 ], [ 73.82603, 18.49876 ] ] ] } },
{ "type": "Feature", "properties": { "lgd_block_name": "PUNE CITY", "area_km2": 8.21 }, "geometry": { "type": "Polygon", "coordinates": [ [ [ 73.80479, 18.55159 ], [ 73.80268, 18.56272 ], [ 73.80246, 18.56965 ], [ 73.79817, 18.5683 ], [ 73.79375, 18.56443 ], [ 73.79079, 18.56404 ], [ 73.78903, 18.56425 ], [ 73.7877, 18.56569 ], [ 73.78872, 18.56788 ], [ 73.76505, 18.56932 ], [ 73.76461, 18.55713 ], [ 73.76368, 18.55395 ], [ 73.76557, 18.54907 ], [ 73.7682, 18.54673 ], [ 73.76825, 18.54488 ], [ 73.76705, 18.54342 ], [ 73.77349, 18.54581 ], [ 73.77734, 18.54911 ], [ 73.78548, 18.54911 ], [ 73.78772, 18.55311 ], [ 73.80479, 18.55159 ] ] ] } },
{ "type": "Feature", "properties": { "lgd_block_name": "MULSHI", "area_km2": 5.71 }, "geometry": { "type": "Polygon", "coordinates": [ [ [ 73.77759, 18.52704 ], [ 73.77166, 18.52886 ], [ 73.76741, 18.52823 ], [ 73.75782, 18.52893 ], [ 73.75006, 18.53136 ], [ 73.74708, 18.52952 ], [ 73.74655, 18.52364 ], [ 73.74956, 18.52085 ], [ 73.7529, 18.51464 ], [ 73.7559, 18.51416 ], [ 73.75846, 18.51176 ], [ 73.76216, 18.50537 ], [ 73.76615, 18.50627 ], [ 73.7678, 18.50851 ], [ 73.76643, 18.50953 ], [ 73.76884, 18.50954 ], [ 73.7689, 18.51247 ], [ 73.77001, 18.51325 ], [ 73.7721, 18.51219 ], [ 73.77426, 18.51304 ], [ 73.77675, 18.51706 ], [ 73.77549, 18.52118 ], [ 73.77747, 18.52368 ], [ 73.77647, 18.52606 ], [ 73.77759, 18.52704 ] ] ] } },
{ "type": "Feature", "properties": { "lgd_block_name": "PUNE CITY", "area_km2": 4.99 }, "geometry": { "type": "Polygon", "coordinates": [ [ [ 73.77824, 18.52726 ], [ 73.77841, 18.53195 ], [ 73.782, 18.53383 ], [ 73.78376, 18.53678 ], [ 73.78674, 18.53713 ], [ 73.78799, 18.53638 ], [ 73.78876, 18.53751 ], [ 73.78742, 18.53926 ], [ 73.78522, 18.53946 ], [ 73.78625, 18.5435 ], [ 73.77417, 18.54678 ], [ 73.77221, 18.54511 ], [ 73.76876, 18.54435 ], [ 73.75911, 18.53988 ], [ 73.75828, 18.53913 ], [ 73.75838, 18.53754 ], [ 73.75398, 18.53431 ], [ 73.75032, 18.53292 ], [ 73.74987, 18.53124 ], [ 73.75838, 18.52885 ], [ 73.76741, 18.52823 ], [ 73.77166, 18.52886 ], [ 73.77824, 18.52726 ] ] ] } },
{ "type": "Feature", "properties": { "lgd_block_name": "PUNE CITY", "area_km2": 4.84 }, "geometry": { "type": "Polygon", "coordinates": [ [ [ 73.77763, 18.58778 ], [ 73.77479, 18.58861 ], [ 73.7696, 18.58732 ], [ 73.76221, 18.58856 ], [ 73.76073, 18.58802 ], [ 73.76283, 18.57023 ], [ 73.76807, 18.5689 ], [ 73.78871, 18.56786 ], [ 73.79007, 18.57012 ], [ 73.78989, 18.57234 ], [ 73.78131, 18.57872 ], [ 73.77763, 18.58778 ] ] ] } },
{ "type": "Feature", "properties": { "lgd_block_name": "HAVELI", "area_km2": 5.01 }, "geometry": { "type": "Polygon", "coordinates": [ [ [ 73.7852, 18.59232 ], [ 73.78068, 18.59409 ], [ 73.77763, 18.58778 ], [ 73.78131, 18.57872 ], [ 73.78989, 18.57234 ], [ 73.79007, 18.57012 ], [ 73.788, 18.56525 ], [ 73.78903, 18.56425 ], [ 73.79287, 18.56407 ], [ 73.79988, 18.56919 ], [ 73.80298, 18.56968 ], [ 73.80668, 18.56858 ], [ 73.80673, 18.57397 ], [ 73.80054, 18.5799 ], [ 73.80118, 18.58407 ], [ 73.79114, 18.5867 ], [ 73.7852, 18.59232 ] ] ] } },
{ "type": "Feature", "properties": { "lgd_block_name": "HAVELI", "area_km2": 4.7 }, "geometry": { "type": "Polygon", "coordinates": [ [ [ 73.798, 18.62251 ], [ 73.7909, 18.62829 ], [ 73.78909, 18.62737 ], [ 73.78913, 18.62173 ], [ 73.78824, 18.61975 ], [ 73.78566, 18.61683 ], [ 73.784, 18.61169 ], [ 73.777, 18.60361 ], [ 73.78045, 18.5987 ], [ 73.78107, 18.59356 ], [ 73.78519, 18.5923 ], [ 73.79529, 18.60234 ], [ 73.79813, 18.60384 ], [ 73.79633, 18.60808 ], [ 73.7972, 18.6117 ], [ 73.79645, 18.6169 ], [ 73.798, 18.62251 ] ] ] } },
{ "type": "Feature", "properties": { "lgd_block_name": "MULSHI", "area_km2": 4.22 }, "geometry": { "type": "Polygon", "coordinates": [ [ [ 73.78566, 18.61683 ], [ 73.78389, 18.61635 ], [ 73.78231, 18.61736 ], [ 73.77809, 18.62431 ], [ 73.77793, 18.62795 ], [ 73.77447, 18.62765 ], [ 73.76877, 18.62449 ], [ 73.7663, 18.62502 ], [ 73.76104, 18.60816 ], [ 73.76448, 18.60815 ], [ 73.77718, 18.60367 ], [ 73.784, 18.61169 ], [ 73.78566, 18.61683 ] ] ] } },
{ "type": "Feature", "properties": { "lgd_block_name": "MULSHI", "area_km2": 8.72 }, "geometry": { "type": "Polygon", "coordinates": [ [ [ 73.76109, 18.60905 ], [ 73.7489, 18.60867 ], [ 73.74216, 18.6116 ], [ 73.7392, 18.61145 ], [ 73.73858, 18.60659 ], [ 73.7374, 18.6049 ], [ 73.74109, 18.59814 ], [ 73.7438, 18.59591 ], [ 73.74416, 18.59455 ], [ 73.74875, 18.59226 ], [ 73.75094, 18.58797 ], [ 73.75363, 18.58789 ], [ 73.75484, 18.58514 ], [ 73.75591, 18.58569 ], [ 73.7557, 18.5847 ], [ 73.76156, 18.58855 ], [ 73.7681, 18.58729 ], [ 73.77479, 18.58861 ], [ 73.77757, 18.58759 ], [ 73.78071, 18.59382 ], [ 73.78045, 18.5987 ], [ 73.77856, 18.60194 ], [ 73.77699, 18.60361 ], [ 73.77222, 18.60581 ], [ 73.76409, 18.60826 ], [ 73.76111, 18.60805 ], [ 73.76109, 18.60905 ] ] ] } },
{ "type": "Feature", "properties": { "lgd_block_name": "MULSHI", "area_km2": 6.38 }, "geometry": { "type": "Polygon", "coordinates": [ [ [ 73.75352, 18.6336 ], [ 73.75054, 18.6347 ], [ 73.75042, 18.63396 ], [ 73.74927, 18.63428 ], [ 73.74762, 18.63276 ], [ 73.74251, 18.63103 ], [ 73.7403, 18.62716 ], [ 73.73814, 18.61997 ], [ 73.73289, 18.61491 ], [ 73.73996, 18.61355 ], [ 73.7392, 18.61145 ], [ 73.74216, 18.6116 ], [ 73.7489, 18.60867 ], [ 73.76121, 18.60905 ], [ 73.7663, 18.62502 ], [ 73.75427, 18.63126 ], [ 73.75352, 18.6336 ] ] ] } },
{ "type": "Feature", "properties": { "lgd_block_name": "MULSHI", "area_km2": 5.03 }, "geometry": { "type": "Polygon", "coordinates": [ [ [ 73.69282, 18.63361 ], [ 73.69145, 18.63444 ], [ 73.69059, 18.63238 ], [ 73.68932, 18.63363 ], [ 73.68855, 18.63264 ], [ 73.68682, 18.63312 ], [ 73.68619, 18.63199 ], [ 73.68485, 18.63209 ], [ 73.6843, 18.61931 ], [ 73.68529, 18.60752 ], [ 73.6865, 18.60179 ], [ 73.69611, 18.6006 ], [ 73.70051, 18.60363 ], [ 73.70017, 18.6103 ], [ 73.70621, 18.61336 ], [ 73.70766, 18.61771 ], [ 73.69423, 18.62005 ], [ 73.69447, 18.62312 ], [ 73.69367, 18.62448 ], [ 73.69154, 18.62427 ], [ 73.6931, 18.6301 ], [ 73.69282, 18.63361 ] ] ] } },
{ "type": "Feature", "properties": { "lgd_block_name": "MULSHI", "area_km2": 0.77 }, "geometry": { "type": "Polygon", "coordinates": [ [ [ 73.63922, 18.54575 ], [ 73.63942, 18.53681 ], [ 73.64828, 18.53713 ], [ 73.64866, 18.5389 ], [ 73.6479, 18.53918 ], [ 73.6491, 18.53973 ], [ 73.64884, 18.54105 ], [ 73.64964, 18.54142 ], [ 73.64909, 18.54259 ], [ 73.6442, 18.54233 ], [ 73.64396, 18.54361 ], [ 73.64266, 18.54329 ], [ 73.64229, 18.54535 ], [ 73.64048, 18.54628 ], [ 73.63922, 18.54575 ] ] ] } },
{ "type": "Feature", "properties": { "lgd_block_name": "MULSHI", "area_km2": 5.36 }, "geometry": { "type": "Polygon", "coordinates": [ [ [ 73.75352, 18.6336 ], [ 73.75364, 18.64139 ], [ 73.7524, 18.64193 ], [ 73.74756, 18.64046 ], [ 73.74319, 18.64115 ], [ 73.73807, 18.64541 ], [ 73.73667, 18.64468 ], [ 73.73543, 18.64216 ], [ 73.73447, 18.64191 ], [ 73.73221, 18.64371 ], [ 73.72858, 18.6326 ], [ 73.72202, 18.61753 ], [ 73.72877, 18.61664 ], [ 73.73289, 18.61491 ], [ 73.73814, 18.61997 ], [ 73.7403, 18.62716 ], [ 73.74251, 18.63103 ], [ 73.74762, 18.63276 ], [ 73.74927, 18.63428 ], [ 73.75042, 18.63396 ], [ 73.75054, 18.6347 ], [ 73.75352, 18.6336 ] ] ] } },
{ "type": "Feature", "properties": { "lgd_block_name": "HAVELI", "area_km2": 7.95 }, "geometry": { "type": "Polygon", "coordinates": [ [ [ 73.74084, 18.68326 ], [ 73.7247, 18.68286 ], [ 73.72488, 18.68065 ], [ 73.72053, 18.67101 ], [ 73.71746, 18.668 ], [ 73.71306, 18.65695 ], [ 73.71588, 18.65439 ], [ 73.71673, 18.65494 ], [ 73.72022, 18.6532 ], [ 73.72354, 18.64746 ], [ 73.72602, 18.64743 ], [ 73.72851, 18.65213 ], [ 73.73358, 18.65862 ], [ 73.73496, 18.66237 ], [ 73.74276, 18.66659 ], [ 73.74797, 18.67116 ], [ 73.7488, 18.67287 ], [ 73.74552, 18.6781 ], [ 73.74084, 18.68326 ] ] ] } },
{ "type": "Feature", "properties": { "lgd_block_name": "HAVELI", "area_km2": 2.89 }, "geometry": { "type": "Polygon", "coordinates": [ [ [ 73.70995, 18.6881 ], [ 73.71181, 18.68513 ], [ 73.71189, 18.68329 ], [ 73.71026, 18.66083 ], [ 73.71333, 18.6573 ], [ 73.71746, 18.668 ], [ 73.72053, 18.67101 ], [ 73.72439, 18.6793 ], [ 73.7247, 18.68286 ], [ 73.71961, 18.68619 ], [ 73.70995, 18.6881 ] ] ] } },
{ "type": "Feature", "properties": { "lgd_block_name": "MAVAL", "area_km2": 26.48 }, "geometry": { "type": "Polygon", "coordinates": [ [ [ 73.70883, 18.74345 ], [ 73.70121, 18.74882 ], [ 73.69775, 18.74381 ], [ 73.68486, 18.74103 ], [ 73.6779, 18.742 ], [ 73.67692, 18.74096 ], [ 73.67339, 18.74107 ], [ 73.66858, 18.74207 ], [ 73.66491, 18.73816 ], [ 73.66171, 18.73617 ], [ 73.65616, 18.7271 ], [ 73.65286, 18.72293 ], [ 73.651, 18.72321 ], [ 73.64931, 18.72011 ], [ 73.65432, 18.71653 ], [ 73.65606, 18.71641 ], [ 73.65841, 18.71479 ], [ 73.66266, 18.71432 ], [ 73.66703, 18.71187 ], [ 73.68071, 18.70922 ], [ 73.68415, 18.71047 ], [ 73.6867, 18.70893 ], [ 73.69013, 18.69622 ], [ 73.70545, 18.69272 ], [ 73.70995, 18.6881 ], [ 73.71696, 18.68654 ], [ 73.71918, 18.69446 ], [ 73.72048, 18.70543 ], [ 73.71498, 18.70429 ], [ 73.71204, 18.70841 ], [ 73.7122, 18.71155 ], [ 73.71368, 18.714 ], [ 73.70922, 18.72425 ], [ 73.70965, 18.72689 ], [ 73.71227, 18.73183 ], [ 73.7134, 18.73776 ], [ 73.70883, 18.74345 ] ] ] } },
{ "type": "Feature", "properties": { "lgd_block_name": "HAVELI", "area_km2": 6.83 }, "geometry": { "type": "Polygon", "coordinates": [ [ [ 73.74327, 18.70209 ], [ 73.73838, 18.70186 ], [ 73.72995, 18.70721 ], [ 73.71969, 18.70588 ], [ 73.72048, 18.70543 ], [ 73.72032, 18.70151 ], [ 73.71695, 18.6865 ], [ 73.71976, 18.68612 ], [ 73.7247, 18.68286 ], [ 73.74084, 18.68326 ], [ 73.74499, 18.68829 ], [ 73.74874, 18.69568 ], [ 73.75315, 18.69784 ], [ 73.74327, 18.70209 ] ] ] } },
{ "type": "Feature", "properties": { "lgd_block_name": "MAVAL", "area_km2": 2.22 }, "geometry": { "type": "Polygon", "coordinates": [ [ [ 73.65257, 18.75202 ], [ 73.6541, 18.75095 ], [ 73.65206, 18.74931 ], [ 73.65277, 18.74894 ], [ 73.65211, 18.7446 ], [ 73.65271, 18.73993 ], [ 73.66176, 18.73614 ], [ 73.66858, 18.74207 ], [ 73.66986, 18.74198 ], [ 73.66943, 18.74622 ], [ 73.66741, 18.74618 ], [ 73.66341, 18.75121 ], [ 73.6572, 18.75016 ], [ 73.65515, 18.75179 ], [ 73.65257, 18.75202 ] ] ] } },
{ "type": "Feature", "properties": { "lgd_block_name": "MAVAL", "area_km2": 10.68 }, "geometry": { "type": "Polygon", "coordinates": [ [ [ 73.63219, 18.7533 ], [ 73.63038, 18.75233 ], [ 73.62857, 18.7543 ], [ 73.62747, 18.75284 ], [ 73.6258, 18.75328 ], [ 73.62544, 18.74148 ], [ 73.62276, 18.73611 ], [ 73.62105, 18.73511 ], [ 73.61899, 18.72911 ], [ 73.62744, 18.7253 ], [ 73.63724, 18.7257 ], [ 73.6447, 18.72045 ], [ 73.64933, 18.71991 ], [ 73.651, 18.72321 ], [ 73.65286, 18.72293 ], [ 73.65616, 18.7271 ], [ 73.66171, 18.73617 ], [ 73.65224, 18.74042 ], [ 73.65277, 18.74894 ], [ 73.65206, 18.74931 ], [ 73.6541, 18.75095 ], [ 73.65293, 18.75187 ], [ 73.65113, 18.75207 ], [ 73.65102, 18.75046 ], [ 73.6478, 18.75107 ], [ 73.64559, 18.74955 ], [ 73.64391, 18.75028 ], [ 73.64379, 18.75162 ], [ 73.6426, 18.75253 ], [ 73.64044, 18.75154 ], [ 73.63933, 18.7533 ], [ 73.63769, 18.75235 ], [ 73.63639, 18.75411 ], [ 73.63403, 18.75146 ], [ 73.63219, 18.7533 ] ] ] } },
{ "type": "Feature", "properties": { "lgd_block_name": "KHED", "area_km2": 1.45 }, "geometry": { "type": "Polygon", "coordinates": [ [ [ 73.81748, 18.942 ], [ 73.81002, 18.94968 ], [ 73.80809, 18.94894 ], [ 73.80776, 18.94659 ], [ 73.80522, 18.94703 ], [ 73.80314, 18.94453 ], [ 73.80588, 18.94173 ], [ 73.80786, 18.93629 ], [ 73.81418, 18.93367 ], [ 73.81748, 18.942 ] ] ] } },
{ "type": "Feature", "properties": { "lgd_block_name": "KHED", "area_km2": 19.09 }, "geometry": { "type": "Polygon", "coordinates": [ [ [ 73.82099, 18.99665 ], [ 73.81707, 18.9932 ], [ 73.81379, 18.99344 ], [ 73.80741, 18.99116 ], [ 73.80611, 18.99157 ], [ 73.80451, 18.99345 ], [ 73.80783, 18.99681 ], [ 73.80818, 18.99875 ], [ 73.80627, 19.00075 ], [ 73.805, 19.00114 ], [ 73.80263, 19.0002 ], [ 73.80246, 19.00149 ], [ 73.79368, 18.99696 ], [ 73.79193, 18.99778 ], [ 73.79196, 18.99935 ], [ 73.79379, 19.00104 ], [ 73.79435, 19.00908 ], [ 73.78994, 19.00932 ], [ 73.78551, 19.01321 ], [ 73.78274, 19.00997 ], [ 73.78129, 19.01477 ], [ 73.77949, 19.01577 ], [ 73.77273, 19.01456 ], [ 73.77212, 19.01506 ], [ 73.77392, 19.00354 ], [ 73.77286, 18.9987 ], [ 73.77432, 18.99548 ], [ 73.77123, 18.98732 ], [ 73.76733, 18.9843 ], [ 73.76596, 18.98092 ], [ 73.76188, 18.97668 ], [ 73.76128, 18.96861 ], [ 73.76242, 18.96796 ], [ 73.76455, 18.96841 ], [ 73.76872, 18.97244 ], [ 73.77149, 18.97364 ], [ 73.77358, 18.97344 ], [ 73.77589, 18.96862 ], [ 73.7759, 18.9637 ], [ 73.77688, 18.96225 ], [ 73.78058, 18.95779 ], [ 73.78578, 18.95565 ], [ 73.78815, 18.95568 ], [ 73.78965, 18.96378 ], [ 73.79245, 18.96948 ], [ 73.79544, 18.9709 ], [ 73.80033, 18.97649 ], [ 73.80595, 18.9778 ], [ 73.81033, 18.98003 ], [ 73.82233, 18.99383 ], [ 73.82099, 18.99665 ] ] ] } },
{ "type": "Feature", "properties": { "lgd_block_name": "KHED", "area_km2": 18.2 }, "geometry": { "type": "Polygon", "coordinates": [ [ [ 73.75551, 18.92204 ], [ 73.75143, 18.92509 ], [ 73.74853, 18.92409 ], [ 73.73205, 18.9247 ], [ 73.7308, 18.92335 ], [ 73.72374, 18.92228 ], [ 73.71757, 18.91576 ], [ 73.71464, 18.91576 ], [ 73.71233, 18.91092 ], [ 73.71411, 18.90549 ], [ 73.70855, 18.89961 ], [ 73.70805, 18.89702 ], [ 73.70585, 18.8942 ], [ 73.70782, 18.89063 ], [ 73.70849, 18.88631 ], [ 73.7075, 18.87965 ], [ 73.70521, 18.87455 ], [ 73.70348, 18.87385 ], [ 73.70104, 18.8708 ], [ 73.71, 18.87194 ], [ 73.71893, 18.87116 ], [ 73.71951, 18.87621 ], [ 73.71723, 18.87663 ], [ 73.71898, 18.89147 ], [ 73.71785, 18.89558 ], [ 73.71871, 18.89973 ], [ 73.72324, 18.89868 ], [ 73.73198, 18.89329 ], [ 73.73708, 18.88881 ], [ 73.74012, 18.88306 ], [ 73.74565, 18.88274 ], [ 73.74941, 18.88082 ], [ 73.75047, 18.87929 ], [ 73.74885, 18.86834 ], [ 73.74708, 18.86459 ], [ 73.76377, 18.85723 ], [ 73.76453, 18.85778 ], [ 73.76458, 18.85622 ], [ 73.76788, 18.85664 ], [ 73.77007, 18.85567 ], [ 73.7716, 18.85975 ], [ 73.77552, 18.8633 ], [ 73.77845, 18.86858 ], [ 73.78054, 18.8771 ], [ 73.7792, 18.87695 ], [ 73.77718, 18.87887 ], [ 73.77515, 18.87914 ], [ 73.77501, 18.87772 ], [ 73.7722, 18.8775 ], [ 73.76894, 18.87564 ], [ 73.76535, 18.87776 ], [ 73.76087, 18.87829 ], [ 73.75671, 18.88358 ], [ 73.75668, 18.88689 ], [ 73.74927, 18.88852 ], [ 73.74383, 18.89232 ], [ 73.72892, 18.89859 ], [ 73.7265, 18.90393 ], [ 73.72842, 18.91041 ], [ 73.73256, 18.91065 ], [ 73.73865, 18.91847 ], [ 73.74584, 18.92033 ], [ 73.74691, 18.92195 ], [ 73.75551, 18.92204 ] ] ] } },
{ "type": "Feature", "properties": { "lgd_block_name": "JUNNAR", "area_km2": 1.25 }, "geometry": { "type": "Polygon", "coordinates": [ [ [ 73.84922, 19.16926 ], [ 73.84467, 19.17041 ], [ 73.84454, 19.16904 ], [ 73.84116, 19.16751 ], [ 73.84124, 19.16367 ], [ 73.84371, 19.1602 ], [ 73.84763, 19.16013 ], [ 73.85169, 19.15615 ], [ 73.85341, 19.15623 ], [ 73.85174, 19.15761 ], [ 73.85471, 19.16437 ], [ 73.85404, 19.16462 ], [ 73.8545, 19.16614 ], [ 73.85148, 19.16571 ], [ 73.84922, 19.16926 ] ] ] } },
{ "type": "Feature", "properties": { "lgd_block_name": "JUNNAR", "area_km2": 1.83 }, "geometry": { "type": "Polygon", "coordinates": [ [ [ 73.86459, 19.2186 ], [ 73.86449, 19.21735 ], [ 73.86612, 19.21673 ], [ 73.86916, 19.21733 ], [ 73.871, 19.21525 ], [ 73.87418, 19.21503 ], [ 73.8754, 19.21399 ], [ 73.87439, 19.21118 ], [ 73.87232, 19.21152 ], [ 73.87086, 19.20857 ], [ 73.86963, 19.20858 ], [ 73.8697, 19.20732 ], [ 73.87137, 19.20688 ], [ 73.87079, 19.20535 ], [ 73.87313, 19.20472 ], [ 73.87234, 19.20385 ], [ 73.87334, 19.20367 ], [ 73.87433, 19.20482 ], [ 73.87953, 19.20494 ], [ 73.8854, 19.20346 ], [ 73.88639, 19.20475 ], [ 73.88312, 19.20538 ], [ 73.88367, 19.20737 ], [ 73.88704, 19.20662 ], [ 73.88929, 19.20894 ], [ 73.88592, 19.20879 ], [ 73.88454, 19.21038 ], [ 73.88302, 19.21034 ], [ 73.8852, 19.21537 ], [ 73.88103, 19.21633 ], [ 73.87581, 19.21414 ], [ 73.87239, 19.21817 ], [ 73.86459, 19.2186 ] ] ] } },
{ "type": "Feature", "properties": { "lgd_block_name": "JUNNAR", "area_km2": 1.26 }, "geometry": { "type": "Polygon", "coordinates": [ [ [ 73.89592, 19.21052 ], [ 73.88923, 19.20915 ], [ 73.88704, 19.20662 ], [ 73.88367, 19.20737 ], [ 73.88312, 19.20538 ], [ 73.89008, 19.20498 ], [ 73.88945, 19.20211 ], [ 73.89023, 19.2012 ], [ 73.89363, 19.20052 ], [ 73.89689, 19.19842 ], [ 73.89717, 19.20136 ], [ 73.89856, 19.20121 ], [ 73.90126, 19.20761 ], [ 73.89786, 19.20771 ], [ 73.89592, 19.21052 ] ] ] } },
{ "type": "Feature", "properties": { "lgd_block_name": "JUNNAR", "area_km2": 6.26 }, "geometry": { "type": "Polygon", "coordinates": [ [ [ 73.86577, 19.30417 ], [ 73.86443, 19.29846 ], [ 73.86715, 19.28723 ], [ 73.8786, 19.28243 ], [ 73.88168, 19.28307 ], [ 73.88609, 19.28174 ], [ 73.89152, 19.28309 ], [ 73.89563, 19.28241 ], [ 73.89958, 19.29203 ], [ 73.89189, 19.29567 ], [ 73.88872, 19.29846 ], [ 73.88083, 19.30161 ], [ 73.86577, 19.30417 ] ] ] } },
{ "type": "Feature", "properties": { "lgd_block_name": "JUNNAR", "area_km2": 19.92 }, "geometry": { "type": "Polygon", "coordinates": [ [ [ 73.90366, 19.32707 ], [ 73.90226, 19.32646 ], [ 73.89342, 19.32813 ], [ 73.89052, 19.33001 ], [ 73.887, 19.33061 ], [ 73.88497, 19.33274 ], [ 73.87913, 19.33582 ], [ 73.874, 19.3374 ], [ 73.86973, 19.3374 ], [ 73.86639, 19.32732 ], [ 73.86362, 19.3261 ], [ 73.86293, 19.3232 ], [ 73.86269, 19.31116 ], [ 73.86548, 19.31152 ], [ 73.86823, 19.30997 ], [ 73.86577, 19.30417 ], [ 73.88083, 19.30161 ], [ 73.88872, 19.29846 ], [ 73.89189, 19.29567 ], [ 73.89979, 19.29181 ], [ 73.90353, 19.29097 ], [ 73.90393, 19.29346 ], [ 73.90977, 19.29196 ], [ 73.91033, 19.29314 ], [ 73.90959, 19.29356 ], [ 73.90974, 19.29485 ], [ 73.91208, 19.29783 ], [ 73.9129, 19.30154 ], [ 73.91628, 19.3046 ], [ 73.91884, 19.31232 ], [ 73.91923, 19.31644 ], [ 73.91778, 19.32718 ], [ 73.91683, 19.32651 ], [ 73.91477, 19.32767 ], [ 73.91392, 19.32603 ], [ 73.90366, 19.32707 ] ] ] } },
{ "type": "Feature", "properties": { "lgd_block_name": "JUNNAR", "area_km2": 10.33 }, "geometry": { "type": "Polygon", "coordinates": [ [ [ 74.15689, 19.19877 ], [ 74.1566, 19.21233 ], [ 74.15403, 19.21482 ], [ 74.15324, 19.21971 ], [ 74.1552, 19.22035 ], [ 74.1535, 19.2217 ], [ 74.15192, 19.22169 ], [ 74.1513, 19.22573 ], [ 74.13028, 19.22394 ], [ 74.12605, 19.22238 ], [ 74.12461, 19.2197 ], [ 74.12477, 19.21505 ], [ 74.12201, 19.21043 ], [ 74.11915, 19.19641 ], [ 74.12451, 19.1951 ], [ 74.12271, 19.19184 ], [ 74.12576, 19.19073 ], [ 74.13101, 19.19521 ], [ 74.13147, 19.19662 ], [ 74.13518, 19.1959 ], [ 74.13556, 19.19745 ], [ 74.13485, 19.19807 ], [ 74.1358, 19.1985 ], [ 74.14303, 19.20021 ], [ 74.15689, 19.19877 ] ] ] } },
{ "type": "Feature", "properties": { "lgd_block_name": "DAUND", "area_km2": 6.54 }, "geometry": { "type": "Polygon", "coordinates": [ [ [ 74.57648, 18.45389 ], [ 74.56776, 18.43779 ], [ 74.57105, 18.43689 ], [ 74.57058, 18.43072 ], [ 74.5827, 18.42987 ], [ 74.58172, 18.42803 ], [ 74.58257, 18.42779 ], [ 74.58286, 18.42586 ], [ 74.58432, 18.42597 ], [ 74.5846, 18.42786 ], [ 74.58978, 18.42878 ], [ 74.59135, 18.43055 ], [ 74.59208, 18.42882 ], [ 74.59537, 18.42921 ], [ 74.59744, 18.434 ], [ 74.59602, 18.43832 ], [ 74.5946, 18.44992 ], [ 74.57648, 18.45389 ] ] ] } },
{ "type": "Feature", "properties": { "lgd_block_name": "DAUND", "area_km2": 9.26 }, "geometry": { "type": "Polygon", "coordinates": [ [ [ 74.77944, 18.32811 ], [ 74.78293, 18.33719 ], [ 74.77865, 18.33772 ], [ 74.78109, 18.34657 ], [ 74.77255, 18.34714 ], [ 74.77332, 18.34951 ], [ 74.77258, 18.34953 ], [ 74.77299, 18.35284 ], [ 74.77091, 18.35378 ], [ 74.77157, 18.35652 ], [ 74.76185, 18.35856 ], [ 74.7599, 18.36 ], [ 74.74835, 18.36142 ], [ 74.74617, 18.3573 ], [ 74.74551, 18.35226 ], [ 74.75309, 18.33907 ], [ 74.75963, 18.33011 ], [ 74.77944, 18.32811 ] ] ] } },
{ "type": "Feature", "properties": { "lgd_block_name": "INDAPUR", "area_km2": 6.49 }, "geometry": { "type": "Polygon", "coordinates": [ [ [ 74.78393, 18.31486 ], [ 74.77597, 18.31615 ], [ 74.77547, 18.31468 ], [ 74.77651, 18.31387 ], [ 74.77359, 18.30559 ], [ 74.76892, 18.30277 ], [ 74.76707, 18.29963 ], [ 74.76569, 18.30035 ], [ 74.76602, 18.3017 ], [ 74.76426, 18.30181 ], [ 74.75821, 18.30717 ], [ 74.75058, 18.31126 ], [ 74.74787, 18.30339 ], [ 74.7496, 18.30157 ], [ 74.74986, 18.29839 ], [ 74.75188, 18.29498 ], [ 74.76256, 18.2888 ], [ 74.76754, 18.2898 ], [ 74.77106, 18.29193 ], [ 74.77583, 18.29165 ], [ 74.77856, 18.29029 ], [ 74.78323, 18.29923 ], [ 74.78393, 18.31486 ] ] ] } },
{ "type": "Feature", "properties": { "lgd_block_name": "BARAMATI", "area_km2": 20.33 }, "geometry": { "type": "Polygon", "coordinates": [ [ [ 74.59716, 18.22162 ], [ 74.58767, 18.21733 ], [ 74.58134, 18.21212 ], [ 74.57742, 18.20714 ], [ 74.56627, 18.20166 ], [ 74.56637, 18.19726 ], [ 74.56427, 18.18492 ], [ 74.56627, 18.17117 ], [ 74.57059, 18.17089 ], [ 74.57522, 18.16916 ], [ 74.58725, 18.16671 ], [ 74.59102, 18.17062 ], [ 74.59247, 18.17352 ], [ 74.59721, 18.17725 ], [ 74.60025, 18.17766 ], [ 74.60509, 18.17581 ], [ 74.60756, 18.19804 ], [ 74.60738, 18.20653 ], [ 74.60911, 18.21469 ], [ 74.60421, 18.21885 ], [ 74.59716, 18.22162 ] ] ] } },
{ "type": "Feature", "properties": { "lgd_block_name": "BARAMATI", "area_km2": 4.29 }, "geometry": { "type": "Polygon", "coordinates": [ [ [ 74.61095, 18.19563 ], [ 74.60887, 18.19624 ], [ 74.60861, 18.19474 ], [ 74.60709, 18.19515 ], [ 74.60629, 18.18149 ], [ 74.60509, 18.17581 ], [ 74.61123, 18.17543 ], [ 74.61242, 18.17332 ], [ 74.6159, 18.17296 ], [ 74.61582, 18.17132 ], [ 74.62308, 18.17064 ], [ 74.62202, 18.17698 ], [ 74.62717, 18.1876 ], [ 74.62757, 18.19182 ], [ 74.62071, 18.19235 ], [ 74.61978, 18.19 ], [ 74.61066, 18.19445 ], [ 74.61095, 18.19563 ] ] ] } },
{ "type": "Feature", "properties": { "lgd_block_name": "BARAMATI", "area_km2": 12.97 }, "geometry": { "type": "Polygon", "coordinates": [ [ [ 74.59822, 18.17752 ], [ 74.59247, 18.17352 ], [ 74.59102, 18.17062 ], [ 74.58698, 18.16673 ], [ 74.58443, 18.15326 ], [ 74.58596, 18.14695 ], [ 74.60149, 18.14625 ], [ 74.61538, 18.14425 ], [ 74.62254, 18.14865 ], [ 74.62795, 18.14982 ], [ 74.62709, 18.16189 ], [ 74.62307, 18.17064 ], [ 74.61582, 18.17132 ], [ 74.6159, 18.17296 ], [ 74.61242, 18.17332 ], [ 74.61123, 18.17543 ], [ 74.60684, 18.17535 ], [ 74.6024, 18.17725 ], [ 74.59822, 18.17752 ] ] ] } },
{ "type": "Feature", "properties": { "lgd_block_name": "INDAPUR", "area_km2": 0.65 }, "geometry": { "type": "Polygon", "coordinates": [ [ [ 74.69695, 18.08164 ], [ 74.69242, 18.08193 ], [ 74.68705, 18.07221 ], [ 74.69138, 18.06947 ], [ 74.69695, 18.08164 ] ] ] } },
{ "type": "Feature", "properties": { "lgd_block_name": "INDAPUR", "area_km2": 7.45 }, "geometry": { "type": "Polygon", "coordinates": [ [ [ 74.77248, 18.11768 ], [ 74.77185, 18.11718 ], [ 74.76711, 18.11983 ], [ 74.75998, 18.11328 ], [ 74.75954, 18.11071 ], [ 74.7452, 18.10041 ], [ 74.74201, 18.10041 ], [ 74.73919, 18.10163 ], [ 74.73842, 18.10117 ], [ 74.73872, 18.09877 ], [ 74.74186, 18.09741 ], [ 74.74097, 18.09512 ], [ 74.74294, 18.09483 ], [ 74.74138, 18.08726 ], [ 74.76076, 18.0878 ], [ 74.7614, 18.08891 ], [ 74.7632, 18.08913 ], [ 74.76364, 18.08797 ], [ 74.76799, 18.08717 ], [ 74.76935, 18.09068 ], [ 74.76748, 18.09083 ], [ 74.7677, 18.09325 ], [ 74.76435, 18.09441 ], [ 74.76469, 18.0963 ], [ 74.76699, 18.09883 ], [ 74.76603, 18.10053 ], [ 74.76659, 18.10186 ], [ 74.76825, 18.10435 ], [ 74.77602, 18.10402 ], [ 74.77628, 18.11285 ], [ 74.77248, 18.11768 ] ] ] } },
{ "type": "Feature", "properties": { "lgd_block_name": "INDAPUR", "area_km2": 2.99 }, "geometry": { "type": "Polygon", "coordinates": [ [ [ 74.77602, 18.10402 ], [ 74.76825, 18.10435 ], [ 74.76603, 18.10053 ], [ 74.76699, 18.09883 ], [ 74.76469, 18.0963 ], [ 74.76457, 18.09391 ], [ 74.7677, 18.09325 ], [ 74.76748, 18.09083 ], [ 74.76935, 18.09068 ], [ 74.76674, 18.08438 ], [ 74.76559, 18.08344 ], [ 74.7689, 18.07713 ], [ 74.77669, 18.07779 ], [ 74.77701, 18.07848 ], [ 74.77602, 18.10402 ] ] ] } },
{ "type": "Feature", "properties": { "lgd_block_name": "INDAPUR", "area_km2": 42.05 }, "geometry": { "type": "Polygon", "coordinates": [ [ [ 74.969, 18.14691 ], [ 74.96783, 18.14577 ], [ 74.9701, 18.1441 ], [ 74.96894, 18.1395 ], [ 74.96446, 18.13723 ], [ 74.96362, 18.13428 ], [ 74.9948, 18.12641 ], [ 75.01049, 18.12 ], [ 75.01507, 18.11733 ], [ 75.02008, 18.11239 ], [ 75.02021, 18.10973 ], [ 74.99779, 18.11008 ], [ 74.996, 18.102 ], [ 74.99702, 18.09671 ], [ 74.99538, 18.09428 ], [ 74.99156, 18.09524 ], [ 74.99103, 18.09318 ], [ 74.9937, 18.08894 ], [ 74.99741, 18.07935 ], [ 75.00075, 18.0772 ], [ 75.00581, 18.07022 ], [ 75.0091, 18.06863 ], [ 75.013, 18.06489 ], [ 75.01384, 18.05995 ], [ 75.01562, 18.05985 ], [ 75.01881, 18.06179 ], [ 75.02706, 18.05939 ], [ 75.03009, 18.0628 ], [ 75.03523, 18.06519 ], [ 75.03591, 18.07716 ], [ 75.03278, 18.08785 ], [ 75.03298, 18.08956 ], [ 75.03893, 18.09398 ], [ 75.04054, 18.09732 ], [ 75.04392, 18.09338 ], [ 75.05245, 18.09683 ], [ 75.05815, 18.0979 ], [ 75.05766, 18.10067 ], [ 75.05221, 18.10205 ], [ 75.05269, 18.10421 ], [ 75.04755, 18.10451 ], [ 75.04729, 18.11244 ], [ 75.0516, 18.11421 ], [ 75.0516, 18.119 ], [ 75.04805, 18.11882 ], [ 75.04751, 18.12195 ], [ 75.04856, 18.12246 ], [ 75.04687, 18.12626 ], [ 75.04261, 18.12866 ], [ 75.04316, 18.13049 ], [ 75.04037, 18.13122 ], [ 75.04128, 18.13307 ], [ 75.03124, 18.13579 ], [ 75.02815, 18.13344 ], [ 75.02808, 18.13724 ], [ 75.01997, 18.14003 ], [ 75.01769, 18.13915 ], [ 75.0163, 18.14397 ], [ 75.00933, 18.14164 ], [ 75.00781, 18.14933 ], [ 75.00032, 18.14939 ], [ 74.99684, 18.14849 ], [ 74.99688, 18.14956 ], [ 74.9941, 18.1498 ], [ 74.99183, 18.15341 ], [ 74.99123, 18.1489 ], [ 74.99407, 18.14206 ], [ 74.99296, 18.13278 ], [ 74.99105, 18.13214 ], [ 74.98672, 18.13252 ], [ 74.97326, 18.1462 ], [ 74.969, 18.14691 ] ] ] } },
{ "type": "Feature", "properties": { "lgd_block_name": "INDAPUR", "area_km2": 10.97 }, "geometry": { "type": "Polygon", "coordinates": [ [ [ 75.11193, 18.20503 ], [ 75.10813, 18.21711 ], [ 75.1047, 18.22083 ], [ 75.09574, 18.22101 ], [ 75.08739, 18.21984 ], [ 75.08563, 18.20926 ], [ 75.08546, 18.19446 ], [ 75.08273, 18.19284 ], [ 75.08265, 18.18988 ], [ 75.08446, 18.18898 ], [ 75.0859, 18.18457 ], [ 75.10844, 18.18141 ], [ 75.11034, 18.18705 ], [ 75.11213, 18.20168 ], [ 75.11193, 18.20503 ] ] ] } }
]
}
